tree
version=v4
num_class=1
num_tree_per_iteration=1
label_index=0
max_feature_idx=12
objective=binary sigmoid:1
feature_names=temperature_c relative_humidity_pct wind_speed_kmh vpd_kpa hcfm_pct pi_m0_pct slope_degrees elevation_m fuel_forest_fraction fuel_shrub_fraction fuel_grass_fraction fuel_total_fraction prior_fire_density_h3
feature_infos=[16.100000000000001:42] [8:67.400000000000006] [18:60] [0.59999999999999998:7.54] [1.98:17.800000000000001] [9.0999999999999996:100] [0.00046538873327861552:35.442691215236231] [10:1945.4076470039288] [0:0.75414491344463597] [0:0.76795903735250137] [0:0.66589545951475793] [0.17769691623708539:1] [1:140]
tree_sizes=2202 2276 2285 2286 2277 2284 2290 2279 2290 2271 2273 2283 2287 2301 2271 2275 2275 2280 2273 2280 2274 2269 2291 2278 2271 2286 2282 2296 2274 2276 2279 2272 2296 2282 2280 2286 2297 2289 2284 2264 2302 2289 2297 2290 2299 2294 2300 2299 2298 2292 2296 2285 2278 2292 2296 2281 2298 2288 2300 2307 2289 2294 2296 2300 2280 2265 2294 2303 2288 2268 2300 2290 2291 2281 2291 2285 2296 2286 2302 2295 2279 2282 2282 2292 2292 2283 2289 2287 2270 2281 2276 2276 2267 2270 2284 2268 2280 2170 2271 2279 2293 2288 2285 2294 2283 2285 2284 2295 2291 2272 2296 2302 2292 2290 2305 2278 2293 2274 2293 2299 2288 2296 2299 2284 2258 2277 2302 2307 2286 2298 2295 2294 1842 2087 2295 2278 2294 2286 2283 2299 2286 2287 2286 2264 1627 2297 2299 1741 2285 2293

Tree=0
num_leaves=20
num_cat=0
split_feature=12 12 12 7 12 12 1 7 8 7 7 3 2 1 2 8 7 7 11
split_gain=821.206 165.654 56.6856 47.9769 22.6004 20.6398 19.242 18.1849 24.6863 13.674 13.309 14.0651 11.3456 11.415 10.1495 9.33447 8.95281 18.952 12.9418
threshold=5.5000000000000009 1.5000000000000002 16.500000000000004 438.39240052954966 2.5000000000000004 7.5000000000000009 24.050000000000004 70.589610008270157 0.34685712219904458 636.45379877027869 766.96674707323325 4.4850000000000012 25.650000000000002 12.850000000000003 46.95000000000001 0.17909575231284175 448.47588058953778 276.26599818487449 0.67059772286169872
decision_type=2 2 2 2 2 2 2 2 2 2 2 2 2 2 2 2 2 2 2
left_child=1 6 5 4 15 12 7 8 -1 -9 11 -5 -2 -14 -6 -3 17 -8 -18
right_child=2 3 -4 10 14 -7 16 9 -10 -11 -12 -13 13 -15 -16 -17 18 -19 -20
leaf_value=-2.3777359992556382 -2.4502498768296661 -2.4557430942586871 -2.466502815904676 -2.4323161286709207 -2.4448071261415136 -2.4571782470795611 -2.4223412394659425 -2.4168460198737014 -2.4198939725779329 -2.4279386861931975 -2.4478035844695163 -2.4220907781960563 -2.4054755346272119 -2.440818028419999 -2.3933067820305043 -2.4333345914223199 -2.4648563874625125 -2.4419149038090899 -2.4136964536124195
leaf_weight=23.776117652654648 176.91794377565384 17.573652178049088 508.23297454416752 236.6535934060812 452.85381852090359 432.91732235252857 109.50305117666721 651.84958583116531 26.360478267073631 118.14219951629639 29.609388753771782 247.87710236012936 9.5990537106990796 57.446644514799118 3.4704271107912055 348.66716632246971 4.7995268553495398 75.020296692848206 61.13858824968338
leaf_count=322 2396 238 6883 3205 6133 5863 1483 8828 357 1600 401 3357 130 778 47 4722 65 1016 828
internal_value=-2.43849 -2.42842 -2.45893 -2.43547 -2.43996 -2.45325 -2.41963 -2.41741 -2.3999 -2.41855 -2.42828 -2.42709 -2.44627 -2.43576 -2.44442 -2.43441 -2.42691 -2.4303 -2.41742
internal_weight=3592.41 2407.29 1185.11 1336.71 822.565 676.881 1070.59 820.128 50.1366 769.992 514.14 484.531 243.964 67.0457 456.324 366.241 250.461 184.523 65.9381
internal_count=48652 32602 16050 18103 11140 9167 14499 11107 679 10428 6963 6562 3304 908 6180 4960 3392 2499 893
is_linear=0
shrinkage=1


Tree=1
num_leaves=20
num_cat=0
split_feature=12 12 12 7 12 12 1 7 8 8 9 6 2 8 1 2 8 7 7
split_gain=779.651 151.642 56.5001 44.6875 24.3923 21.325 17.3275 15.9591 20.9865 13.4303 13.14 18.759 10.8267 10.7492 10.4358 9.28276 8.84554 8.31062 12.7406
threshold=5.5000000000000009 1.5000000000000002 20.500000000000004 438.39240052954966 7.5000000000000009 2.5000000000000004 24.050000000000004 70.589610008270157 0.34685712219904458 0.14632943131559237 0.3507018513483886 23.966965289482353 25.650000000000002 0.28098683202004521 12.850000000000003 46.95000000000001 0.17909575231284175 10.030871167710986 448.47588058953778
decision_type=2 2 2 2 2 2 2 2 2 2 2 2 2 2 2 2 2 2 2
left_child=1 6 4 5 12 16 7 8 -1 -9 13 -12 -2 -5 -14 -7 -3 -8 -19
right_child=2 3 -4 10 -6 15 17 9 -10 -11 11 -13 14 -15 -16 -17 -18 18 -20
leaf_value=0.055970508618437532 -0.011523873848562662 -0.016985579531820099 -0.029476460110808952 0.015937912434792745 -0.019079921487182006 -0.0061624591732829708 0.026045718458850023 -0.0089380353850493054 0.017753238238887581 0.01956853772358659 0.015423151920281217 0.084962052278481484 0.031136178637506014 0.0037367263406836672 -0.0022644053443230975 0.042176394945355591 0.0049771186644951195 0.0044403387548155107 0.020069631075405915
leaf_weight=25.013149261474609 175.17802059650421 17.320564985275269 390.88262468576431 85.212823659181595 531.67679338902235 450.4567811191082 29.638649940490723 15.168218895792959 26.774469092488289 767.80079619586468 156.02573063224554 3.5712835863232604 9.8679796606302244 273.75854612141848 57.334382697939873 3.6040263995528212 350.17811228334904 156.16134411096573 67.115638166666031
leaf_count=322 2396 238 5420 1144 7326 6133 396 202 357 10226 2095 48 130 3676 778 47 4722 2103 893
internal_value=-4.16754e-06 0.00967646 -0.0201791 0.00292186 -0.0154842 -0.0014305 0.0179989 0.0200831 0.036212 0.0190163 0.00981723 0.0169792 -0.00759676 0.00663305 0.00264013 -0.00577878 0.003942 0.0111197 0.0091384
internal_weight=3592.74 2427.8 1164.94 1340.13 774.057 821.559 1087.67 834.757 51.7876 782.969 518.568 159.597 242.38 358.971 67.2024 454.061 367.499 252.916 223.277
internal_count=48652 32602 16050 18103 10630 11140 14499 11107 679 10428 6963 2143 3304 4820 908 6180 4960 3392 2996
is_linear=0
shrinkage=0.03


Tree=2
num_leaves=20
num_cat=0
split_feature=12 12 12 7 12 12 1 7 4 7 3 9 2 10 2 8 7 7 2
split_gain=740.332 138.999 56.2186 41.6372 23.7928 20.1209 15.6344 14.8808 12.5935 12.2849 12.769 12.2595 10.3291 10.107 8.51157 8.38271 7.51545 11.6474 9.01739
threshold=5.5000000000000009 1.5000000000000002 20.500000000000004 438.39240052954966 7.5000000000000009 2.5000000000000004 24.050000000000004 636.45379877027869 4.8950000000000005 766.96674707323325 4.4850000000000012 0.33558584863254887 25.650000000000002 0.11403351712684807 46.95000000000001 0.17909575231284175 10.030871167710986 448.47588058953778 22.550000000000004
decision_type=2 2 2 2 2 2 2 2 2 2 2 2 2 2 2 2 2 2 2
left_child=1 6 4 5 12 15 7 11 -9 10 -5 -1 -2 -14 -7 -3 18 -18 -8
right_child=2 3 -4 9 -6 14 16 8 -10 -11 -12 -13 13 -15 -16 -17 17 -19 -20
leaf_value=0.023686843320111266 -0.011288836781290274 -0.016717358791064781 -0.029325010993019856 0.0056084712482074982 -0.018812560370256484 -0.0060091180057586704 0.039055728681366753 0.0061663968646938567 0.038231916858889242 -0.0093232992662600437 0.015265926556729195 0.015571347189137739 0.0406681450589019 -0.00098999373758472224 0.039483143873984106 0.0048073936933494708 0.0042908842646640815 0.019139130895590939 0.0060327250719230275
leaf_weight=466.3080921843648 173.48647522926331 17.074267521500587 381.25988215208054 239.87422682344913 523.18537282198668 448.12878797203302 17.133933544158939 108.84162844717503 12.265560105442999 29.618048876523972 253.3663027882576 261.46004514396191 5.7288801521062842 61.623541817069054 3.7323240041732779 351.64223147928715 156.74355848133564 68.249498076736927 13.156413257122038
leaf_count=6091 2396 238 5420 3205 7326 6133 224 1438 162 401 3357 3416 77 831 47 4722 2103 893 172
internal_value=-7.98208e-06 0.00930739 -0.0199159 0.00282605 -0.0152206 -0.00138981 0.0171933 0.0191509 0.00941395 0.00944244 0.0105693 0.0207712 -0.00741776 0.00255338 -0.00563336 0.00381064 0.0106836 0.00879496 0.0247124
internal_weight=3592.88 2447.59 1145.28 1343.44 764.024 820.578 1104.16 848.875 121.107 522.859 493.241 727.768 240.839 67.3524 451.861 368.716 255.283 224.993 30.2903
internal_count=48652 32602 16050 18103 10630 11140 14499 11107 1600 6963 6562 9507 3304 908 6180 4960 3392 2996 396
is_linear=0
shrinkage=0.03


Tree=3
num_leaves=20
num_cat=0
split_feature=12 12 12 7 12 12 1 7 8 8 7 3 11 8 0 1 7 4 6
split_gain=703.109 127.557 55.9246 38.8134 23.1973 18.9839 14.1373 13.7023 17.6718 12.1212 11.4561 11.6963 8.08608 7.94449 7.84301 7.26819 6.95479 5.73003 9.75907
threshold=5.5000000000000009 1.5000000000000002 20.500000000000004 438.39240052954966 7.5000000000000009 2.5000000000000004 24.050000000000004 70.589610008270157 0.34685712219904458 0.14632943131559237 766.96674707323325 4.4850000000000012 0.85507161609958682 0.17909575231284175 21.750000000000004 24.150000000000002 450.07317474263562 3.7450000000000006 23.139614966941839
decision_type=2 2 2 2 2 2 2 2 2 2 2 2 2 2 2 2 2 2 2
left_child=1 6 4 5 -2 13 7 8 -1 -9 11 -5 -12 -3 -7 -8 -17 18 -6
right_child=2 3 -4 10 17 14 15 9 -10 -11 12 -13 -14 -15 -16 16 -18 -19 -20
leaf_value=0.050298530548345162 -0.0072419202733288428 -0.016450277957218304 -0.029174139768878393 0.005414358566202199 -0.014106194999914052 0.040790232191246147 -0.032709873130536894 -0.0091573703980643659 0.016062048897866308 0.017807811701505086 -0.029808266768841449 0.014617637934236122 0.0028519674912882574 0.0046441425040874701 -0.0058300816737048089 0.0078886720673405162 0.019152361966810617 -0.020207175832505638 0.037182844435739097
leaf_weight=26.649446189403534 239.34120106697083 16.834596648812294 371.87652498483658 241.00237609446049 107.81980966031551 3.2714913412928572 3.4933510720729819 15.292515993118284 27.644483834505081 792.92561431974173 10.768350988626482 256.61413749307394 18.618631772696972 353.06096635758877 446.45200657844543 187.07233545184135 67.007939085364342 403.65412498265505 3.4455874040722838
leaf_count=322 3304 238 5420 3205 1534 45 46 202 357 10226 147 3357 254 4722 6135 2483 863 5743 49
internal_value=-1.14261e-05 0.00895563 -0.019653 0.00273381 -0.0149588 -0.00135023 0.0164358 0.0182776 0.0328666 0.0172976 0.00908548 0.0101604 -0.00911581 0.0036841 -0.00549094 0.0102683 0.0108592 -0.0185457 -0.0125179
internal_weight=3592.85 2466.71 1126.14 1346.62 754.261 819.619 1120.09 862.512 54.2939 808.218 527.003 497.617 29.387 369.896 449.723 257.574 254.08 514.92 111.265
internal_count=48652 32602 16050 18103 10630 11140 14499 11107 679 10428 6963 6562 401 4960 6180 3392 3346 7326 1583
is_linear=0
shrinkage=0.03


Tree=4
num_leaves=20
num_cat=0
split_feature=12 12 12 7 12 12 4 10 9 7 9 6 2 8 4 2 8 7 0
split_gain=667.846 117.192 55.6183 36.1932 22.6102 17.9104 12.3308 13.3898 18.1738 15.064 11.7732 15.7711 9.91248 9.7599 9.55695 7.86288 7.52947 6.91237 9.37835
threshold=5.5000000000000009 1.5000000000000002 20.500000000000004 438.39240052954966 7.5000000000000009 2.5000000000000004 6.3950000000000005 0.35160999122983866 0.33661784273404532 666.46302288830157 0.3507018513483886 23.966965289482353 25.650000000000002 0.28098683202004521 3.3150000000000004 46.95000000000001 0.17909575231284175 10.030871167710986 30.850000000000005
decision_type=2 2 2 2 2 2 2 2 2 2 2 2 2 2 2 2 2 2 2
left_child=1 6 4 5 12 16 7 9 -9 -1 13 -12 -2 -5 -14 -7 -3 18 -8
right_child=2 3 -4 10 -6 15 17 8 -10 -11 11 -13 14 -15 -16 -17 -18 -19 -20
leaf_value=0.017310824176106687 -0.010906522374243888 -0.016184384385386014 -0.029023720451909114 0.014483491462742399 -0.01827945331194963 -0.005721166379381218 0.04029430788663424 0.03358538327072063 0.010471375076448875 0.0039531825391999143 0.013968106226853634 0.075123672554846879 0.029600773929028882 0.003007876884251197 -0.0020636983655368084 0.037408403943475936 0.0044870750893256147 0.0078959424283122238 0.0067140318730543758
leaf_weight=665.78385110199451 170.79372337460518 16.60139986872673 362.72811114788055 87.66986333578825 506.87810247391462 443.81303568929434 14.770985007286074 92.590670302510262 45.738941930234432 85.773029692471027 160.57421854883432 3.8870506212115279 10.098715201020239 278.88313974440098 56.991707503795624 3.8371863439679137 354.43582972884178 215.62992417067289 15.175062716007231
leaf_count=8430 2396 238 5420 1144 7326 6133 188 1174 583 1108 2095 48 130 3676 778 47 4722 2823 193
internal_value=-1.45609e-05 0.00862008 -0.0193903 0.00264477 -0.0146985 -0.00131172 0.0157228 0.0173651 0.0259427 0.0157864 0.00874466 0.0154135 -0.00706835 0.00575254 0.00270256 -0.00535147 0.00356217 0.00977162 0.0232776
internal_weight=3592.65 2485.16 1107.49 1349.7 744.762 818.687 1135.46 889.886 138.33 751.557 531.014 164.461 237.884 366.553 67.0904 447.65 371.037 245.576 29.946
internal_count=48652 32602 16050 18103 10630 11140 14499 11295 1757 9538 6963 2143 3304 4820 908 6180 4960 3204 381
is_linear=0
shrinkage=0.03


Tree=5
num_leaves=20
num_cat=0
split_feature=12 12 12 7 12 12 1 7 4 9 0 9 8 9 4 3 0 1 7
split_gain=634.428 107.779 55.2964 33.7605 22.0225 16.897 11.6965 12.0272 11.0581 10.797 13.1601 10.1698 9.00292 7.81912 9.05319 7.26012 7.23164 6.9198 6.41918
threshold=5.5000000000000009 1.5000000000000002 20.500000000000004 438.39240052954966 7.5000000000000009 2.5000000000000004 24.050000000000004 636.45379877027869 4.8950000000000005 0.3507018513483886 36.850000000000001 0.33558584863254887 0.28098683202004521 0.29499185099391712 2.8350000000000004 5.7150000000000007 21.750000000000004 24.150000000000002 450.07317474263562
decision_type=2 2 2 2 2 2 2 2 2 2 2 2 2 2 2 2 2 2 2
left_child=1 6 4 5 13 15 7 11 -9 12 -11 -1 -5 14 -2 -3 -7 -8 -19
right_child=2 3 -4 9 -6 16 17 8 -10 10 -12 -13 -14 -15 -16 -17 -18 18 -20
leaf_value=0.020684716472210415 0.029183911219614368 0.002983926387013342 -0.028873624984866102 0.013878197141808364 -0.018013585473715957 0.038570014788956761 -0.032676966907325328 0.0050220645137912991 0.034305700131920622 0.011501037689377103 0.036595702956832593 0.013458184693159505 0.0029102148029949192 -0.011966003388988938 -0.0034883943442387735 0.041554493476960906 -0.0055485398070543581 0.0072053389566016715 0.017914800753158964
leaf_weight=490.89681222289801 8.2550288587808591 367.69746121764183 353.81023898720741 88.732134714722633 499.04791866242886 3.369245119392871 3.4579665809869757 111.87404544651508 12.949010290205477 144.97153118252754 21.611532740294933 272.58487074077129 279.58388169109821 126.94600070267916 101.26567181199789 4.4452184140682212 442.26393798738718 190.0304602086544 68.539622776210308
leaf_count=6091 113 4901 5420 1144 7326 45 46 1438 162 1867 276 3416 3676 1774 1417 59 6135 2483 863
internal_value=-1.74906e-05 0.0082996 -0.0191282 0.00255881 -0.0144403 -0.00127427 0.0150502 0.0166932 0.00805992 0.00841898 0.0147567 0.0181046 0.00555254 -0.00689897 -0.00102575 0.00344465 -0.00521498 0.00948033 0.0100441
internal_weight=3592.33 2503.01 1089.32 1352.67 735.515 817.776 1150.33 888.305 124.823 534.899 166.583 763.482 368.316 236.467 109.521 372.143 445.633 262.028 258.57
internal_count=48652 32602 16050 18103 10630 11140 14499 11107 1600 6963 2143 9507 4820 3304 1530 4960 6180 3392 3346
is_linear=0
shrinkage=0.03


Tree=6
num_leaves=20
num_cat=0
split_feature=12 12 12 7 12 1 12 7 1 7 3 2 2 7 2 8 11 6 4
split_gain=602.743 99.2235 54.9612 31.5023 21.4411 16.4164 16.6117 10.9983 13.2327 10.5677 10.4449 9.52604 9.49119 9.38015 8.92914 8.64166 7.70986 7.1689 5.81229
threshold=5.5000000000000009 1.5000000000000002 20.500000000000004 438.39240052954966 7.5000000000000009 50.400000000000006 2.5000000000000004 10.030871167710986 24.450000000000003 766.96674707323325 4.4350000000000014 20.950000000000003 25.650000000000002 636.45379877027869 27.850000000000005 0.34685712219904458 0.85507161609958682 4.4997851224399792 3.7450000000000006
decision_type=2 2 2 2 2 2 2 2 2 2 2 2 2 2 2 2 2 2 2
left_child=1 7 4 5 12 6 -3 11 13 10 -5 15 -2 -9 -14 -1 -11 -10 -6
right_child=2 3 -4 9 18 -7 -8 8 17 16 -12 -13 14 -15 -16 -17 -18 -19 -20
leaf_value=0.058927956857797004 -0.010532742430064924 0.0031621556144673809 -0.028723734216775397 0.0045263220378783022 -0.011554515233711891 0.064634292756743955 -0.0054438860122882739 0.016631555402840854 -0.0096373836149298772 -0.029743225950425268 0.013140127734110055 0.016891585079692566 0.018676224128789928 0.0078016863248839483 -0.0047550691406681965 0.023392260610934329 0.0021572663344658523 0.0088955934603801301 -0.019466898404477292
leaf_weight=12.386616416275503 168.22841657698154 371.63177467882633 345.11834532022476 237.50482577830553 106.73962246626616 3.390874207019805 441.8724729642272 759.46755609661341 20.746327944099903 10.648199416697027 271.54593489319086 34.886142209172249 21.641665421426296 126.28342045098543 45.225042439997196 12.250138431787489 18.958961397409439 198.67117511481047 384.68846403062344
leaf_count=146 2396 4939 5420 3102 1583 45 6156 9340 268 147 3460 425 294 1608 614 151 254 2561 5743
internal_value=-2.01083e-05 0.00799353 -0.0188663 0.00247588 -0.0141837 -0.00123783 -0.0015124 0.0144154 0.0137388 0.00810785 0.00912123 0.0269772 -0.00673247 0.0153727 0.00282856 0.0412585 -0.00931573 0.00714327 -0.0177483
internal_weight=3591.89 2520.24 1071.64 1355.55 726.523 816.895 813.504 1164.69 1105.17 538.658 509.051 59.5229 235.095 885.751 66.8667 24.6368 29.6072 219.418 491.428
internal_count=48652 32602 16050 18103 10630 11140 11095 14499 13777 6963 6562 722 3304 10948 908 297 401 2829 7326
is_linear=0
shrinkage=0.03


Tree=7
num_leaves=20
num_cat=0
split_feature=12 12 12 7 12 12 7 9 7 1 2 9 1 2 11 2 6 3 4
split_gain=572.696 91.4315 54.6095 29.4055 20.8643 15.0186 9.88181 9.98776 9.87672 12.0807 9.04018 8.825 8.63154 8.34506 7.48897 7.30765 6.72278 6.54132 5.70622
threshold=5.5000000000000009 1.5000000000000002 20.500000000000004 438.39240052954966 7.5000000000000009 2.5000000000000004 766.96674707323325 0.40798870364276835 10.030871167710986 24.450000000000003 25.650000000000002 0.33558584863254887 12.850000000000003 20.950000000000003 0.85507161609958682 46.95000000000001 4.3798654241275079 5.7150000000000007 3.7450000000000006
decision_type=2 2 2 2 2 2 2 2 2 2 2 2 2 2 2 2 2 2 2
left_child=1 8 4 5 10 17 7 -5 13 11 -2 -10 -12 -1 -8 -7 -11 -3 -6
right_child=2 3 -4 6 18 15 14 -9 9 16 12 -13 -14 -15 -16 -17 -18 -19 -20
leaf_value=0.038676092262397252 -0.010309924326958712 0.002775955774684848 -0.028573931720166246 0.0070951323015068773 -0.0113209192265173 -0.0053138351668317717 -0.029596495858154725 0.019183215490689774 0.0169314745337126 -0.0098570177808941263 0.02790616423820837 0.010714850435823802 -0.001868987396502595 0.016156622026531453 0.0020887135579506565 0.035824324875624321 0.0085241019327042568 0.038719256764218328 -0.019205446600952511
leaf_weight=25.477464869618416 166.73120766878128 369.67501576989889 336.64800830185413 441.43704056739807 105.68991082906723 437.82851851731539 10.383956484496595 71.477980516850948 578.12362090498209 19.658945985138416 10.365297287702559 318.87363930791616 56.662653394043446 35.371321178972721 18.993236072361469 3.9210506528615943 201.06461353600025 4.6138029322028151 378.32461583614349
leaf_count=297 2396 4901 5420 5662 1583 6133 147 900 7022 256 130 3926 778 425 254 47 2573 59 5743
internal_value=-2.25307e-05 0.00770092 -0.0186049 0.00239584 -0.0139292 -0.00120244 0.0078105 0.00877968 0.0138152 0.0131744 -0.00656929 0.0147215 0.00273548 0.0255856 -0.00911106 -0.00494869 0.00688697 0.00321902 -0.0174838
internal_weight=3591.32 2536.9 1054.42 1358.33 717.774 816.038 542.292 512.915 1178.57 1117.72 233.759 896.997 67.028 60.8488 29.3772 441.75 220.724 374.289 484.015
internal_count=48652 32602 16050 18103 10630 11140 6963 6562 14499 13777 3304 10948 908 722 401 6180 2829 4960 7326
is_linear=0
shrinkage=0.03


Tree=8
num_leaves=20
num_cat=0
split_feature=12 12 12 12 4 12 0 8 10 8 1 6 6 10 6 1 6 4 4
split_gain=546.319 113.816 28.0331 24.3904 15.7909 15.3558 14.9037 14.3651 10.5328 10.0083 9.60881 8.80504 7.36684 6.24077 11.3386 5.79279 6.61624 5.68363 5.43191
threshold=7.5000000000000009 2.5000000000000004 27.500000000000004 1.5000000000000002 5.0750000000000011 3.5000000000000004 36.850000000000001 0.42636978937818554 0.10384829034877617 0.14632943131559237 24.450000000000003 19.613623121577152 2.6508788454162659 0.25757547810858794 17.514105367720713 14.950000000000001 23.139614966941839 5.3250000000000011 2.4950000000000006
decision_type=2 2 2 2 2 2 2 2 2 2 2 2 2 2 2 2 2 2 2
left_child=1 3 15 9 5 11 12 -8 -7 -1 -11 -3 -5 17 -15 16 18 -6 -2
right_child=2 4 -4 6 13 8 7 -9 -10 10 -12 -13 -14 14 -16 -17 -18 -19 -20
leaf_value=-0.0068465412522249929 -0.027066824638241879 0.0064360615310690185 -0.030061641272663222 -0.01020637845033069 -0.022228792393766648 0.018192633556075602 0.030291263296985282 -0.0065779976865650864 -0.0036806292181866315 0.015038310606709805 0.0084002867356812883 0.027567067490788112 0.0052494306359740575 -0.005346547206387187 0.01179940117405498 -0.019773518497325893 0.024206602938019038 -0.0074720797467246582 -0.011077774702399786
leaf_weight=21.899350054562092 23.125704351812601 163.3828683719039 252.90027660876513 29.296236462891102 26.137356698513031 21.253644406795502 38.980678722262383 12.580444298684595 292.39893195778131 920.64861156046391 249.4349145591259 19.910073146224022 527.55845100432634 187.41404461860657 42.602694153785706 414.45235799625516 4.2430337704718104 231.95068660378456 110.47414208576083
leaf_count=275 356 2183 4174 383 362 289 498 161 3985 11073 3151 264 6893 2594 589 6455 63 3206 1698
internal_value=-2.46945e-05 0.00626691 -0.0217895 0.0107525 -0.00193151 0.0018329 0.00586506 0.0212955 -0.00219846 0.0132472 0.0136232 0.0087314 0.0044363 -0.00576411 -0.00217085 -0.0180016 -0.0126741 -0.00896654 -0.0138454
internal_weight=3590.64 2785.45 805.196 1800.4 985.05 496.946 608.416 51.5611 313.653 1191.98 1170.08 183.293 556.855 488.105 230.017 552.295 137.843 258.088 133.6
internal_count=48652 35906 12746 22434 13472 6721 7935 659 4274 14499 14224 2447 7276 6751 3183 8572 2117 3568 2054
is_linear=0
shrinkage=0.03


Tree=9
num_leaves=20
num_cat=0
split_feature=12 12 12 7 12 5 10 0 7 8 7 2 8 10 0 8 1 3 6
split_gain=521.261 105.753 28.0718 25.3021 22.3916 14.5418 13.6497 13.6451 13.3378 13.0155 10.0878 9.93313 9.34998 9.40648 7.97256 7.32188 5.69644 6.629 7.00587
threshold=7.5000000000000009 2.5000000000000004 27.500000000000004 474.50842076760665 1.5000000000000002 90.90000000000002 0.36987099461754352 36.850000000000001 766.96674707323325 0.42636978937818554 429.57283000891647 46.95000000000001 0.13832283699480488 0.35160999122983866 27.250000000000004 0.30125071773615059 14.950000000000001 4.4750000000000005 13.18067111115781
decision_type=2 2 2 2 2 2 2 2 2 2 2 2 2 2 2 2 2 2 2
left_child=1 4 16 5 12 11 8 15 -5 -9 -7 -3 -1 -14 -8 -6 17 18 -2
right_child=2 3 -4 6 7 10 14 9 -10 -11 -12 -13 13 -15 -16 -17 -18 -19 -20
leaf_value=-0.009557889070614568 -0.010241442119954971 -0.0064742040894317145 -0.029946518290052154 0.0042120001463419486 0.009400606062874281 0.0047110521263546987 0.065818813132349718 0.028645313402238408 -0.024661141827676109 -0.0064161018194663459 0.048554432336488894 0.030453257769277466 0.011868421116807524 0.019195142763503651 0.017417857942990899 0.0019813287846534651 -0.019515640917766756 -0.014821356758762703 0.03072713426917557
leaf_weight=16.736177504062653 9.5476247444748861 628.99790090322495 246.35522373020649 271.90072164684534 173.688501290977 14.496771998703482 3.3487818092107764 39.968264281749725 15.204352721571921 12.512003093957899 7.005615107715129 6.6249131187796584 1001.0207720175385 187.19914496690035 35.87812614440918 385.22826997935772 407.43786456808448 120.6085492298007 6.1936706937849513
leaf_count=211 148 8826 4174 3549 2267 202 44 498 211 161 90 82 12048 2240 468 5009 6455 1873 96
internal_value=-2.66934e-05 0.00604616 -0.0215454 -0.0018775 0.0103364 -0.0052685 0.00495085 0.00566026 0.00268295 0.0202862 0.0189955 -0.00608932 0.0127091 0.0130227 0.0215498 0.00428694 -0.0177394 -0.0124316 0.00587832
internal_weight=3589.95 2799.81 790.143 983.457 1816.35 657.125 326.332 611.397 287.105 52.4803 21.5024 635.623 1204.96 1188.22 39.2269 558.917 543.788 136.35 15.7413
internal_count=48652 35906 12746 13472 22434 9200 4272 7935 3760 659 292 8908 14499 14288 512 7276 8572 2117 244
is_linear=0
shrinkage=0.03


Tree=10
num_leaves=20
num_cat=0
split_feature=12 12 12 7 12 5 10 7 0 8 2 7 11 10 7 4 0 4 6
split_gain=497.367 98.316 28.1035 23.8489 20.577 13.5865 12.5235 12.747 12.51 11.8198 9.2063 9.15925 9.57357 9.43649 8.92765 6.98387 6.85679 5.49502 6.10612
threshold=7.5000000000000009 2.5000000000000004 27.500000000000004 474.50842076760665 1.5000000000000002 90.90000000000002 0.36987099461754352 766.96674707323325 36.850000000000001 0.42636978937818554 46.95000000000001 216.9330790850546 0.64185726464969284 0.34513881775693789 429.57283000891647 3.3750000000000004 27.250000000000004 3.9150000000000005 23.139614966941839
decision_type=2 2 2 2 2 2 2 2 2 2 2 2 2 2 2 2 2 2 2
left_child=1 4 17 5 11 10 7 -5 15 -10 -3 12 -1 -13 -7 -6 -8 18 -2
right_child=2 3 -4 6 8 14 16 -9 9 -11 -12 13 -14 -15 -16 -17 -18 -19 -20
leaf_value=0.037969180277938851 -0.013476982781859997 -0.006314991936342833 -0.029832008024775803 0.0040711301474375275 -0.0043824610640576427 0.0045513146462301578 0.060404280187758001 -0.024432792132277462 0.027129972012971848 -0.0062573773293589088 0.028800882878956047 0.0093683788927975045 0.015454365566525491 0.017365065438058967 0.045219983373040895 0.0054575023659800817 0.0166488882401294 -0.019276753758983949 0.022570151194647753
leaf_weight=18.139246053993702 134.60927641391754 625.5631921812892 239.97821280360222 272.85500283539295 74.923927068710327 14.554503977298738 3.5364460721611968 14.890819907188414 40.919643223285675 12.445524603128431 6.7922053411602965 768.83876562863588 269.99006286263466 160.54322185367346 7.2919437810778609 485.99160002917051 36.400997705757618 396.53592387214303 4.3664722219109526
leaf_count=212 2119 8826 4174 3549 958 202 44 211 498 161 82 9199 3188 1900 90 6318 468 6389 64
internal_value=-2.85865e-05 0.00583433 -0.0213008 -0.00182523 0.00994005 -0.00513423 0.00478101 0.00259605 0.00546366 0.0193436 -0.00593781 0.0121986 0.0168718 0.0107497 0.0181258 0.00414314 0.0205234 -0.0174777 -0.0123444
internal_weight=3589.17 2813.68 775.49 981.885 1831.79 654.202 327.683 287.746 614.281 53.3652 632.355 1217.51 288.129 929.382 21.8464 560.916 39.9374 535.512 138.976
internal_count=48652 35906 12746 13472 22434 9200 4272 3760 7935 659 8908 14499 3400 11099 292 7276 512 8572 2183
is_linear=0
shrinkage=0.03


Tree=11
num_leaves=20
num_cat=0
split_feature=12 12 12 7 12 5 10 7 3 8 7 8 7 7 10 10 8 1 3
split_gain=474.577 91.4451 28.1279 22.4794 18.9274 12.7019 11.5049 12.1832 11.3404 14.3049 8.80286 8.66252 8.86894 7.93481 7.79142 6.32837 5.59059 5.50524 6.41103
threshold=7.5000000000000009 2.5000000000000004 27.500000000000004 474.50842076760665 1.5000000000000002 90.90000000000002 0.36987099461754352 766.96674707323325 5.5650000000000004 0.39346371025186172 10.030871167710986 0.13832283699480488 10.030871167710986 429.57283000891647 0.43199765416663372 0.38834941632932685 0.090340648934080989 14.950000000000001 4.4750000000000005
decision_type=2 2 2 2 2 2 2 2 2 2 2 2 2 2 2 2 2 2 2
left_child=1 4 17 5 11 10 7 -5 14 -10 -3 16 -13 -7 -6 -8 -1 18 -2
right_child=2 3 -4 6 8 13 15 -9 9 -11 -12 12 -14 -15 -16 -17 -18 -19 -20
leaf_value=0.018045997440423404 0.0060816256735428207 0.0058863448539764667 -0.029718006166884681 0.0039354496903719312 0.0049244706468464898 0.0043976077736113759 0.038017703775105535 -0.024203900473801949 0.03556945479515667 -0.0049701895968208912 -0.0068678180784194319 0.022924685733767439 0.011407147314222287 0.042247175034120288 -0.014345046673168204 0.01196686207111949 -0.020473361390853061 -0.019000413644929121 -0.014348082772584713
leaf_weight=4.7120608687400845 15.662287324666975 53.202448762953281 233.76572967320681 273.77984054386616 562.529437109828 14.610452920198442 11.848330251872538 14.585328944027422 23.164432615041733 11.836581803858278 575.97833610326052 63.496274136006832 1149.3481364771724 7.5665166452527037 19.541053056716919 28.773578077554703 12.096716001629828 393.98565993458033 117.80869080126286
leaf_count=59 244 761 4174 3549 7256 202 149 211 276 150 8147 714 13574 90 253 363 152 6455 1873
internal_value=-3.02935e-05 0.00563103 -0.0210556 -0.00177431 0.0095622 -0.00500283 0.00461781 0.00251218 0.00527485 0.0218598 -0.00578935 0.0117137 0.0120101 0.0173114 0.00427756 0.0195652 -0.0096751 -0.0172165 -0.0119507
internal_weight=3588.29 2827.07 761.222 980.345 1846.72 651.358 328.987 288.365 617.072 35.001 629.181 1229.65 1212.84 22.177 582.07 40.6219 16.8088 527.457 133.471
internal_count=48652 35906 12746 13472 22434 9200 4272 3760 7935 426 8908 14499 14288 292 7509 512 211 8572 2117
is_linear=0
shrinkage=0.03


Tree=12
num_leaves=20
num_cat=0
split_feature=12 12 12 12 4 12 0 8 10 1 10 0 11 1 3 0 1 3 6
split_gain=452.836 85.0942 28.1443 17.4271 14.2947 14.3642 10.785 10.1255 9.88866 8.28368 9.26636 8.23215 6.87144 6.3573 5.9551 7.33447 5.40585 6.14027 6.42165
threshold=7.5000000000000009 2.5000000000000004 27.500000000000004 1.5000000000000002 5.0750000000000011 3.5000000000000004 36.850000000000001 0.4302513308846993 0.10384829034877617 24.050000000000004 0.35160999122983866 32.150000000000013 0.46448992615983836 24.150000000000002 3.4950000000000006 30.050000000000004 14.950000000000001 4.4750000000000005 13.18067111115781
decision_type=2 2 2 2 2 2 2 2 2 2 2 2 2 2 2 2 2 2 2
left_child=1 3 16 9 5 11 12 -8 -7 10 -1 -3 -5 -11 15 -6 17 18 -2
right_child=2 4 -4 6 14 8 7 -9 -10 13 -12 -13 -14 -15 -16 -17 -18 -19 -20
leaf_value=0.011302338644793436 -0.0098652537684744222 0.034601477152954412 -0.029604404294310084 0.046265594572609113 -0.0054937395891615625 0.017561282194682139 0.024482850310377443 -0.0070192019623961125 -0.0035217590535545113 -0.03282447807742795 0.019395571840140482 0.0069509238670789524 0.0036016711521276307 0.0072196212270429589 -0.0090101529153483757 0.0056825381094969809 -0.01874252575118027 -0.014094304554177997 0.029199439448546902
leaf_weight=811.4571970552206 9.4035063944756967 10.262117601931093 227.71433793008327 3.418255351483821 186.20456196367741 21.502264194190502 43.221309833228588 11.66028196364641 290.89595531672239 3.6149598658084861 151.01915159076452 173.98525746911764 561.47343393415213 275.29914183914661 222.20953514426947 73.788359485566616 387.52299198880792 116.35425877198577 6.3410490304231635
leaf_count=9391 148 139 4174 45 2582 289 507 152 3985 46 1716 2308 7231 3346 3138 1031 6455 1873 96
internal_value=-3.18272e-05 0.00543585 -0.02081 0.00920182 -0.00172469 0.00184756 0.00509335 0.0177898 -0.00207062 0.011253 0.0125722 0.00849099 0.00385984 0.00670062 -0.00540395 -0.00232181 -0.016956 -0.0117151 0.00586788
internal_weight=3587.35 2840.01 747.336 1861.16 978.848 496.646 619.773 54.8816 312.398 1241.39 962.476 184.247 564.892 278.914 482.202 259.993 519.622 132.099 15.7446
internal_count=48652 35906 12746 22434 13472 6721 7935 659 4274 14499 11107 2447 7276 3392 6751 3613 8572 2117 244
is_linear=0
shrinkage=0.03


Tree=13
num_leaves=20
num_cat=0
split_feature=12 12 12 12 4 12 0 9 10 10 8 1 6 10 9 1 6 4 6
split_gain=432.097 79.2183 28.1517 16.0595 13.5096 13.4196 10.0116 10.1284 9.20865 8.10175 8.02002 8.12563 6.32371 5.98567 5.64715 5.30464 5.94544 5.52442 5.10812
threshold=7.5000000000000009 2.5000000000000004 27.500000000000004 1.5000000000000002 5.0750000000000011 3.5000000000000004 36.650000000000013 0.3779393098350618 0.10384829034877617 0.34369237172702805 0.14632943131559237 24.450000000000003 17.514105367720713 0.19885570014194145 0.12341672335612007 14.950000000000001 23.139614966941839 2.4950000000000006 9.0118677792287851
decision_type=2 2 2 2 2 2 2 2 2 2 2 2 2 2 2 2 2 2 2
left_child=1 3 15 10 5 9 12 -8 -7 -3 -1 -12 -5 14 -6 16 17 -2 -15
right_child=2 4 -4 6 13 8 7 -9 -10 -11 11 -13 -14 18 -16 -17 -18 -19 -20
leaf_value=-0.007102178545646951 -0.026505476825518022 0.0052907378577385592 -0.029491104723935839 0.0050946813772924874 0.020749718043864496 0.016782481170506233 0.0095157759861556473 0.03729398226025208 -0.0034263905358831613 0.021793014755702795 0.012400626869718696 0.0064359541401251674 -0.0032525883127505432 -0.0086235367065945201 -0.011487465077285004 -0.01848472326356906 0.023117777195005629 -0.0098239757424904393 -0.0005956842206171982
leaf_weight=22.088297240436077 21.534988820552826 153.11012903600931 221.82058561593294 456.09102584421635 5.0677511245012274 21.820107482373714 51.458251744508743 15.333590030670164 290.03605702519417 32.449970945715904 969.80815921723843 260.84002070873976 99.501714333891869 102.99210602045059 139.86571388691664 381.23569823056459 4.3218898847699156 104.90840154886246 232.08213672041893
leaf_count=275 356 2022 4174 5860 71 289 619 180 3985 425 11073 3151 1276 1452 1972 6455 63 1698 3256
internal_value=-3.3162e-05 0.00524841 -0.020564 0.00885789 -0.00167613 0.00178858 0.00491901 0.0158929 -0.00201241 0.00817659 0.0108148 0.0111364 0.00359976 -0.00526648 -0.0103603 -0.0166963 -0.0114824 -0.0126651 -0.00306321
internal_weight=3586.37 2852.55 733.822 1875.12 977.424 497.416 622.385 66.7918 311.856 185.56 1252.74 1230.65 555.593 480.008 144.933 512.001 130.765 126.443 335.074
internal_count=48652 35906 12746 22434 13472 6721 7935 799 4274 2447 14499 14224 7136 6751 2043 8572 2117 2054 4708
is_linear=0
shrinkage=0.03


Tree=14
num_leaves=20
num_cat=0
split_feature=4 7 7 5 0 2 10 10 7 2 8 2 7 1 2 1 6 3 2
split_gain=33.049 31.0594 19.542 17.9517 12.1056 9.5537 8.85377 14.7002 10.8012 13.6416 10.3189 12.1006 12.8312 10.6975 9.96689 9.47364 8.09652 7.53093 7.30982
threshold=5.495000000000001 10.030871167710986 474.50842076760665 16.100000000000005 32.850000000000001 35.350000000000001 0.37190696326984291 0.38070039928345883 536.42008915578947 29.150000000000002 0.24831592314143064 34.850000000000001 252.65168590715663 20.950000000000003 26.950000000000003 14.950000000000001 25.713175912626934 3.3650000000000007 20.350000000000005
decision_type=2 2 2 2 2 2 2 2 2 2 2 2 2 2 2 2 2 2 2
left_child=6 3 17 -2 5 -5 10 14 18 -10 11 13 -13 -1 15 -8 -4 -3 -9
right_child=1 2 16 4 -6 -7 7 8 9 -11 -12 12 -14 -15 -16 -17 -18 -19 -20
leaf_value=0.0043753746621432981 0.080709861286895404 -0.009878159356922888 0.00066395480402326064 0.012203490960321027 -0.0050443372242831861 0.054245821123110188 0.054542662975043829 0.0099398036002269138 0.0090558704735864883 0.047546934821145637 0.00062006894801284042 0.075921808196197108 0.016984397123803632 0.058916913574916602 -0.0010032489331058415 0.018281568800648164 0.041414359880188309 -0.0044712888036462749 -0.0037063301011046349
leaf_weight=281.00504961237311 3.1664146035909644 491.95082626864314 319.71236615255475 83.406169433146715 41.101178232580423 5.1658156327903262 12.00724805518985 51.956597328186035 47.156824421137571 10.053526703268288 1637.4668971858919 4.1398443318903473 16.88033202663064 3.2741589881479731 9.4449737519025785 14.098301358520983 4.4491682909429064 438.50201158598065 110.39229845255613
leaf_count=3743 39 7116 4446 1117 551 66 154 694 598 124 21782 55 225 45 127 189 60 6048 1473
internal_value=-3.43418e-05 -0.00365951 -0.00512006 0.0101348 0.00841147 0.0146555 0.00225412 0.00750861 0.00461082 0.0158199 0.00156414 0.00662763 0.0285919 0.00500355 0.0254053 0.0349599 0.00122326 -0.00733002 0.000660849
internal_weight=3585.33 1387.45 1254.61 132.84 129.673 88.572 2197.88 255.11 219.559 57.2104 1942.77 305.299 21.0202 284.279 35.5505 26.1055 324.162 930.453 162.349
internal_count=48652 19443 17670 1773 1734 1183 29209 3359 2889 722 25850 4068 280 3788 470 343 4506 13164 2167
is_linear=0
shrinkage=0.03


Tree=15
num_leaves=20
num_cat=0
split_feature=4 7 7 5 0 10 10 9 2 7 5 10 8 7 2 2 6 4 5
split_gain=31.1378 29.1767 18.5642 15.5399 11.2168 8.7286 8.24304 15.0853 13.7373 10.4104 10.9309 9.7625 9.63158 11.4276 11.7533 8.27202 7.34117 6.37409 6.05912
threshold=5.495000000000001 10.030871167710986 474.50842076760665 16.100000000000005 32.850000000000001 0.31564996199660922 0.37190696326984291 0.32454200304021047 20.450000000000003 398.25720163461716 60.70000000000001 0.385779331225095 0.24831592314143064 786.7893490010091 34.850000000000001 35.350000000000001 25.713175912626934 3.6550000000000007 50.95000000000001
decision_type=2 2 2 2 2 2 2 2 2 2 2 2 2 2 2 2 2 2 2
left_child=6 3 18 -2 5 -5 12 9 11 10 -8 -9 13 14 -1 -11 -4 -10 -3
right_child=1 2 16 4 -6 -7 7 8 17 15 -12 -13 -14 -15 -16 -17 -18 -19 -20
leaf_value=0.0059017435362272025 0.073242904129945635 -0.0094262250873425966 0.00064367182612060222 0.0083688954421190891 -0.0049138871785758568 0.029490355496663685 0.031827448559669215 0.044534177071431098 0.0026405379423976054 0.022555604764029298 -0.0013740917603294234 0.0055060455648105692 0.00060115218371933302 -0.022589232716328761 0.029319752687801081 -0.011464213922043298 0.038795283257964296 -0.016278024403957869 -0.0045585208151100801
leaf_weight=274.47134602069855 3.3810285031795493 493.25535593554378 319.89034619182348 65.585261784493923 40.92918161675334 24.072482500225306 10.676410745829342 7.3639554493129245 25.313324090093374 81.666642859578133 54.385416880249977 26.620739836245775 1638.3106794022024 11.775910809636114 20.746591821312904 6.9826551936566821 4.6045690998435012 43.696312814950943 431.4585674777627
leaf_count=3643 39 7192 4446 866 551 317 142 96 324 1049 719 352 21782 155 270 89 60 588 5972
internal_value=-3.4131e-05 -0.00356174 -0.0049886 0.00974335 0.00809929 0.0140399 0.00218171 0.0072345 -0.00164986 0.0131875 0.00407416 0.0139628 0.00151493 0.00639145 0.00754746 0.019876 0.00118504 -0.00933853 -0.00715502
internal_weight=3585.19 1383.18 1249.21 133.968 130.587 89.6577 2202.01 256.705 102.994 153.711 65.0618 33.9847 1945.3 306.994 295.218 88.6493 324.495 69.0096 924.714
internal_count=48652 19443 17670 1773 1734 1183 29209 3359 1360 1999 861 448 25850 4068 3913 1138 4506 912 13164
is_linear=0
shrinkage=0.03


Tree=16
num_leaves=20
num_cat=0
split_feature=12 12 12 12 3 1 8 3 0 8 6 2 10 2 12 6 1 3 6
split_gain=411.131 73.5275 28.1387 14.6935 12.2802 10.2839 10.1727 11.0659 8.92377 9.73095 8.61725 7.84021 11.4594 10.3734 6.96369 6.06965 5.00798 5.83879 5.85899
threshold=7.5000000000000009 2.5000000000000004 27.500000000000004 1.5000000000000002 4.4850000000000012 11.950000000000001 0.53601802747732519 4.5050000000000008 36.650000000000013 0.42636978937818554 20.851025406386963 21.850000000000005 0.34513881775693789 25.350000000000005 3.5000000000000004 2.6508788454162659 14.950000000000001 4.4750000000000005 13.18067111115781
decision_type=2 2 2 2 2 2 2 2 2 2 2 2 2 2 2 2 2 2 2
left_child=1 3 16 11 5 -3 7 -6 15 -10 -7 12 -1 -13 -8 -5 17 18 -2
right_child=2 4 -4 8 6 10 14 -9 9 -11 -12 13 -14 -15 -16 -17 -18 -19 -20
leaf_value=0.010943331915563161 -0.009546729256129342 0.04091705586855101 -0.029370546838353394 -0.0098985301234598162 0.038628169778980717 -0.00568435458782877 0.059112245308781709 0.0009677796819108662 0.02101421761245242 -0.0064817100650990753 0.0086094716429915528 0.0038656747537664325 0.021834694459386236 0.011420405035865038 0.01127219031765404 0.0042296176955019657 -0.018185374306833774 -0.013714237815877297 0.027583894977466366
leaf_weight=493.33054956048727 9.2842990942299348 4.4837620705366126 215.69195185601711 28.863169491291046 7.1592076644301406 545.71851934492588 4.5718782767653448 366.38512172549963 53.10038698464632 14.816294215619562 40.796676978468895 289.70135725289583 105.54521029442549 375.73210967332125 6.8284135088324547 528.14715850353241 374.13591410964727 114.22639560326934 6.5041684471070758
leaf_count=5672 148 60 4174 374 98 7693 60 4903 609 190 566 3329 1185 4313 92 6762 6455 1873 96
internal_value=-3.38721e-05 0.00505836 -0.0203024 0.0085125 -0.00162817 -0.0043441 0.00254154 0.00168956 0.00474933 0.0150159 -0.00469011 0.0103726 0.0128628 0.0081314 0.0304576 0.00349753 -0.0164228 -0.0113506 0.00574949
internal_weight=3585.02 2865.18 719.843 1889.24 975.944 590.999 384.945 373.544 624.927 67.9167 586.515 1264.31 598.876 665.433 11.4003 557.01 504.151 130.015 15.7885
internal_count=48652 35906 12746 22434 13472 8319 5153 5001 7935 799 8259 14499 6857 7642 152 7136 8572 2117 244
is_linear=0
shrinkage=0.03


Tree=17
num_leaves=20
num_cat=0
split_feature=12 12 12 12 3 4 8 2 3 3 9 6 8 10 2 8 4 3 12
split_gain=392.29 68.5083 28.1272 13.5622 11.587 9.41511 9.28547 10.3768 8.39166 12.6164 8.15768 8.1198 7.58203 7.28637 7.19686 5.20536 4.81868 6.18282 5.01815
threshold=7.5000000000000009 2.5000000000000004 27.500000000000004 1.5000000000000002 4.4850000000000012 3.1050000000000004 0.53601802747732519 46.650000000000013 5.5650000000000004 5.6650000000000009 0.25281330122127427 20.851025406386963 0.13832283699480488 0.43199765416663372 21.850000000000005 0.090340648934080989 3.9150000000000005 4.4750000000000005 17.500000000000004
decision_type=2 2 2 2 2 2 2 2 2 2 2 2 2 2 2 2 2 2 2
left_child=1 3 16 12 5 -3 7 -6 13 -10 -8 -7 15 -5 -14 -1 17 -2 -19
right_child=2 4 -4 8 6 11 10 -9 9 -11 -12 -13 14 -15 -16 -17 -18 18 -20
leaf_value=0.016239568145920532 0.0059146905225594439 0.038339256768218859 -0.029257553720234749 0.0043338098671099282 0.0011524320933264027 -0.0055408139914609284 0.060424187782713995 0.053246226848064446 0.04804070093236304 0.0081023362281467046 0.0089409775934788261 0.0082899587784181755 0.012633670278812478 -0.014311467996467136 0.0080893835818346832 -0.020482024860328872 -0.017946364192269231 -0.0096499241154118249 -0.023296788692836867
leaf_weight=4.8731778264045742 16.503483310341835 4.6392003595829001 210.11352606490254 570.69610859453678 370.60245189070702 543.10054433345795 4.5070718973875028 3.473660245537757 9.5965076386928541 27.569574058055878 7.1870666891336441 41.093378230929375 596.68157804757357 19.508022308349609 661.25985560566187 12.101569220423697 364.41676836460829 81.51055745407939 34.520911782979965
leaf_count=59 255 60 4174 7256 4960 7693 59 41 110 316 93 566 6753 253 7535 152 6389 1334 594
internal_value=-3.49766e-05 0.00488555 -0.0200555 0.00819921 -0.00158223 -0.00422988 0.0024591 0.00163617 0.0045882 0.0184147 0.0287833 -0.00456793 0.00997614 0.00371753 0.0102449 -0.00993984 -0.0161648 -0.0112663 -0.01371
internal_weight=3583.96 2876.89 707.065 1902.29 974.603 588.833 385.77 374.076 627.37 37.1661 11.6941 584.194 1274.92 590.204 1257.94 16.9747 496.952 132.535 116.031
internal_count=48652 35906 12746 22434 13472 8319 5153 5001 7935 426 152 8259 14499 7509 14288 211 8572 2183 1928
is_linear=0
shrinkage=0.03


Tree=18
num_leaves=20
num_cat=0
split_feature=12 12 12 7 12 1 8 7 6 7 7 8 3 7 10 8 1 6 4
split_gain=374.303 63.8559 28.1059 19.6418 12.5289 10.6902 19.5004 10.3577 9.41048 8.7113 8.88847 8.35362 11.4032 7.67093 7.22684 5.91977 4.81462 5.60609 5.47208
threshold=7.5000000000000009 2.5000000000000004 27.500000000000004 474.50842076760665 1.5000000000000002 10.15 0.44316704687481878 766.96674707323325 23.966965289482353 636.45379877027869 474.50842076760665 0.30010694910344654 5.5850000000000009 10.030871167710986 0.38344768090777109 0.18685836832135325 14.950000000000001 23.139614966941839 2.4950000000000006
decision_type=2 2 2 2 2 2 2 2 2 2 2 2 2 2 2 2 2 2 2
left_child=1 4 16 5 9 6 -3 8 -5 10 -1 12 -6 -7 -13 -11 17 18 -2
right_child=2 3 -4 7 11 13 -8 -9 -10 15 -12 14 -14 -15 -16 -17 -18 -19 -20
leaf_value=0.0089763643593336884 -0.02616871482158005 0.0040889647019605006 -0.02914456888009085 0.0047968144554934996 0.0077539074230740168 0.0056321912388430295 0.08899688302660233 -0.018376852555176793 0.037625043948132701 -0.024310199954181967 0.015124672787870864 0.0033399613690699914 0.038303783653677898 -0.0062441209586966175 -0.010103975096014713 0.0041607125991629957 -0.017671472473907802 0.022512947981398149 -0.0092390159561622932
leaf_weight=850.40992574393749 20.644796680659056 13.834908485412599 204.68233150988817 305.56722003221512 183.91145350039005 53.524891518056393 2.9542007371783248 17.037604670971632 8.0663166865706426 6.8822124153375617 281.72741539776325 394.54028069227934 11.695661604404448 572.30680382996798 39.598126463592052 146.15430883318186 362.46980894729495 4.366310190409421 102.46892734989524
leaf_count=9596 356 181 4174 3929 2320 761 38 245 98 83 3139 4986 125 8220 504 1681 6455 63 1698
internal_value=-3.59433e-05 0.0047194 -0.0198082 -0.00153752 0.0078996 -0.00459463 0.0190293 0.00440361 0.00564112 0.00959825 0.0105063 0.00443301 0.00958053 -0.00522839 0.00211373 0.00288035 -0.0159078 -0.0108932 -0.0120779
internal_weight=3582.84 2888.21 694.632 973.292 1914.92 642.621 16.7891 330.671 313.634 1285.17 1132.14 629.746 195.607 625.832 434.138 153.037 489.95 127.48 123.114
internal_count=48652 35906 12746 13472 22434 9200 219 4272 4027 14499 12735 7935 2445 8981 5490 1764 8572 2117 2054
is_linear=0
shrinkage=0.03


Tree=19
num_leaves=20
num_cat=0
split_feature=12 12 12 7 12 5 7 6 2 7 7 9 8 2 9 8 10 1 6
split_gain=357.127 59.5441 28.0746 18.509 11.5825 10.6578 9.81899 8.50484 8.34328 8.04503 8.13012 8.02935 7.75374 10.4962 7.1084 5.65248 4.7973 4.71444 5.2776
threshold=7.5000000000000009 2.5000000000000004 27.500000000000004 474.50842076760665 1.5000000000000002 90.90000000000002 766.96674707323325 23.966965289482353 46.95000000000001 636.45379877027869 474.50842076760665 0.23070052849480535 0.30010694910344654 18.350000000000005 0.35741587455182311 0.18685836832135325 0.33253342634927197 14.950000000000001 23.139614966941839
decision_type=2 2 2 2 2 2 2 2 2 2 2 2 2 2 2 2 2 2 2
left_child=1 4 17 5 9 8 7 -5 -3 10 -1 -7 13 -6 -14 -11 -8 18 -2
right_child=2 3 -4 6 12 11 16 -9 -10 15 -12 -13 14 -15 -16 -17 -18 -19 -20
leaf_value=0.0086436614740841387 -0.011842124641497899 -0.005592143818621006 -0.029031499589753748 0.004634166132835375 0.037618182461110247 0.044869928188007453 -0.027525469793128848 0.035379667708996303 0.027522337992331822 -0.024062273581482069 0.014491978066500464 0.0048305700523995623 -0.00035863043114983765 0.0075316269332930579 0.0081627941677301832 0.0040221522563041552 0.0092289562926499754 -0.017414591074609007 0.021418570115899857
leaf_weight=856.55311012268066 121.82354262471199 610.30521237850189 199.39504602923989 306.78427288681269 11.055857032537459 6.1716952845454243 12.47688799723983 8.3169170320034009 6.9253800809383383 6.7465902194380751 285.1527858003974 16.717980086803436 312.15079709142447 186.08948767185211 122.74760350584984 146.64590302854776 4.2967661507427684 356.86753610149026 4.4504011720418921
leaf_count=9596 2054 8826 4174 3929 137 78 187 98 82 83 3139 214 3956 2308 1534 1681 58 6455 63
internal_value=-3.68782e-05 0.00455952 -0.0195605 -0.00149432 0.00761291 -0.00447514 0.0042551 0.00544568 -0.0052206 0.00923766 0.0101043 0.0156263 0.00428368 0.00921887 0.00204649 0.00278693 -0.0181104 -0.0156518 -0.0106699
internal_weight=3581.67 2899.14 682.537 971.995 1927.14 640.12 331.875 315.101 617.231 1295.1 1141.71 22.8897 632.044 197.145 434.898 153.392 16.7737 483.141 126.274
internal_count=48652 35906 12746 13472 22434 9200 4272 4027 8908 14499 12735 292 7935 2445 5490 1764 245 8572 2117
is_linear=0
shrinkage=0.03


Tree=20
num_leaves=20
num_cat=0
split_feature=12 12 12 7 12 5 7 7 11 2 6 0 8 9 0 1 1 3 7
split_gain=340.722 55.5413 28.0417 17.4404 10.7155 9.97347 9.31211 7.97902 8.10379 7.74185 7.70554 7.5213 7.88976 7.1498 7.07084 7.05809 4.52731 5.15216 5.20377
threshold=7.5000000000000009 2.5000000000000004 28.500000000000004 474.50842076760665 1.5000000000000002 90.90000000000002 766.96674707323325 216.9330790850546 0.64185726464969284 46.95000000000001 23.966965289482353 36.850000000000001 0.4302513308846993 0.23070052849480535 23.450000000000003 13.050000000000002 14.950000000000001 4.4750000000000005 509.82373651639216
decision_type=2 2 2 2 2 2 2 2 2 2 2 2 2 2 2 2 2 2 2
left_child=1 4 16 5 7 9 10 8 -1 -3 -5 15 -13 -7 -9 -6 17 18 -2
right_child=2 3 -4 6 11 13 -8 14 -10 -11 -12 12 -14 -15 -16 -17 -18 -19 -20
leaf_value=0.031674015001587293 -0.005683639846876606 -0.0054506397970377537 -0.029148004006495032 0.004477661104699493 -0.0053377320642053723 0.041927054039109325 -0.017848811605555681 -0.017763877664105455 0.011830934556360832 0.026099591247564825 0.033337530432803346 0.01994370584284497 -0.0074746913377590051 0.0046667020646347541 0.0078369387120060582 0.0044064063268749445 -0.017212741131018998 -0.012909791303195417 0.031958692708493427
leaf_weight=19.787485606968403 11.305165614932774 607.40943614393473 187.82989969477057 307.96360919624567 77.272586815059185 6.4030454307794598 16.515910219401121 9.8063406348228437 289.86933420598507 7.0813505202531806 8.5577692091464979 46.636695273220539 11.844300471246241 16.784834422171116 985.23494240641594 498.52597564458847 356.94753833860159 110.01566396281123 4.6709042452275744
leaf_count=212 178 8826 4036 3929 963 78 245 117 3188 82 98 507 152 214 10982 6313 6574 1886 72
internal_value=-3.76604e-05 0.00440573 -0.0193124 -0.00145222 0.00733842 -0.00435824 0.00411204 0.0088934 0.0130989 -0.00508706 0.00525794 0.00413985 0.0143906 0.0149557 0.00758464 0.00309874 -0.015487 -0.010598 0.0053218
internal_weight=3580.46 2909.69 670.769 970.716 1938.98 637.679 333.037 1304.7 309.657 614.491 316.521 634.28 58.481 23.1879 995.041 575.799 482.939 125.992 15.9761
internal_count=48652 35906 12746 13472 22434 9200 4272 14499 3400 8908 4027 7935 659 292 11099 7276 8710 2136 250
is_linear=0
shrinkage=0.03


Tree=21
num_leaves=20
num_cat=0
split_feature=12 12 12 12 7 7 7 3 7 1 7 7 6 1 0 6 7 7 4
split_gain=325.057 51.8397 27.9976 17.0192 14.9472 11.8016 11.1492 20.8682 12.2072 10.1409 9.92684 7.32899 7.9685 7.26631 6.6685 6.53341 4.44743 4.55653 4.5189
threshold=7.5000000000000009 3.5000000000000004 28.500000000000004 1.5000000000000002 470.92784626242155 492.89513403868779 10.030871167710986 3.6350000000000002 458.71378785447149 20.650000000000002 766.96674707323325 216.9330790850546 1.5194529994190591 14.65 23.450000000000003 10.528457033696506 450.07317474263562 175.0004291019184 5.035000000000001
decision_type=2 2 2 2 2 2 2 2 2 2 2 2 2 2 2 2 2 2 2
left_child=1 3 16 11 9 -6 7 15 13 -5 -10 12 -1 -8 -13 -3 17 18 -2
right_child=2 6 -4 4 5 -7 8 -9 10 -11 -12 14 -14 -15 -16 -17 -18 -19 -20
leaf_value=0.041366020002956631 0.00080045478269516435 0.012393784541142042 -0.029039727745884477 0.0042046388974375116 0.023205156154303633 0.0063781129496201473 0.0014913329919423247 -0.012000042065297555 0.0022250360900409661 -0.003242578237552782 -0.026890332948788946 -0.017486572667734887 0.01177604336065906 -0.0099882042273146884 0.0075536163845046477 0.048630763730629994 -0.011477843986832581 -0.019798864567496428 -0.01546257078637877
leaf_weight=8.4173000380396825 20.215432830154896 7.3498820066452053 182.94811204448342 356.07823183387518 43.23364445567131 283.43693348392844 59.943863831460476 16.175607047975063 222.88359718024731 305.96262183785439 11.062324967235325 9.6651509404182416 304.48055588454008 288.30775531381369 991.42728938907385 11.459953300654886 177.87214446812868 214.04210318252444 64.247412279248238
leaf_count=91 371 104 4036 4621 526 3455 840 236 2900 4121 168 117 3309 4275 10982 161 3213 3924 1202
internal_value=-3.83324e-05 0.00425777 -0.019064 0.00632723 0.00335397 0.00860511 -0.00346337 0.0129851 -0.0044518 0.000762903 0.000848292 0.00856446 0.012572 -0.00801225 0.00731186 0.0344713 -0.0152329 -0.0174705 -0.0115702
internal_weight=3579.21 2919.88 659.325 2302.7 988.711 326.671 617.183 34.9854 582.198 662.041 233.946 1313.99 312.898 348.252 1001.09 18.8098 476.377 298.505 84.4628
internal_count=48652 35906 12746 27222 12723 3981 8684 501 8183 8742 3068 14499 3400 5115 11099 265 8710 5497 1573
is_linear=0
shrinkage=0.03


Tree=22
num_leaves=20
num_cat=0
split_feature=12 12 12 7 5 12 7 2 7 7 8 3 9 7 8 8 1 3 12
split_gain=310.086 48.6697 27.9456 15.6502 9.15262 9.07533 8.41204 7.21926 7.15421 7.7217 7.08909 9.52906 6.59587 6.47067 5.33141 4.86405 4.56546 5.21293 4.88654
threshold=7.5000000000000009 2.5000000000000004 27.500000000000004 474.50842076760665 90.90000000000002 1.5000000000000002 766.96674707323325 46.95000000000001 636.45379877027869 474.50842076760665 0.30010694910344654 5.5850000000000009 0.35741587455182311 429.57283000891647 0.18685836832135325 0.35594242769274581 14.950000000000001 4.4750000000000005 17.500000000000004
decision_type=2 2 2 2 2 2 2 2 2 2 2 2 2 2 2 2 2 2 2
left_child=1 5 16 4 7 8 15 -3 9 -1 11 -7 -12 -6 -10 -5 17 -2 -19
right_child=2 3 -4 6 13 10 -8 -9 14 -11 12 -13 -14 -15 -16 -17 -18 18 -20
leaf_value=0.0076465730503210254 0.0062999794748172322 -0.0052249364112284544 -0.028692649769291374 0.0084240294972861788 0.0026366864347075374 0.0068924953009360194 -0.017341479410878418 0.024975745469070276 -0.023973201072726671 0.013280815371684742 -0.00055806192831896315 0.034067255596301367 0.0076074053027144414 0.035602686699870635 0.003385770352337164 0.0010044686566771726 -0.016668780360444942 -0.008150579164705421 -0.022254380916965143
leaf_weight=875.42146447300911 15.573280874639748 602.81496658176184 184.43582628667355 168.48573283851147 15.278454072773458 187.56199944019318 16.041838776320219 7.2088272571563712 6.6987048313021651 291.92120659351349 313.87847357988358 12.37998743355274 124.28841202706099 8.2534866407513601 148.94137868285179 150.60245804488659 341.4127838127315 75.520864982157946 31.260898359119892
leaf_count=9596 244 8826 4174 2119 202 2320 245 82 83 3139 3956 125 1534 90 1681 1908 6455 1300 573
internal_value=-3.90153e-05 0.00411513 -0.0188151 -0.0013865 -0.00415984 0.00683267 0.00385646 -0.00486805 0.00825001 0.00905555 0.00389412 0.0085751 0.00175812 0.014199 0.00220825 0.00492216 -0.0148869 -0.00991475 -0.0122795
internal_weight=3577.98 2929.78 648.204 968.686 633.556 1961.09 335.13 610.024 1322.98 1167.34 638.109 199.942 438.167 23.5319 155.64 319.088 463.768 122.355 106.782
internal_count=48652 35906 12746 13472 9200 22434 4272 8908 14499 12735 7935 2445 5490 292 1764 4027 8572 2117 1873
is_linear=0
shrinkage=0.03


Tree=23
num_leaves=20
num_cat=0
split_feature=12 12 12 12 7 7 7 5 7 9 1 7 1 7 10 10 8 7 8
split_gain=295.795 46.1632 27.8916 14.3896 13.4908 10.7195 10.5991 21.2727 11.0652 10.551 9.44978 9.23644 6.85819 6.77566 7.65117 6.53333 4.58794 4.38602 4.66631
threshold=7.5000000000000009 3.5000000000000004 28.500000000000004 1.5000000000000002 470.92784626242155 492.89513403868779 10.030871167710986 50.95000000000001 458.71378785447149 0.30889318095608559 20.650000000000002 766.96674707323325 14.65 216.9330790850546 0.2357553540236472 0.34513881775693789 0.39236601842360869 450.07317474263562 0.3033374296903944
decision_type=2 2 2 2 2 2 2 2 2 2 2 2 2 2 2 2 2 2 2
left_child=1 3 17 13 10 -6 7 9 12 -3 -5 -10 -8 14 -1 -15 -9 -2 -19
right_child=2 6 -4 4 5 -7 8 16 11 -11 -12 -13 -14 15 -16 -17 -18 18 -20
leaf_value=0.016970171128651311 -0.016985845247259528 0.014642278187252094 -0.028823328946169229 0.0040191100807516911 0.021881114554415677 0.0060072761558441377 0.0014966390328981932 0.002400300018939084 0.0020148465407297785 0.062272795351362334 -0.0031669673344074602 -0.026580122447846768 -0.0096692335711938884 0.0056391518709200559 0.0076052584972691696 0.011968478452783385 -0.028261155500422554 -0.018191060659235377 -0.0076188234262942293
leaf_weight=141.40756789594889 289.91244299709797 8.8940289691090602 173.61114836856723 357.69579766690731 44.207940921187401 285.88360272720456 59.928815118968487 11.208512097597124 224.1067852973938 7.9067499116063109 305.23582355678082 10.649526331573723 284.68109239637852 835.67926985025406 176.54227009415627 178.05131945759058 7.2221753299236289 54.927972577512264 118.92329628765583
leaf_count=1511 5497 123 4036 4621 526 3455 840 164 2900 109 4121 168 4275 9199 1889 1900 105 1012 2201
internal_value=-3.94946e-05 0.00397797 -0.0185663 0.00591109 0.00317782 0.0081332 -0.00333402 0.0126421 -0.00430553 0.0370581 0.0007104 0.000717659 -0.00772745 0.00794927 0.0117703 0.00675083 -0.00961458 -0.0147266 -0.0109591
internal_weight=3576.68 2939.3 637.375 2324.7 993.023 330.092 614.598 35.2315 579.366 16.8008 662.932 234.756 344.61 1331.68 317.95 1013.73 18.4307 463.764 173.851
internal_count=48652 35906 12746 27222 12723 3981 8684 501 8183 232 8742 3068 5115 14499 3400 11099 269 8710 3213
is_linear=0
shrinkage=0.03


Tree=24
num_leaves=20
num_cat=0
split_feature=12 12 12 12 3 7 5 7 9 7 7 3 8 1 7 8 8 1 1
split_gain=282.13 43.2156 27.8165 13.3569 12.624 9.9146 19.3341 10.5138 8.99865 8.87764 7.89675 6.75532 6.63578 6.54275 6.33899 4.79307 4.45228 4.39784 5.21623
threshold=7.5000000000000009 3.5000000000000004 28.500000000000004 1.5000000000000002 4.4350000000000014 10.030871167710986 50.95000000000001 458.71378785447149 0.30889318095608559 766.96674707323325 606.6063217047672 4.5750000000000011 0.13832283699480488 14.65 234.24638419128331 0.090340648934080989 0.39236601842360869 14.950000000000001 9.5500000000000025
decision_type=2 2 2 2 2 2 2 2 2 2 2 2 2 2 2 2 2 2 2
left_child=1 3 17 12 10 6 8 13 -3 -9 -5 -6 15 -7 -14 -1 -8 18 -2
right_child=2 5 -4 4 11 7 16 9 -10 -11 -12 -13 14 -15 -16 -17 -18 -19 -20
leaf_value=0.013713976203194379 -0.023969428188467468 0.014026568894931391 -0.02871414432960305 -0.00085498091280804712 0.01617714863775789 0.0014498796935657008 0.0023234609737722641 0.001951085955214336 0.057289921111273123 -0.026391198659422552 0.013802047993822508 0.0053890388651933498 0.011395085236124671 -0.0094583862214031797 0.0066684693941990638 -0.020818291613598928 -0.02809253926024903 -0.016235360020977686 -0.0068616280123710858
leaf_weight=5.1152446717023876 19.04606569185853 9.0041855052113551 169.11117659881711 521.44753614813089 60.610774539411068 60.004537828266621 11.231457903981211 224.48178213834763 8.3297673687338811 10.40765470266342 35.323590010404587 378.22366584092379 345.74640887975693 282.33246578648686 976.88441623747349 12.354562819004057 7.0501625314354888 337.05992016941309 101.63765020295978
leaf_count=59 351 123 4036 6877 776 840 164 2900 109 168 440 4630 3671 4275 10617 152 105 6574 1785
internal_value=-4.00176e-05 0.00384563 -0.018317 0.00570601 0.00307399 -0.0032448 0.0121168 -0.00419263 0.0348166 0.000695275 7.49144e-05 0.00687907 0.00766143 -0.00754639 0.00790405 -0.0107071 -0.00940623 -0.0144758 -0.00956155
internal_weight=3575.4 2948.55 626.855 2335.71 995.606 612.842 35.6156 577.226 17.334 234.889 556.771 438.834 1340.1 342.337 1322.63 17.4698 18.2816 457.744 120.684
internal_count=48652 35906 12746 27222 12723 8684 501 8183 232 3068 7317 5406 14499 5115 14288 211 269 8710 2136
is_linear=0
shrinkage=0.03


Tree=25
num_leaves=20
num_cat=0
split_feature=12 12 12 12 7 1 7 5 1 1 1 9 7 7 8 8 7 12 6
split_gain=269.08 40.4642 27.7338 12.4048 12.2183 9.8634 9.27898 17.6174 10.2382 14.1023 8.51748 7.73596 6.36983 7.36826 5.0035 4.32009 4.30275 4.66801 8.50672
threshold=7.5000000000000009 3.5000000000000004 29.500000000000004 1.5000000000000002 470.92784626242155 12.950000000000001 10.030871167710986 50.95000000000001 38.550000000000004 37.45000000000001 20.650000000000002 0.30889318095608559 636.45379877027869 474.50842076760665 0.18685836832135325 0.39236601842360869 450.07317474263562 12.500000000000002 19.911147911828948
decision_type=2 2 2 2 2 2 2 2 2 2 2 2 2 2 2 2 2 2 2
left_child=1 3 16 12 10 -6 7 11 9 -8 -5 -3 13 -1 -14 -9 -2 18 -18
right_child=2 6 -4 4 5 -7 8 15 -10 -11 -12 -13 14 -15 -16 -17 17 -19 -20
leaf_value=0.006772191361763537 -0.016533776110101261 0.013444219497481806 -0.028738923979195561 0.0037442806188484729 -0.0002604221314974238 0.011018564909544159 -0.0036131837646793991 0.0022492325752516587 -0.020425743571336037 0.042660485770520631 -0.003072702444450166 0.052957788643385698 -0.023819689650165239 0.012219778281815872 0.002836742252685653 -0.027923870596553175 -0.0084665454889569537 -0.015099791786514018 0.024139777081783512
leaf_weight=892.57517616450787 284.37706035375595 9.1107196882367152 161.70987972617149 360.15481331944466 99.389774318784475 234.22335247322917 536.60728188231587 11.253705568611624 32.544936686754227 5.993622086942195 304.356181435287 8.7343118637800199 6.6151035949587813 298.08692380040884 150.97124940901995 6.8825035355985156 70.64805443584919 91.864832803606987 8.0184537246823293
leaf_count=9596 5559 123 3962 4621 1166 2815 7617 164 478 88 4121 109 83 3139 1681 105 1314 1770 141
internal_value=-4.04263e-05 0.00371815 -0.0180678 0.00550901 0.00297383 0.00765834 -0.00315771 0.0116217 -0.00408231 -0.00310204 0.000621998 0.0327843 0.00738584 0.00813602 0.00171777 -0.00920115 -0.0142744 -0.0105067 -0.00514299
internal_weight=3574.12 2957.5 616.618 2346.37 998.124 333.613 611.127 35.9812 575.146 542.601 664.511 17.845 1348.25 1190.66 157.586 18.1362 454.908 170.531 78.6665
internal_count=48652 35906 12746 27222 12723 3981 8684 501 8183 7705 8742 232 14499 12735 1764 269 8784 3225 1455
is_linear=0
shrinkage=0.03


Tree=26
num_leaves=20
num_cat=0
split_feature=12 12 12 12 7 9 7 5 7 7 9 1 8 1 0 1 0 12 8
split_gain=256.613 37.8951 27.6395 11.5261 11.4547 11.2422 8.68771 16.0903 10.0114 8.56639 6.69713 6.24265 6.15105 6.27843 5.21909 4.28705 5.28963 6.05035 4.19128
threshold=7.5000000000000009 3.5000000000000004 29.500000000000004 1.5000000000000002 438.39240052954966 0.1276880252762583 10.030871167710986 50.95000000000001 458.71378785447149 766.96674707323325 0.30889318095608559 14.65 0.14632943131559237 24.450000000000003 22.050000000000004 14.950000000000001 37.250000000000007 12.500000000000002 0.39236601842360869
decision_type=2 2 2 2 2 2 2 2 2 2 2 2 2 2 2 2 2 2 2
left_child=1 3 15 12 14 -6 7 10 11 -10 -3 -8 -1 -14 -5 16 17 -2 -9
right_child=2 6 -4 4 5 -7 8 18 9 -11 -12 -13 13 -15 -16 -17 -18 -19 -20
leaf_value=-0.008267683687871898 0.0011901531154072272 0.012892799393522818 -0.028631799206266729 0.031938249613938277 0.030682194733240725 0.0057205533453624068 0.0015174870580460618 0.0021775170890753334 0.002015347765698952 -0.026175471532569519 0.049155336238143311 -0.0091567444613699141 0.0084495059477960634 0.0033976391606059526 -2.3561952168245647e-05 -0.015782604590886345 -0.024714715525883005 -0.013460605636560449 -0.027755037545903544
leaf_weight=22.978468224406242 47.960629768669605 9.2137604951858538 157.50896251574159 4.6341667622327796 16.946224931627512 388.89596424996853 59.895109355449677 11.275276347994806 224.1028746291995 10.140144366770981 9.1214409470558149 279.02939606830478 1052.7852961272001 280.3692384660244 590.07479197531939 330.51296547427773 16.830615695565939 53.856760170310736 6.7191125117242327
leaf_count=275 838 123 3962 60 204 4639 840 164 2900 168 109 4275 11073 3151 7820 6640 310 996 105
internal_value=-4.07892e-05 0.00359527 -0.0178185 0.00531971 0.00287717 0.00676284 -0.00307248 0.011154 -0.00397421 0.000794996 0.0309328 -0.00727038 0.00712182 0.00738707 0.000225495 -0.0140266 -0.00913482 -0.00655943 -0.00899931
internal_weight=3572.85 2966.18 606.67 2356.68 1000.55 405.842 609.497 36.3296 573.168 234.243 18.3352 338.925 1356.13 1333.15 594.709 449.161 118.648 101.817 17.9944
internal_count=48652 35906 12746 27222 12723 4843 8684 501 8183 3068 232 5115 14499 14224 7880 8784 2144 1834 269
is_linear=0
shrinkage=0.03


Tree=27
num_leaves=20
num_cat=0
split_feature=12 12 12 12 3 7 3 7 8 7 7 7 2 10 2 4 6 12 4
split_gain=244.704 35.4961 27.5333 10.715 11.3289 8.15156 12.4412 9.66913 8.91511 8.23149 6.80683 6.67942 6.1933 9.57934 8.96791 6.12714 5.09526 4.25795 5.18453
threshold=7.5000000000000009 3.5000000000000004 29.500000000000004 1.5000000000000002 4.4350000000000014 17.292602364115449 3.6350000000000002 458.71378785447149 0.27838207667652487 766.96674707323325 606.6063217047672 659.41515552963222 21.850000000000005 0.34513881775693789 25.350000000000005 3.7450000000000006 7.7738159421405113 16.500000000000004 3.9150000000000005
decision_type=2 2 2 2 2 2 2 2 2 2 2 2 2 2 2 2 2 2 2
left_child=1 3 17 12 10 6 8 15 -3 -9 -5 -6 13 -1 -14 -7 -8 18 -2
right_child=2 5 -4 4 11 7 16 9 -10 -11 -12 -13 14 -15 -16 -17 -18 -19 -20
leaf_value=0.0072977317565563488 -0.0053507852790974321 0.061815179035203616 -0.028524126609273403 -0.00093076355698934595 0.0075461939268765084 0.0018044850674338924 0.021923449616601493 0.0019515704071112706 0.015271606196476372 -0.025984992684619405 0.012512100847882889 -0.0050550839206105931 0.0011068102712835275 0.016838524501064246 0.0078847341237551199 -0.0090136658915278122 -0.017035117169644891 -0.018071708730354255 -0.014175704601716207
leaf_weight=533.34413234889507 82.404798865318298 4.7494235560297993 153.42220088839531 522.54137118905783 402.32198756933212 56.754192061722279 3.8733781240880516 224.47795756161213 16.823730040341616 9.9115065485239011 36.252217330038548 41.789802972227335 310.34685960412025 115.16410899162292 404.90254519879818 277.53850111365318 13.735506169497965 141.64137459173799 219.5243017449975
leaf_count=5672 1462 59 3962 6877 4900 793 59 2900 215 168 440 506 3329 1185 4313 4283 207 2921 4401
internal_value=-4.10496e-05 0.00347691 -0.0175694 0.00513779 0.00278389 -0.00298956 0.0102456 -0.00390146 0.0255184 0.000770231 -5.86461e-05 0.00636045 0.00686885 0.00899202 0.00494379 -0.00717703 -0.00846551 -0.0137803 -0.0117671
internal_weight=3571.52 2974.53 596.993 2366.66 1002.91 607.864 39.182 568.682 21.5732 234.389 558.794 444.112 1363.76 648.508 715.249 334.293 17.6089 443.57 301.929
internal_count=48652 35906 12746 27222 12723 8684 540 8144 274 3068 7317 5406 14499 6857 7642 5076 266 8784 5863
is_linear=0
shrinkage=0.03


Tree=28
num_leaves=20
num_cat=0
split_feature=12 12 12 7 10 7 1 7 2 0 1 7 1 10 4 0 7 7 2
split_gain=233.323 33.3782 27.416 12.3374 9.5046 8.2553 8.13695 12.9864 6.86452 6.15017 6.01573 9.68453 8.10423 10.0735 8.33621 7.33209 5.93393 4.25529 4.58087
threshold=7.5000000000000009 2.5000000000000004 29.500000000000004 474.50842076760665 0.36987099461754352 766.96674707323325 10.15 440.04919390153839 51.050000000000004 27.250000000000004 24.050000000000004 474.50842076760665 13.050000000000002 0.34513881775693789 3.8750000000000004 23.850000000000005 267.61999993582629 450.07317474263562 18.450000000000003
decision_type=2 2 2 2 2 2 2 2 2 2 2 2 2 2 2 2 2 2 2
left_child=1 10 17 6 5 -5 7 -3 -8 -6 12 16 13 -1 -14 -13 -12 -2 -19
right_child=2 3 -4 4 9 -7 8 -9 -10 -11 11 15 14 -15 -16 -17 -18 18 -20
leaf_value=0.00026507363853915276 -0.01583355002292813 -0.00077823323665390169 -0.028415825829066925 0.002515294587220762 0.052834392591958566 -0.022422930096676886 -0.004551814168274511 0.055050086643188188 0.03862151844227512 0.013016518569034652 0.0037323646127486623 -0.022671936111178893 0.01318263741728572 0.013078227657434998 0.0065191205948004075 0.012339623291355595 -0.0039780915333424566 -0.027017459855201015 -0.0082862964615553966
leaf_weight=303.88325959444046 273.13052961230278 12.213203087449076 149.44682115316391 283.72909221798182 3.8339258357882491 12.471731815487145 603.70958989858627 5.4114170894026747 3.3328252211213103 39.053175494074821 198.17197857052088 5.6836955621838561 204.47656984627247 67.485494770109653 973.00226423889399 101.84942748397589 164.31343481689692 12.733228489756582 152.27097901701927
leaf_count=3349 5559 162 3962 3549 44 211 8944 57 37 468 2298 65 2216 713 10659 1142 1992 249 2976
internal_value=-4.12563e-05 0.00336274 -0.0173203 -0.00123055 0.00337644 0.00146525 -0.00373137 0.0163631 -0.00431478 0.0165761 0.00555546 0.00258271 0.00645758 0.00259349 0.00767628 0.0104891 0.00023724 -0.0135356 -0.00973176
internal_weight=3570.2 2982.62 587.582 963.755 339.088 296.201 624.667 17.6246 607.042 42.8871 2018.87 470.019 1548.85 371.369 1177.48 107.533 362.485 438.135 165.004
internal_count=48652 35906 12746 13472 4272 3760 9200 219 8981 512 22434 5497 16937 4062 12875 1207 4290 8784 3225
is_linear=0
shrinkage=0.03


Tree=29
num_leaves=20
num_cat=0
split_feature=4 7 5 7 2 0 10 9 2 3 7 8 7 2 10 3 2 7 6
split_gain=19.2054 21.2777 16.6927 14.4178 9.86096 7.65892 7.17088 13.3306 12.6389 10.1513 9.03746 8.92667 10.2527 10.6738 8.69783 7.09228 6.36618 5.89918 18.5999
threshold=5.495000000000001 10.030871167710986 14.450000000000001 474.50842076760665 35.350000000000001 32.850000000000001 0.37190696326984291 0.32454200304021047 20.450000000000003 3.9650000000000003 403.83010557190795 0.24831592314143064 786.7893490010091 34.850000000000001 0.385779331225095 3.8050000000000002 29.550000000000004 483.73091198586718 15.545752358600893
decision_type=2 2 2 2 2 2 2 2 2 2 2 2 2 2 2 2 2 2 2
left_child=6 2 -2 -3 5 -4 11 9 14 15 -11 12 13 -1 -9 -8 -10 18 -5
right_child=1 3 4 17 -6 -7 7 8 16 10 -12 -13 -14 -15 -16 -17 -18 -19 -20
leaf_value=0.0052066208031915822 0.074822182255981542 -0.0061148083055699255 0.0095231256642113113 -0.00019967438859039719 0.039274297584281137 -0.0065034147254735457 0.016659817022831414 0.040906243884291656 -0.014597304366460879 0.00054198946368609179 0.015828711310679498 0.00017206302267246877 -0.022229811240422476 0.027205835454438852 0.0047354049254161121 0.05897613923795552 0.0067267586052496926 0.00021711980923376051 0.063505929897302291
leaf_weight=277.97481692954898 3.3133584260940543 887.09775096178055 88.046374034136534 15.673980385065081 7.8567438349127761 38.603097379207611 7.8519116677343828 7.6871850155293933 52.251177087426186 59.878170192241669 83.127584408968687 1650.4732921235263 11.383443947881458 21.375709623098373 26.992704764008522 6.5283664911985397 16.604472283273935 300.58838706836104 5.5978799127042285
leaf_count=3643 34 13164 1122 226 93 524 104 96 692 784 1023 21782 155 270 352 88 220 4204 76
internal_value=-4.14074e-05 -0.00286825 0.00830002 -0.00414142 0.00666135 0.00463819 0.00167187 0.00634416 -0.00201628 0.011844 0.00942798 0.00105026 0.00571486 0.00677752 0.0127531 0.0358706 -0.00945503 0.00129756 0.016565
internal_weight=3568.91 1346.78 137.82 1208.96 134.506 126.649 2222.13 260.922 103.536 157.386 143.006 1961.21 310.734 299.351 34.6799 14.3803 68.8556 321.86 21.2719
internal_count=48652 19443 1773 17670 1739 1646 29209 3359 1360 1999 1807 25850 4068 3913 448 192 912 4506 302
is_linear=0
shrinkage=0.03


Tree=30
num_leaves=20
num_cat=0
split_feature=3 7 5 7 1 7 6 10 6 6 7 8 7 10 4 3 2 9 9
split_gain=18.2414 18.2177 14.3541 12.3608 10.0054 11.0365 8.89298 8.76791 9.75137 8.19603 6.66862 5.74506 12.0358 11.7095 14.4041 11.0363 9.34406 7.94851 5.41738
threshold=4.3350000000000009 17.292602364115449 14.450000000000001 474.50842076760665 21.250000000000004 220.28375338964676 4.2474898418117242 0.31564996199660922 16.583628585128306 25.713175912626934 595.6250649823088 0.24831592314143064 559.78434907175063 0.15898361261880248 2.0650000000000004 5.5450000000000008 19.850000000000005 0.43904449435529652 0.21599622743129346
decision_type=2 2 2 2 2 2 2 2 2 2 2 2 2 2 2 2 2 2 2
left_child=1 2 -1 4 5 -3 10 -4 -9 -8 -5 12 13 16 -15 17 -2 -14 -13
right_child=11 3 7 6 -6 -7 9 8 -10 -11 -12 18 15 14 -16 -17 -18 -19 -20
leaf_value=0.066751418545555233 0.049538673802357609 0.0058777843585669188 0.0017760443676926338 -0.02023959368165618 -0.0066131252826411632 -0.0045263168125391244 0.0018958315174756645 0.0096725812107497956 0.043022452169044378 0.034463115158250096 0.0048234996666914453 0.0050940954468337045 -0.00077692115909248059 0.069228091556485308 0.0051574040110732361 -0.024892989096828869 0.015783040930691546 0.04697296200730143 0.0005151236390946505
leaf_weight=3.5699615664780131 10.152292877435682 142.90105128288269 121.51491325721145 28.655563939362764 803.55652435496449 256.41627502441406 408.12935997918248 34.393291760236025 10.240152094513176 7.0753412060439578 14.333784654736517 289.7739753164351 44.609308663755655 3.2198924943804732 164.2705414108932 18.13048429787159 27.032606165856123 3.3748628869652739 1177.3144542239606
leaf_count=35 125 1896 1578 407 12052 3547 5599 447 128 84 199 3780 567 39 2156 222 349 43 15399
internal_value=-4.08444e-05 -0.00213057 0.00723165 -0.00308714 -0.00468436 -0.00080307 0.00110596 0.00595278 0.017324 0.0024508 -0.0118829 0.00216059 0.00617546 0.00977013 0.00638912 -0.0049528 0.0249991 0.00258146 0.00141955
internal_weight=3568.66 1830.79 169.718 1661.07 1202.87 399.317 458.194 166.148 44.6334 415.205 42.9893 1737.88 270.79 204.675 167.49 66.1147 37.1849 47.9842 1467.09
internal_count=48652 25972 2188 23784 17495 5443 6289 2153 575 5683 606 22680 3501 2669 2195 832 474 610 19179
is_linear=0
shrinkage=0.03


Tree=31
num_leaves=20
num_cat=0
split_feature=12 12 12 12 7 9 7 5 1 1 7 7 8 8 7 2 12 4 1
split_gain=221.886 31.6274 27.2757 9.50562 9.6907 9.96131 7.23682 11.6584 9.64712 13.1765 5.93611 6.05749 5.77202 4.57056 4.49536 4.47565 4.21863 4.90965 11.1302
threshold=7.5000000000000009 3.5000000000000004 29.500000000000004 1.5000000000000002 438.39240052954966 0.1276880252762583 17.292602364115449 50.95000000000001 38.550000000000004 37.45000000000001 636.45379877027869 496.62198730537614 0.28223647863553519 0.18685836832135325 400.04031939572832 19.550000000000004 16.500000000000004 3.7450000000000006 13.15
decision_type=2 2 2 2 2 2 2 2 2 2 2 2 2 2 2 2 2 2 2
left_child=1 3 16 10 14 -6 7 12 9 -8 11 -1 -3 -12 -5 -9 17 18 -2
right_child=2 6 -4 4 5 -7 8 15 -10 -11 13 -13 -14 -15 -16 -17 -18 -19 -20
leaf_value=0.0060543325834210909 -0.012304339109844482 0.052762946278447444 -0.028300690572286517 0.0011539162714540388 0.028220395129514325 0.0051424155614989541 -0.0033025290079567943 -0.03228529522444043 -0.019906349247776949 0.040947491764108328 -0.023623217074603891 0.011271990482317456 0.016072342206757958 0.0020408947293463213 -0.0065743336362466698 0.0011804548733991733 -0.017618161509694207 -0.013431706834563325 0.01345730736196175
leaf_weight=963.99957234412432 49.012160625308752 5.2393494173884418 145.35286344215274 518.03527580946684 17.583946943283081 394.19236916676164 528.1665101274848 4.7096328474581268 31.396119736135006 6.1266508959233752 6.5093929171562186 252.76259671151638 14.645718969404696 153.99135299772024 77.930371336638927 15.219208236783741 137.55588474869728 224.18231290951371 21.810697339475155
leaf_count=10150 884 62 3962 6856 204 4639 7579 72 477 88 83 2585 177 1681 1024 229 2921 4593 386
internal_value=-4.02535e-05 0.00324832 -0.0170575 0.00480283 0.00258871 0.00612791 -0.00287471 0.00948785 -0.00374481 -0.00279512 0.0064229 0.00713822 0.0257396 0.00100004 0.000143346 -0.00672825 -0.0132795 -0.0112564 -0.00437075
internal_weight=3568.42 2990.51 577.914 2385 1007.74 411.776 605.503 39.8139 565.689 534.293 1377.26 1216.76 19.8851 160.501 595.966 19.9288 432.561 295.005 70.8229
internal_count=48652 35906 12746 27222 12723 4843 8684 540 8144 7667 14499 12735 239 1764 7880 301 8784 5863 1270
is_linear=0
shrinkage=0.03


Tree=32
num_leaves=20
num_cat=0
split_feature=12 12 12 12 3 2 7 5 7 3 7 8 7 8 12 4 0 0 1
split_gain=211.525 29.6412 27.134 8.84747 9.57722 6.95968 7.14371 10.6173 8.9339 6.17936 5.79523 5.74377 5.82871 4.50733 4.12585 4.75688 7.26759 3.99682 3.46119
threshold=7.5000000000000009 3.5000000000000004 29.500000000000004 1.5000000000000002 4.4350000000000014 51.050000000000004 17.292602364115449 50.95000000000001 458.71378785447149 4.5750000000000011 606.6063217047672 0.13832283699480488 234.24638419128331 0.090340648934080989 16.500000000000004 3.9150000000000005 37.250000000000007 29.850000000000005 32.550000000000004
decision_type=2 2 2 2 2 2 2 2 2 2 2 2 2 2 2 2 2 2 2
left_child=1 3 14 11 10 6 7 -3 -8 -6 -5 13 -13 -1 15 16 -2 -17 -16
right_child=2 5 -4 4 9 -7 8 -9 -10 -11 -12 12 -14 -15 18 17 -18 -19 -20
leaf_value=0.012435100426342363 -0.0011527420474941829 0.024439425198064024 -0.028190863841702614 -0.00092939635430629337 0.014508753559962175 0.041150304032454059 -0.007109892330550518 -0.0064601296663333481 0.00056963589387861401 0.0043501262483414552 0.011335657429768085 0.0097067864751737964 0.0052504509662852413 -0.020773992372730234 -0.015513600978557942 -0.0064400031393194333 -0.02668854898290559 -0.015850954078480195 -0.029779284556855481
leaf_weight=5.2455804273486164 69.261764165014029 20.305458284914494 141.59832751378417 522.42411687225103 62.590910226106644 3.2259175404906264 326.84512233361602 19.73502929136157 233.90739184245467 387.71386975422502 37.136261653155088 357.8629937171936 1008.7921365275979 12.311080947518347 117.79670431092381 54.891260348260403 11.729463633149861 156.16650547087193 17.592770859599113
leaf_count=59 1242 239 3962 6877 776 37 5052 300 3056 4630 440 3671 10617 152 2528 1156 220 3245 393
internal_value=-4.03813e-05 0.00314228 -0.0168089 0.00464059 0.00250543 -0.0027964 -0.00303237 0.00920975 -0.00390652 0.00576214 -0.000115403 0.00619832 0.00641736 -0.0108518 -0.0130384 -0.0110316 -0.00485094 -0.0134034 -0.0173673
internal_weight=3567.13 2998.1 569.037 2394.08 1009.87 604.019 600.793 40.0405 560.753 450.305 559.56 1384.21 1366.66 17.5567 427.438 292.049 80.9912 211.058 135.389
internal_count=48652 35906 12746 27222 12723 8684 8647 539 8108 5406 7317 14499 14288 211 8784 5863 1462 4401 2921
is_linear=0
shrinkage=0.03


Tree=33
num_leaves=20
num_cat=0
split_feature=12 12 12 12 3 7 3 1 1 8 7 9 6 7 7 6 7 8 0
split_gain=201.63 27.7817 26.9805 8.23807 8.94999 6.36431 9.69838 9.3092 12.0458 6.70912 6.06776 5.84197 6.82403 5.40597 5.16632 4.8288 4.09047 4.9528 6.92858
threshold=7.5000000000000009 3.5000000000000004 29.500000000000004 1.5000000000000002 4.4350000000000014 17.292602364115449 3.6350000000000002 38.550000000000004 37.45000000000001 0.27838207667652487 659.41515552963222 0.33763793295067451 15.47696562988188 606.6063217047672 276.26599818487449 7.7738159421405113 450.07317474263562 0.3033374296903944 37.050000000000004
decision_type=2 2 2 2 2 2 2 2 2 2 2 2 2 2 2 2 2 2 2
left_child=1 3 16 11 13 6 9 8 -7 -3 -6 14 -13 -5 -1 -8 -2 -18 -19
right_child=2 5 -4 4 10 7 15 -9 -10 -11 -12 12 -14 -15 -16 -17 17 18 -20
leaf_value=0.010670881699370216 -0.015106718111892684 0.051059590533327044 -0.028080190525360278 -0.0009022232914348622 0.0066751861339395214 -0.0031136718655184995 0.021133080666560791 -0.019594151358445083 0.038532599169901212 0.012663290697239597 -0.0052855139946301625 0.0055653726563713157 -0.0023431990039244834 0.010893277866247025 0.0058352010491657547 -0.016675310786609481 -0.016805822979712139 -0.0027852425177781362 -0.026775544812465725
leaf_weight=293.86028864979744 262.23805145919323 5.328471019864085 137.94692546501756 522.01996451616287 410.33853707462549 525.04070522263646 3.9273212701082256 30.754242368042469 6.325947977602481 17.703232698142529 42.088588379323483 344.83872439712286 137.28795056790113 37.479691989719868 614.95546531677246 13.459541931748388 50.425505563616753 97.609079789370298 12.187478110194204
leaf_count=3003 5559 59 3962 6877 4900 7579 59 477 88 215 506 3634 1444 440 6418 207 1015 1968 242
internal_value=-4.04083e-05 0.00304008 -0.0165608 0.00448444 0.002425 -0.0027199 0.00877827 -0.00354666 -0.00261787 0.0215464 0.0055625 0.00598271 0.00331337 -0.000112068 0.00739879 -0.0081352 -0.0127993 -0.00902269 -0.00544818
internal_weight=3565.82 3005.41 560.407 2402.87 1011.93 602.539 40.4186 562.121 531.367 23.0317 452.427 1390.94 482.127 559.5 908.816 17.3869 422.46 160.222 109.797
internal_count=48652 35906 12746 27222 12723 8684 540 8144 7667 274 5406 14499 5078 7317 9421 266 8784 3225 2210
is_linear=0
shrinkage=0.03


Tree=34
num_leaves=20
num_cat=0
split_feature=12 12 12 7 10 7 1 8 8 8 7 11 12 1 0 7 12 11 4
split_gain=192.168 26.8175 26.0467 10.6507 8.45606 7.77867 7.40415 16.8914 6.78712 8.1892 10.4804 6.82867 5.97628 5.49626 5.46403 4.61755 4.08879 4.78222 5.04853
threshold=7.5000000000000009 29.500000000000004 2.5000000000000004 474.50842076760665 0.36987099461754352 766.96674707323325 10.15 0.44778215141436356 0.14632943131559237 0.28223647863553519 749.40835223607758 0.46448992615983836 1.5000000000000002 50.400000000000006 27.250000000000004 410.8638455306907 16.500000000000004 0.58272160316257104 3.7450000000000006
decision_type=2 2 2 2 2 2 2 2 2 2 2 2 2 2 2 2 2 2 2
left_child=2 16 8 6 5 -5 7 -4 11 10 -10 -1 -11 -8 -6 -13 17 -2 -19
right_child=1 -3 3 4 14 -7 13 -9 9 12 -12 15 -14 -15 -16 -17 -18 18 -20
leaf_value=0.030364689796115604 -0.031656789870752128 -0.027968603266196455 0.0018130512832477939 0.0023110693990583742 0.048791012095353824 -0.022155707493547193 -0.0042484386609530902 0.07744691858167442 0.009522177655766309 0.0052912181479463534 -0.011608603358540092 -0.02276318323376187 0.0012708610678895437 0.036501068608625023 0.012060582570167554 -0.00033131665296242503 -0.016933460214109696 -0.0026459411413933781 -0.012119244433257874
leaf_weight=3.7701241895556441 9.3419276624917966 134.39606536924839 14.643948428332807 285.18377406895161 4.0124517828226081 12.194937370717524 598.54843310266733 3.2467167451977721 451.51595877856016 1055.2285175025463 22.161413222551346 17.610964968800545 486.04615177214146 2.9938650317490092 39.808609496802092 15.552504718303679 131.77723530307412 66.73650960996747 209.77663829922676
leaf_count=43 190 3962 182 3549 44 211 8947 37 4854 10943 252 217 5940 34 468 185 2921 1220 4453
internal_value=-4.04168e-05 -0.0163125 0.00294136 -0.00113554 0.00312069 0.00130773 -0.00347999 0.0155387 0.00485005 0.00508364 0.00853356 -0.00789405 0.00402339 -0.00404563 0.0154238 -0.0122434 -0.0125615 -0.0105461 -0.00983286
internal_weight=3564.55 552.028 3012.52 960.633 341.2 297.379 619.433 17.8907 2051.89 2014.95 473.677 36.9336 1541.27 601.542 43.8211 33.1635 417.632 285.855 276.513
internal_count=48652 12746 35906 13472 4272 3760 9200 219 22434 21989 5106 445 16883 8981 512 402 8784 5863 5673
is_linear=0
shrinkage=0.03


Tree=35
num_leaves=20
num_cat=0
split_feature=12 12 12 1 7 7 1 10 7 3 2 7 5 1 7 7 2 4 2
split_gain=183.129 26.6421 24.8445 7.27 9.48819 9.35825 7.43032 12.6393 7.19949 6.5067 6.38268 6.35558 9.08424 8.5845 3.99836 4.72415 4.89923 4.69811 4.6713
threshold=7.5000000000000009 29.500000000000004 3.5000000000000004 21.250000000000004 474.50842076760665 481.92842110558178 13.050000000000002 0.34513881775693789 17.292602364115449 3.4950000000000006 51.050000000000004 17.292602364115449 50.95000000000001 38.550000000000004 450.07317474263562 175.0004291019184 21.850000000000005 5.035000000000001 18.450000000000003
decision_type=2 2 2 2 2 2 2 2 2 2 2 2 2 2 2 2 2 2 2
left_child=2 14 3 6 8 -6 7 -1 -5 -8 11 12 -4 -13 15 17 -17 -2 -16
right_child=1 -3 10 4 5 -7 9 -9 -10 -11 -12 13 -14 -15 18 16 -18 -19 -20
leaf_value=-0.00031708574126002313 0.005102602184498318 -0.027856032168953618 0.022300060685184978 0.0076906550101383591 0.037081010231521397 0.0063201272530638963 0.026646057392113918 0.012928947450211418 -0.0011279020229645177 0.0064145934886017317 0.038843982818235444 -0.0027908904403158184 -0.006124999668138586 -0.019268013031535667 -0.026593602301763931 -0.011910087725840825 -0.021777098403654552 -0.012540367335940269 -0.0070791190422521098
leaf_weight=358.87739741429687 17.995299361646175 130.94321659952402 21.02988563477993 98.230915926396847 9.3624405115842801 180.60494558140635 14.490580670535563 79.127395134419203 548.89900597929955 1129.2485858313739 3.3234381154179564 526.58106815814972 19.502798359841108 30.083098609000444 11.947681646794079 84.016487468034029 98.254454549401999 55.411402948200703 145.30614634603262
leaf_count=3954 383 3962 239 1079 103 2003 162 820 6705 12396 37 7633 300 475 249 1816 2125 1235 2976
internal_value=-4.04106e-05 -0.016065 0.00284608 0.00420201 0.0019412 0.00783616 0.00539849 0.00207587 0.000210709 0.00667092 -0.0026155 -0.00284623 0.00862299 -0.00368134 -0.0123259 -0.0146411 -0.017229 -0.00821528 -0.00856177
internal_weight=3563.24 543.875 3019.36 2418.84 837.097 189.967 1581.74 438.005 647.13 1143.74 600.52 597.197 40.5327 556.664 412.931 255.678 182.271 73.4067 157.254
internal_count=48652 12746 35906 27222 9890 2106 17332 4774 7784 12558 8684 8647 539 8108 8784 5559 3941 1618 3225
is_linear=0
shrinkage=0.03


Tree=36
num_leaves=20
num_cat=0
split_feature=12 12 12 12 11 9 2 1 10 8 2 11 2 12 11 11 4 11 10
split_gain=174.495 26.4576 23.2955 7.00071 6.7531 7.00237 5.8437 5.68787 6.66922 5.71125 5.50924 8.13244 8.00225 3.89405 4.77291 5.00337 3.90271 4.24098 2.33348
threshold=7.5000000000000009 28.500000000000004 3.5000000000000004 1.5000000000000002 0.42615875868303094 0.38061238088636223 51.050000000000004 14.65 0.38344768090777109 0.25015566025941782 21.850000000000005 0.60165195644718172 25.350000000000005 16.500000000000004 0.58272160316257104 0.74904018980893328 6.2750000000000012 0.9999984447278949 0.36044134805350431
decision_type=2 2 2 2 2 2 2 2 2 2 2 2 2 2 2 2 2 2 2
left_child=2 13 3 10 -5 -6 7 9 -9 -4 11 -1 -12 14 -2 -16 17 -15 -3
right_child=1 18 6 4 5 -7 -8 8 -10 -11 12 -13 -14 16 15 -17 -18 -19 -20
leaf_value=0.023635488796499245 -0.031586694344718086 -0.02917072464167202 0.015448488485766033 0.047236603731755568 0.00073924415588659282 0.0068244927271756059 0.036515676766227731 -0.0056488648862746595 0.006694375000626627 -0.00031688247539840217 6.1235075408877567e-05 0.0067273252149754759 0.0063697254908616158 -0.017244915880079158 -0.00035175634409893679 -0.011203640672914265 -0.024384340153180157 -0.002803175139189026 -0.017432960639739172
leaf_weight=26.661175664514303 8.9827199876308423 112.61577718704939 24.88762491941452 2.9833847135305396 799.33617102727294 216.22589314728975 3.4276297166943541 404.85496997088194 43.643621034920216 122.34499168768525 318.79749438166618 644.31960459798574 418.58083513751626 61.047706618905067 46.067431643605232 224.98793400451541 38.49490574747324 26.135681048035622 17.629424553364515
leaf_count=273 190 3494 329 35 10020 2668 37 6030 635 1653 3329 6584 4313 1358 962 4711 908 581 542
internal_value=-4.03555e-05 -0.0158178 0.00275407 0.00406193 0.00216727 0.00203487 -0.00254346 -0.00276819 -0.00444774 0.00234803 0.00543218 0.00739916 0.00364232 -0.0120412 -0.0100723 -0.0093593 -0.0164284 -0.0129156 -0.027582
internal_weight=3562.02 535.962 3026.06 2426.9 1018.55 1015.56 599.159 595.731 448.499 147.233 1408.36 670.981 737.378 405.716 280.038 271.055 125.678 87.1834 130.245
internal_count=48652 12746 35906 27222 12723 12688 8684 8647 6665 1982 14499 6857 7642 8710 5863 5673 2847 1939 4036
is_linear=0
shrinkage=0.03


Tree=37
num_leaves=20
num_cat=0
split_feature=12 12 12 7 10 7 5 9 2 2 4 7 7 1 12 11 4 1 2
split_gain=166.25 26.266 21.8564 9.94785 7.62336 7.45576 7.0434 5.87528 5.74421 5.14626 4.93527 4.6769 9.1564 6.03165 3.93812 4.70624 4.94474 3.59464 2.87194
threshold=7.5000000000000009 29.500000000000004 2.5000000000000004 474.50842076760665 0.36987099461754352 766.96674707323325 90.90000000000002 0.23070052849480535 46.95000000000001 52.95000000000001 8.5650000000000031 641.39160031669235 472.70143769989221 12.950000000000001 16.500000000000004 0.58272160316257104 3.9150000000000005 32.550000000000004 19.950000000000003
decision_type=2 2 2 2 2 2 2 2 2 2 2 2 2 2 2 2 2 2 2
left_child=2 14 9 6 5 -5 8 -8 -4 11 -6 12 -1 -13 15 -2 -17 18 -16
right_child=1 -3 3 4 10 -7 7 -9 -10 -11 -12 13 -14 -15 17 16 -18 -19 -20
leaf_value=0.0036970527378941587 -0.031537410663591468 -0.027628360481800823 -0.004340745406759763 0.0022632499636701178 0.011185396658299162 -0.021917132856431945 0.035819025526440666 0.0031595233155547607 0.021969174183734612 -0.023455497823049672 0.043800258419767389 -0.0044676277088108616 0.0084783968863730141 0.0057917977791123046 -0.021953229949201247 -0.0026163035867479861 -0.011688115696225278 -0.029486246859822585 -0.011247463781887082
leaf_weight=1370.7323417961597 8.7306572906672937 124.33941835723817 584.98235592991114 285.51079750806093 39.846672255545855 11.957101911306379 6.932103835046294 17.402476482093334 7.5650899633765212 5.9532096311449996 4.6644274666905394 113.11487329378724 489.08570165932178 94.796153217554092 31.611051980406046 75.005975071340799 193.78000093623996 16.109837308526039 78.692207634449005
leaf_count=15000 190 3962 8826 3549 460 211 78 214 82 64 52 1253 5087 1030 727 1406 4267 393 1801
internal_value=-4.01993e-05 -0.0155714 0.00266533 -0.00108009 0.00302393 0.00129129 -0.00335522 0.0124631 -0.00400485 0.00439719 0.0146032 0.00447738 0.00495443 0.000210114 -0.0118599 -0.00986068 -0.00915658 -0.0162489 -0.0143156
internal_weight=3560.81 528.269 3032.54 958.861 341.979 297.468 616.882 24.3346 592.547 2073.68 44.5111 2067.73 1859.82 207.911 403.93 277.517 268.786 126.413 110.303
internal_count=48652 12746 35906 13472 4272 3760 9200 292 8908 22434 512 22370 20087 2283 8784 5863 5673 2921 2528
is_linear=0
shrinkage=0.03


Tree=38
num_leaves=20
num_cat=0
split_feature=12 12 12 3 1 2 7 7 7 7 1 1 3 8 4 6 7 8 0
split_gain=158.375 26.0565 20.8491 6.77714 9.07906 7.88999 14.1107 9.28164 6.69504 5.83132 8.66228 10.9477 8.46343 5.85682 5.26795 4.61101 3.93599 4.94248 7.07105
threshold=7.5000000000000009 29.500000000000004 3.5000000000000004 4.3350000000000009 13.050000000000002 36.850000000000001 273.38857923086942 472.70143769989221 562.3413102273006 17.292602364115449 38.550000000000004 37.45000000000001 3.6350000000000002 0.27838207667652487 3.3750000000000004 7.7738159421405113 450.07317474263562 0.3033374296903944 37.050000000000004
decision_type=2 2 2 2 2 2 2 2 2 2 2 2 2 2 2 2 2 2 2
left_child=2 16 3 5 8 7 -7 -1 -5 12 11 -11 13 -4 -6 -14 -2 -18 -19
right_child=1 -3 9 4 14 6 -8 -9 -10 10 -12 -13 15 -15 -16 -17 17 18 -20
leaf_value=0.00014852201984945725 -0.013973981246979123 -0.027512455360660347 0.047019730470714838 0.0051668538683146579 0.041664753529377374 0.030624349264503702 -0.00028254441224806481 0.0064397408118862338 -0.0023833367623689577 -0.0028417693785410662 -0.019028176613639484 0.036269022735100527 0.020832508458526272 0.01184392928719359 0.0070610487256869171 -0.016157738483193192 -0.015857714888001889 -0.0014854105744629316 -0.026390862396255991
leaf_weight=868.99430749565363 246.76976281404495 121.1653457172215 5.5814845860004452 239.39223103970289 3.9790047556161872 23.88950389623642 29.977824963629246 278.75939237326384 189.27247589826584 520.50538804754615 29.630406137555838 6.522015079855918 3.9481876641511944 17.993967924267054 807.25116510689259 13.083550188690422 47.696074511855841 93.630117192864418 11.52236073464155
leaf_count=10180 5559 3962 59 2566 41 267 342 3019 2071 7579 477 88 59 215 8736 207 1015 1968 242
internal_value=-4.00267e-05 -0.0153258 0.00257964 0.00380868 0.00536467 0.00220314 0.0134243 0.00167649 0.00183315 -0.0024445 -0.00324512 -0.00235777 0.00853074 0.0201718 0.00723078 -0.0075829 -0.0116308 -0.00784774 -0.00421449
internal_weight=3559.56 520.784 3038.78 2441.52 1239.89 1201.62 53.8673 1147.75 428.665 597.265 556.658 527.027 40.6072 23.5755 811.23 17.0317 399.618 152.849 105.152
internal_count=48652 12746 35906 27222 13414 13808 609 13199 4637 8684 8144 7667 540 274 8777 266 8784 3225 2210
is_linear=0
shrinkage=0.03


Tree=39
num_leaves=20
num_cat=0
split_feature=12 12 12 4 1 10 7 7 1 7 4 7 6 1 12 4 1 10 1
split_gain=150.846 25.8379 19.5589 6.42051 9.47777 9.6249 7.27637 7.24292 5.76582 5.49158 7.55985 7.82338 7.0121 5.46885 3.88848 4.46874 10.9928 6.32993 3.61663
threshold=7.5000000000000009 29.500000000000004 3.5000000000000004 5.4750000000000005 20.850000000000005 0.34513881775693789 474.50842076760665 481.92842110558178 50.400000000000006 766.96674707323325 3.0150000000000001 622.21847016236745 5.8097401019397408 13.050000000000002 16.500000000000004 3.7450000000000006 13.15 0.46596929191127423 32.550000000000004
decision_type=2 2 2 2 2 2 2 2 2 2 2 2 2 2 2 2 2 2 2
left_child=2 14 3 4 13 -6 8 -8 -5 10 12 -12 -4 -1 15 16 -2 -17 -16
right_child=1 -3 9 6 5 -7 7 -9 -10 -11 11 -13 -14 -15 18 17 -18 -19 -20
leaf_value=0.0017337058687813235 -0.010884011911817936 -0.02739531026304913 0.031311086119249959 -0.00012997287695791141 0.015225650933461794 0.067942708908756366 0.031316783599305995 0.005322754932322404 0.030508267854682192 -0.025374269352938621 -0.0040343562062605453 0.01205809185044945 0.0035464372172812155 0.0056781005575006907 -0.013873437038234441 -0.012292336295295499 0.015318908784119692 0.028346893681910679 -0.029362532538088768
leaf_weight=441.73046828061342 45.979218848049641 118.0796267259866 9.8130396977066976 666.82588471472263 16.619870230555538 3.836521014571189 10.164848357439039 189.50602808222175 5.5743127465248099 9.200984623283146 498.83267011865973 28.756330899894238 49.39545089006424 1114.6295374967158 107.7517526447773 201.69098696112633 20.986759841442108 3.509475737810134 15.521711476147173
leaf_count=4774 884 3962 124 7966 182 40 107 2063 55 168 7396 371 625 12035 2528 4515 386 78 393
internal_value=-3.99064e-05 -0.0150806 0.00249671 0.00368287 0.00482524 0.0251125 0.00161732 0.00664606 0.000124023 -0.00237711 -0.00201652 -0.00315723 0.00814807 0.00455859 -0.0114034 -0.00940129 -0.00267216 -0.0115973 -0.0158237
internal_weight=3558.41 513.52 3044.89 2448.89 1576.82 20.4564 872.071 199.671 672.4 595.998 586.797 527.589 59.2085 1556.36 395.44 272.166 66.966 205.2 123.273
internal_count=48652 12746 35906 27222 17031 222 10191 2170 8021 8684 8516 7767 749 16809 8784 5863 1270 4593 2921
is_linear=0
shrinkage=0.03


Tree=40
num_leaves=20
num_cat=0
split_feature=12 12 12 4 2 8 8 8 2 2 11 10 9 6 12 11 11 1 11
split_gain=143.665 25.6064 18.6231 7.45585 8.35123 7.34214 6.34843 7.4009 13.3721 7.26909 6.12389 5.87656 5.39856 4.709 3.78535 4.71614 4.97884 3.59636 3.34997
threshold=7.5000000000000009 29.500000000000004 2.5000000000000004 5.0750000000000011 18.050000000000004 0.53601802747732519 0.14632943131559237 0.28223647863553519 21.150000000000002 50.550000000000004 0.46448992615983836 0.19885570014194145 0.12341672335612007 9.0118677792287851 16.500000000000004 0.58272160316257104 0.74904018980893328 32.550000000000004 0.80600366543101909
decision_type=2 2 2 2 2 2 2 2 2 2 2 2 2 2 2 2 2 2 2
left_child=2 14 6 4 -4 -6 10 8 -8 -9 -1 12 -5 -13 15 -2 -17 -16 -12
right_child=1 -3 3 11 5 -7 7 9 -10 -11 18 13 -14 -15 17 16 -18 -19 -20
leaf_value=0.026993441759115472 -0.031456181005705366 -0.027276864609136347 0.040357524980951957 0.021639627152351293 0.00042502617602195971 0.021007962832395283 0.013389100583971313 0.0033688186845080362 0.0032740399224471281 -0.025753778546479759 -0.016784162842724295 -0.0070992859109846457 -0.010168647687320669 0.00081469262436697056 -0.013630974312446507 0.00061825278842781697 -0.010372894338671208 -0.029272237612450527 0.0083081388915653073
leaf_weight=3.9663409665226927 8.3046641387045366 115.07997023500502 4.9239511787891379 4.9832099303603163 479.65660032257438 16.121585723012686 200.85995382070541 1563.2304921895266 283.85672461241484 7.7519438937306395 27.620410829782486 97.221230063587427 132.2038361877203 222.60400397703052 106.3990395963192 44.74784279987216 216.81269687786698 15.108742147684096 5.7928283438086501
leaf_count=43 190 3962 66 71 6449 206 2104 16799 3002 84 333 1452 1972 3256 2528 962 4711 393 69
internal_value=-3.97316e-05 -0.0148368 0.00241669 -0.00104841 0.00148045 0.00109434 0.00400219 0.00422498 0.00746558 0.00322511 -0.0082503 -0.00381904 -0.00901324 -0.00159102 -0.0111789 -0.0091992 -0.00849253 -0.0155759 -0.0124339
internal_weight=3557.25 506.453 3050.79 957.714 500.702 495.778 2093.08 2055.7 484.717 1570.98 37.3796 457.012 137.187 319.825 391.373 269.865 261.561 121.508 33.4132
internal_count=48652 12746 35906 13472 6721 6655 22434 21989 5106 16883 445 6751 2043 4708 8784 5863 5673 2921 402
is_linear=0
shrinkage=0.03


Tree=41
num_leaves=20
num_cat=0
split_feature=12 12 12 3 1 10 7 6 7 1 1 5 1 10 9 8 7 7 8
split_gain=136.8 25.3665 17.4857 6.05091 7.99674 12.0323 6.6232 7.76013 5.60655 8.27001 10.1876 8.04729 5.57267 4.85785 4.35251 3.95424 3.88115 4.91935 4.88644
threshold=7.5000000000000009 29.500000000000004 3.5000000000000004 4.3350000000000009 13.050000000000002 0.34513881775693789 474.50842076760665 4.2474898418117242 17.292602364115449 38.550000000000004 37.45000000000001 50.95000000000001 14.050000000000002 0.066417621941831984 0.30889318095608559 0.39236601842360869 450.07317474263562 175.0004291019184 0.3033374296903944
decision_type=2 2 2 2 2 2 2 2 2 2 2 2 2 2 2 2 2 2 2
left_child=2 16 3 6 5 -5 12 -8 11 10 -10 14 -1 -6 -4 -13 17 -2 -18
right_child=1 -3 8 4 13 -7 7 -9 9 -11 -12 15 -14 -15 -16 -17 18 -19 -20
leaf_value=0.020867249563569949 -0.0065604920752028164 -0.027157058051986916 0.0071876793869581155 -0.00076593045547159312 0.018651178094480705 0.012195459337191572 -0.0093274377750288528 0.0074563959927827963 -0.0026822136797646596 -0.01867300211506338 0.034620891068261092 0.0047116939101798649 0.000418902764993072 0.0062078954350551956 0.034221863067586948 -0.023558902640307161 -0.015264911797816437 -0.01606872561590366 -0.0035091439963944745
leaf_weight=12.155649967491625 68.815196830779314 112.16413503885269 10.417306996881964 352.20891739428043 29.280234955251217 78.89940507337451 27.361912816762924 264.07531617954373 517.90934509038925 28.970105078071356 6.6740087866783133 12.156374055892231 905.9104919321835 792.43974205851555 11.040348589420317 7.0266619361937037 46.118612933903933 169.83635010197759 102.65709707513452
leaf_count=135 1618 3962 124 3837 311 800 299 2818 7579 477 88 185 10556 8466 115 116 1015 3941 2210
internal_value=-3.95061e-05 -0.0145935 0.00233936 0.00345401 0.00491523 0.0016062 0.00194045 0.00588063 -0.00227974 -0.00306934 -0.00220763 0.00847511 0.000689649 0.00665129 0.0210973 -0.0056437 -0.0109563 -0.013327 -0.00715329
internal_weight=3556.12 499.591 3056.53 2462.33 1252.83 431.108 1209.5 291.437 594.194 553.553 524.583 40.6407 918.066 821.72 21.4577 19.183 387.427 238.652 148.776
internal_count=48652 12746 35906 27222 13414 4637 13808 3117 8684 8144 7667 540 10691 8777 239 301 8784 5559 3225
is_linear=0
shrinkage=0.03


Tree=42
num_leaves=20
num_cat=0
split_feature=12 12 12 10 8 8 2 2 5 11 8 8 8 6 6 12 11 8 1
split_gain=130.243 25.1171 16.6411 7.15358 5.96464 6.8691 12.3071 6.92553 5.70494 5.69884 5.6917 9.0021 6.89605 4.81449 4.03867 3.72419 4.67707 4.85412 3.61028
threshold=7.5000000000000009 29.500000000000004 2.5000000000000004 0.37190696326984291 0.14632943131559237 0.28223647863553519 21.150000000000002 50.550000000000004 79.500000000000014 0.46448992615983836 0.3619269317382296 0.3309136865130245 0.50721979719952404 13.18067111115781 23.49638317234259 16.500000000000004 0.58272160316257104 0.21368868597129725 32.550000000000004
decision_type=2 2 2 2 2 2 2 2 2 2 2 2 2 2 2 2 2 2 2
left_child=2 15 4 8 9 6 -6 -7 14 -1 11 -5 -12 -10 -4 16 -2 -18 -17
right_child=1 -3 3 10 5 7 -8 -9 13 -11 12 -13 -14 -15 -16 18 17 -19 -20
leaf_value=0.025367594943218934 -0.031391940000257267 -0.027035833901330939 -0.0036483428248568935 0.0059849028087314597 0.012713721415531067 0.0031460800518788865 0.0030573494279118253 -0.025535708681967025 0.0070076868082973986 -0.012255014519342442 -0.0052773141129473936 0.033341213360873034 0.027954631336746524 -0.0030814501306888234 0.0099163221768584636 -0.013196392929780932 0.0061819193744419377 -0.0092501146208029406 -0.029147589842312919
leaf_weight=4.0679367631673804 7.969672877341508 109.32992335222661 647.10273331776261 47.207898803055286 203.50953947007656 1571.6498075276613 285.33940920233727 7.6134567037224761 103.11663656681776 33.167903970927 45.948691852390766 14.047590415924786 6.4030877240002146 72.495283432304859 20.376398012042046 104.0490691177547 19.882592651993036 237.13957915082574 14.556736705824731
leaf_count=43 190 3962 9396 634 2104 16799 3002 84 1336 402 629 184 83 934 276 2528 434 5239 393
internal_value=-3.92717e-05 -0.0143511 0.00226464 -0.00101617 0.00375548 0.00396974 0.00707733 0.00300781 -0.00196844 -0.00814482 0.00605075 0.0122585 -0.00121275 0.00284274 -0.00323425 -0.0107357 -0.00875815 -0.00805633 -0.0151541
internal_weight=3554.97 492.928 3062.05 956.698 2105.35 2068.11 488.849 1579.26 843.091 37.2358 113.607 61.2555 52.3518 175.612 667.479 383.598 264.992 257.022 118.606
internal_count=48652 12746 35906 13472 22434 21989 5106 16883 11942 445 1530 818 712 2270 9672 8784 5863 5673 2921
is_linear=0
shrinkage=0.03


Tree=43
num_leaves=20
num_cat=0
split_feature=12 12 12 7 7 4 7 12 11 12 7 9 7 2 0 3 0 0 1
split_gain=124.435 23.4916 17.6058 9.61082 12.2166 10.4585 9.96452 9.6488 6.36414 5.79989 7.30108 8.67139 5.24846 7.65777 5.49207 4.85021 6.27017 4.54259 4.32948
threshold=10.500000000000002 3.5000000000000004 29.500000000000004 17.292602364115449 337.34939178110977 6.7350000000000012 766.96674707323325 6.5000000000000009 0.83347417943353486 1.5000000000000002 438.39240052954966 0.1276880252762583 203.71603096954428 38.95000000000001 23.450000000000003 3.8350000000000004 32.050000000000004 22.050000000000004 23.650000000000002
decision_type=2 2 2 2 2 2 2 2 2 2 2 2 2 2 2 2 2 2 2
left_child=1 9 15 5 7 -3 -6 -5 -7 12 17 -12 13 -1 -14 -2 -17 -11 -18
right_child=2 3 -4 4 6 8 -8 -9 -10 10 11 -13 14 -15 -16 16 18 -19 -20
leaf_value=0.007040784097956808 -0.017786935318614579 -0.0053131844546815323 -0.026913134088793273 -0.005700694737825353 -0.00030173473932238858 0.043729886632263557 -0.027104417794157568 -0.01969322729506779 0.012459291065575567 0.0281922201563298 0.024555497964500766 0.0036209355360530501 -0.018436362498932487 0.034139341484896467 0.0037050595219226424 0.031473178281620183 -0.011150308555167542 -0.0008176838792723905 0.013502242270525665
leaf_weight=310.37249588221312 95.218190001323819 22.426640518009663 106.57519259862602 153.17879595607519 437.11811967566609 8.58879327401519 12.850669056177138 62.429491229355335 18.419124681502581 4.8974029570817939 18.618592485785484 408.77642212808132 10.174967952072619 9.6780496314167959 1109.375421885401 3.3318572230637065 152.07307254895568 603.06373332068324 6.6936361975967875
leaf_count=3048 2354 386 3962 2480 6671 111 249 1275 238 60 204 4639 118 93 11240 73 3464 7820 167
internal_value=-3.90007e-05 0.00185699 -0.0166597 -0.00293275 -0.00388064 0.00982955 -0.00106719 -0.00975224 0.0224037 0.00324073 0.00152826 0.00453291 0.00447234 0.00786022 0.00350383 -0.0124129 -0.00925621 -0.000583996 -0.010111
internal_weight=3553.86 3189.97 363.892 715.012 665.577 49.4346 449.969 215.608 27.0079 2474.96 1035.36 427.395 1439.6 320.051 1119.55 257.317 162.099 607.961 158.767
internal_count=48652 38632 10020 11410 10675 735 6920 3755 349 27222 12723 4843 14499 3141 11358 6058 3704 7880 3631
is_linear=0
shrinkage=0.03


Tree=44
num_leaves=20
num_cat=0
split_feature=12 12 12 12 3 9 9 6 9 9 6 1 9 10 6 10 2 9 10
split_gain=118.765 22.2417 17.4935 7.33642 8.31029 8.27604 6.41558 9.76834 10.3643 7.42138 5.37781 5.22441 5.20657 9.21082 6.15835 4.95009 4.94422 4.32011 5.2477
threshold=10.500000000000002 4.5000000000000009 29.500000000000004 1.5000000000000002 4.4350000000000014 0.29690243355553697 0.28708792946934775 4.849878217130196 0.26868658602864254 0.28509781520534078 4.7422455281741343 32.550000000000004 0.33763793295067451 0.33936798122406625 15.47696562988188 0.46596929191127423 18.050000000000004 0.38758800495031592 0.46596929191127423
decision_type=2 2 2 2 2 2 2 2 2 2 2 2 2 2 2 2 2 2 2
left_child=1 3 10 12 5 -5 7 8 -3 -9 -2 15 13 -1 -14 -12 -6 18 -8
right_child=2 6 -4 4 16 -7 17 9 -10 -11 11 -13 14 -15 -16 -17 -18 -19 -20
leaf_value=0.0041488037788191641 -0.024780471555910847 0.0093655003385260151 -0.02678890444281427 -0.0043535651775609844 0.032242159630560138 0.0021752428235702966 -0.010696555832144359 -0.0031608015529811105 0.064045446352622049 0.042969540658185208 -0.0095490741387942914 -0.022313376766361082 0.0039406951214072472 0.011545299744712773 -0.0034497585326343162 0.025555083098287832 0.0036325976575613092 -0.0021286290144153217 0.030173061586390913
leaf_weight=755.39050031080842 27.223137937486172 18.787280507385734 103.89784585684538 339.17176923155785 5.4902748838067046 360.4432186447084 170.24605683609843 193.19164638966322 3.741012316197156 3.1905661784112445 193.42794153280556 30.091985730454326 358.02661423385143 189.54877537488937 141.61435268074274 3.6841087266802779 554.8791852556169 97.740585695952177 2.8753032051026812
leaf_count=7592 651 320 3962 4510 63 4752 2849 3219 62 52 4550 772 3634 1829 1444 85 6624 1637 45
internal_value=-3.87866e-05 0.00179833 -0.016416 0.00286361 0.00119058 -0.000989909 -0.00408422 -0.000264931 0.0184456 -0.00241133 -0.0121802 -0.0106704 0.00432285 0.00563249 0.001846 -0.00889296 0.0039129 -0.00717097 -0.0100178
internal_weight=3552.66 3194.34 358.325 2704.56 1259.98 699.615 489.772 218.911 22.5283 196.382 254.427 227.204 1444.58 944.939 499.641 197.112 560.369 270.862 173.121
internal_count=48652 38632 10020 30448 15949 9262 8184 3653 382 3271 6058 5407 14499 9421 5078 4635 6687 4531 2894
is_linear=0
shrinkage=0.03


Tree=45
num_leaves=20
num_cat=0
split_feature=12 12 12 7 7 7 3 8 12 3 9 4 6 1 7 6 3 3 4
split_gain=113.336 20.9262 17.3728 7.89986 11.0614 10.8477 9.02448 7.35688 6.85801 7.79267 7.80797 5.39772 5.28843 5.11241 4.87038 6.31523 5.16505 4.66718 4.28828
threshold=10.500000000000002 4.5000000000000009 29.500000000000004 451.83990960869386 17.292602364115449 766.96674707323325 4.3750000000000009 0.17494543087086176 1.5000000000000002 4.4350000000000014 0.29690243355553697 3.7650000000000001 4.7422455281741343 32.550000000000004 216.9330790850546 1.5194529994190591 1.5950000000000004 4.6250000000000009 8.4350000000000005
decision_type=2 2 2 2 2 2 2 2 2 2 2 2 2 2 2 2 2 2 2
left_child=1 8 12 4 6 7 -3 -5 14 10 -10 -6 -2 18 15 -1 -16 -11 -14
right_child=2 3 -4 5 11 -7 -8 -9 9 17 -12 -13 13 -15 16 -17 -18 -19 -20
leaf_value=0.031215229554193154 -0.024595237210383713 0.014142484796441885 -0.026663091118181881 0.035731888549189975 -0.00013756788383192755 -0.031682378866108148 -0.032018124456795388 0.0011920997754896966 -0.0042385365432483389 0.0093548834771074296 0.0021061184065017465 -0.011324928097977818 -0.0091161092969750997 -0.022099198051975067 -0.023717962046738018 0.0065864721779736162 0.0033562857934442756 0.0024421200186178268 0.038468559950265054
leaf_weight=9.6361481845378858 26.614547712728381 31.436656035482883 101.29582833498716 5.7265436165034762 47.616667333990335 8.8809312097728235 4.337672632187604 180.07759492844343 337.94410173967481 109.0585125759244 361.09495578333735 209.98149228468537 193.80487643554807 29.481395702809095 6.3786529675126067 339.44590312242508 1093.9412125237286 453.09123001992702 1.7196021825075138
leaf_count=91 651 478 3962 90 756 180 76 2715 4510 1342 4752 3889 4592 772 75 3309 11024 5345 43
internal_value=-3.85234e-05 0.00174159 -0.0161726 -0.00397688 -0.0070861 0.000708435 0.00854547 0.00225663 0.00277124 0.00115356 -0.000961148 -0.00925696 -0.0119494 -0.0104536 0.00417885 0.00726633 0.00319933 0.00378321 -0.00869761
internal_weight=3551.56 3198.65 352.916 488.058 293.372 194.685 35.7743 185.804 2710.59 1261.19 699.039 257.598 251.62 225.006 1449.4 349.082 1100.32 562.15 195.524
internal_count=48652 38632 10020 8184 5199 2985 554 2805 30448 15949 9262 4645 6058 5407 14499 3400 11099 6687 4635
is_linear=0
shrinkage=0.03


Tree=46
num_leaves=20
num_cat=0
split_feature=12 12 12 7 7 4 7 12 8 8 2 7 9 10 3 0 10 1 9
split_gain=108.138 19.6942 17.244 8.67835 11.3145 9.42354 9.38519 9.26835 5.25583 6.02609 12.7103 6.03033 5.06892 4.93659 4.69834 5.95368 4.66741 4.19336 3.43206
threshold=10.500000000000002 3.5000000000000004 29.500000000000004 17.292602364115449 337.34939178110977 6.7350000000000012 766.96674707323325 6.5000000000000009 0.14632943131559237 0.28223647863553519 21.150000000000002 463.50825537476487 0.42249217246612641 0.11163277137934084 3.8350000000000004 32.050000000000004 0.35882012874387276 23.650000000000002 0.26868658602864254
decision_type=2 2 2 2 2 2 2 2 2 2 2 2 2 2 2 2 2 2 2
left_child=1 8 14 5 7 -3 -6 -5 12 10 -10 -11 13 -1 18 -16 -7 -17 -2
right_child=2 3 -4 4 6 16 -8 -9 9 11 -12 -13 -14 -15 15 17 -18 -19 -20
leaf_value=0.022358629607345915 -0.0093932206155857793 -0.0051668946670762241 -0.026535641390124744 -0.0053774647271280793 -0.00020296151170890489 0.025981714675654178 -0.026800652753039982 -0.019263933889944317 0.011059650536488535 0.0010177728276081399 0.002050702192101283 0.0045667096042451083 0.024230442258767873 -0.013715049629999787 0.030917538722806063 -0.010493933876878797 -0.0097200222490685904 0.013877420562757878 -0.021508805606542246
leaf_weight=3.7588042430579653 32.91807109862566 22.314503267407417 98.767142508178949 151.47709080949426 435.83315385878086 23.817756552249197 12.276127792894838 60.548380266875029 241.43686632439494 1192.792751390487 338.62744480744004 674.62697542831302 4.190955512225627 37.240772869437933 3.3606857918202868 147.64336404390633 3.8248897120356551 6.6397137865424147 58.332022687420249
leaf_count=42 855 386 3962 2480 6671 301 249 1275 2553 13381 3657 7083 51 455 73 3464 48 167 1499
internal_value=-3.82541e-05 0.00168673 -0.0159294 -0.00272088 -0.00363324 0.00933503 -0.000931616 -0.00934304 0.00294233 0.00312952 0.00580045 0.00229987 -0.0071955 -0.0104078 -0.0117205 -0.00858463 0.0210417 -0.00944509 -0.0171382
internal_weight=3550.43 3202.77 347.661 710.092 660.135 49.9571 448.109 212.025 2492.67 2447.48 580.064 1867.42 45.1905 40.9996 248.894 157.644 27.6426 154.283 91.2501
internal_count=48652 38632 10020 11410 10675 735 6920 3755 27222 26674 6210 20464 548 497 6058 3704 349 3631 2354
is_linear=0
shrinkage=0.03


Tree=47
num_leaves=20
num_cat=0
split_feature=12 12 12 7 7 7 6 12 9 0 3 6 1 9 10 6 10 10 12
split_gain=103.163 18.6634 17.1067 7.36367 10.2199 9.95594 6.41833 6.28308 7.38576 13.7363 6.4329 5.25959 4.98267 4.84752 8.48313 5.73627 4.69961 3.29372 5.70038
threshold=10.500000000000002 4.5000000000000009 29.500000000000004 766.96674707323325 451.83990960869386 17.292602364115449 3.4223810560883048 1.5000000000000002 0.3779393098350618 37.350000000000001 4.4350000000000014 4.7422455281741343 32.550000000000004 0.33763793295067451 0.33936798122406625 15.47696562988188 0.46596929191127423 0.36044134805350431 57.000000000000007
decision_type=2 2 2 2 2 2 2 2 2 2 2 2 2 2 2 2 2 2 2
left_child=1 7 11 4 5 -3 -6 13 10 -10 -9 -2 16 14 -1 -15 -13 -4 -19
right_child=2 3 17 -5 6 -7 -8 8 9 -11 -12 12 -14 15 -16 -17 -18 18 -20
leaf_value=0.0037778812903088987 -0.024322510788530476 0.0078808295320687803 -0.028603219881282428 -0.031587036859401667 0.023015698428884891 -0.0089143805371262232 0.00070039633885684075 -0.0023583067050163184 0.0037511408994756398 0.032985895975485263 0.0025199413502141397 -0.008918512280164801 -0.021715128227598843 0.0035681885173206767 0.010830191140569576 -0.0035485418003597512 0.025190183943016999 0.0089819736788389597 -0.030781182438954023
leaf_weight=761.94990802183747 25.755153439939022 36.304411996155977 83.256882205605507 8.4271485209465009 12.430122826248406 254.06675338372588 173.70122954621911 542.96817537024617 265.42610067874193 15.298567134886978 440.79644868522882 188.34473631717265 28.438599307090044 361.17567117139697 192.24035236239433 142.010737426579 3.707140550017356 6.035585964098571 7.0173564683645964
leaf_count=7592 651 554 3434 180 188 4645 2617 7224 3316 163 5246 4550 772 3634 1829 1444 85 244 284
internal_value=-3.79742e-05 0.00163365 -0.0156867 -0.00378855 -0.00329692 -0.00681452 0.00219064 0.00259967 0.00105227 0.00534434 -0.000172505 -0.011494 -0.00999553 0.00394227 0.00519871 0.00155968 -0.00826012 -0.0264065 -0.012395
internal_weight=3549.35 3206.8 342.555 484.93 476.503 290.371 186.131 2721.87 1264.49 280.725 983.765 246.246 220.49 1457.38 954.19 503.186 192.052 96.3098 13.0529
internal_count=48652 38632 10020 8184 8004 5199 2805 30448 15949 3479 12470 6058 5407 14499 9421 5078 4635 3962 528
is_linear=0
shrinkage=0.03


Tree=48
num_leaves=20
num_cat=0
split_feature=12 12 12 7 7 7 8 12 9 0 3 6 1 7 4 0 10 10 12
split_gain=98.4028 17.5613 16.9629 7.18016 9.68464 9.43329 6.7043 5.87727 6.91232 12.5711 6.05292 5.16486 4.87692 4.61339 7.22196 4.97226 4.36722 3.3062 5.54451
threshold=10.500000000000002 4.5000000000000009 29.500000000000004 766.96674707323325 451.83990960869386 17.292602364115449 0.17059039097292059 1.5000000000000002 0.3779393098350618 36.650000000000013 4.4350000000000014 4.979903206172839 32.550000000000004 203.71603096954428 4.2750000000000012 23.450000000000003 0.46596929191127423 0.36044134805350431 57.000000000000007
decision_type=2 2 2 2 2 2 2 2 2 2 2 2 2 2 2 2 2 2 2
left_child=1 7 11 4 5 -3 -6 13 10 -10 -9 -2 16 14 -1 -15 -13 -4 -19
right_child=2 3 17 -5 6 -7 -8 8 9 -11 -12 12 -14 15 -16 -17 -18 18 -20
leaf_value=0.019098559745940016 -0.023579306201087807 0.0075931289713500345 -0.028522030047412977 -0.031537804712374461 0.035348497326689363 -0.0087160512426655498 0.0011467253721766234 -0.0022921239086011358 0.0029267529166417373 0.023123287921450068 0.0024392784199455003 -0.0086460026875273509 -0.021458850184137974 -0.018138356240323981 0.0053155678731610914 0.0030959252734031055 0.023874466142568555 0.0086374263840769804 -0.030757504453816056
leaf_weight=38.836968258023262 27.24612008780241 36.545817695558071 81.022812845185399 8.1906623952090722 5.3093703724443904 252.08294185250998 181.16959454119205 541.90289838239551 250.75283076614141 31.186960034072399 441.69770205020905 184.86777387559414 27.765036933124065 10.013087965548037 287.46605432033539 1125.477690666914 3.7927468307316294 6.0872502531856281 6.8151256535202265
leaf_count=362 701 554 3434 180 81 4645 2724 7224 3144 335 5246 4503 769 118 2779 11240 85 244 284
internal_value=-3.76797e-05 0.00158235 -0.0154446 -0.00368831 -0.0032082 -0.006651 0.00212051 0.00251634 0.00101961 0.00516081 -0.000167431 -0.0112695 -0.00971985 0.00381213 0.00695604 0.00290868 -0.00799223 -0.0262759 -0.0121713
internal_weight=3548.23 3210.63 337.597 483.298 475.108 288.629 186.479 2727.33 1265.54 281.94 983.601 243.672 216.426 1461.79 326.303 1135.49 188.661 93.9252 12.9024
internal_count=48652 38632 10020 8184 8004 5199 2805 30448 15949 3479 12470 6058 5357 14499 3141 11358 4588 3962 528
is_linear=0
shrinkage=0.03


Tree=49
num_leaves=20
num_cat=0
split_feature=12 12 12 9 6 9 9 3 3 2 3 6 10 0 6 4 9 2 10
split_gain=93.8474 16.8115 16.5247 6.19644 9.06914 8.96256 6.82849 5.49906 7.241 5.77219 5.61084 8.7859 7.1086 5.09229 5.07572 4.70285 4.20022 5.12852 4.85864
threshold=10.500000000000002 29.500000000000004 4.5000000000000009 0.28708792946934775 4.849878217130196 0.26868658602864254 0.28509781520534078 4.3350000000000009 4.2950000000000008 36.650000000000013 4.6150000000000011 20.344111459663832 0.34513881775693789 33.550000000000004 4.7422455281741343 8.5650000000000031 0.38758800495031592 18.550000000000004 0.46596929191127423
decision_type=2 2 2 2 2 2 2 2 2 2 2 2 2 2 2 2 2 2 2
left_child=2 14 7 4 5 -4 -6 8 9 -1 11 -9 -12 -10 -2 -16 18 -18 -5
right_child=1 -3 3 16 6 -7 -8 10 13 -11 12 -13 -14 -15 15 -17 17 -19 -20
leaf_value=0.0010433051138855356 -0.023947001556972589 -0.026143717724732 0.0095013480126033886 -0.010176593409162226 -0.0026600633878069379 0.059350798516622394 0.041062640874824648 0.0084330305859462735 0.003715306238024507 0.010454597255097592 0.0014914098239223832 -0.0087885909433745423 0.0080242568430003991 -0.017359445323572698 -0.0079024234084873624 -0.02123875235615378 -0.024635807718111725 0.00043113101262356817 0.028730840577444204
leaf_weight=1238.3416617438197 24.64692822471261 91.607644576579332 18.722850721329454 166.48926142975688 190.07761945575476 3.9268477633595458 3.2701015770435324 325.10276690870523 15.300283018499611 61.568330559879541 849.54881950467825 29.043052695691586 182.02624144032598 31.693774770945311 189.3045871630311 27.219230677932501 8.0124306827783567 88.274068087339401 2.9396362304687491
leaf_count=14390 651 3962 320 2849 3219 62 52 3542 167 701 9119 314 1858 357 4638 769 139 1498 45
internal_value=-3.73554e-05 -0.0152031 0.00153274 -0.00359043 0.000183402 0.0181439 -0.00192058 0.00243586 0.00107083 0.00148906 0.00376267 0.00702071 0.00264416 -0.0104979 -0.0110473 -0.00957893 -0.00665814 -0.0016548 -0.00950154
internal_weight=3547.12 332.778 3214.34 481.713 215.997 22.6497 193.348 2732.62 1346.9 1299.91 1385.72 354.146 1031.58 46.9941 241.171 216.524 265.715 96.2865 169.429
internal_count=48652 10020 38632 8184 3653 382 3271 30448 15615 15091 14833 3856 10977 524 6058 5407 4531 1637 2894
is_linear=0
shrinkage=0.03


Tree=50
num_leaves=20
num_cat=0
split_feature=12 12 12 7 7 12 4 7 6 11 3 0 8 11 8 7 7 10 9
split_gain=89.4824 16.6517 15.7326 7.52045 10.2578 8.81513 8.6556 8.61201 5.34655 5.24614 5.00278 6.26093 4.90494 5.63856 5.57127 9.67388 5.56918 5.01863 3.80025
threshold=10.500000000000002 35.500000000000007 3.5000000000000004 17.292602364115449 337.34939178110977 6.5000000000000009 6.7350000000000012 766.96674707323325 4.979903206172839 0.83347417943353486 3.8350000000000004 32.050000000000004 0.14632943131559237 0.80600366543101909 0.28223647863553519 766.96674707323325 463.50825537476487 0.10922056351910832 0.26647558743177152
decision_type=2 2 2 2 2 2 2 2 2 2 2 2 2 2 2 2 2 2 2
left_child=2 8 12 6 5 -5 -4 -6 -2 -8 18 -12 13 17 15 -14 -16 -1 -10
right_child=1 -3 3 4 7 -7 9 -9 10 -11 11 -13 14 -15 16 -17 -18 -19 -20
leaf_value=0.020519206524102027 -0.023684865113836738 -0.027471221842900746 -0.0052802856140338247 -0.004984769895829297 -9.6683448288423671e-05 -0.018733626962195868 0.038274423930526727 -0.026374672129406238 -0.0070764559746154159 0.010708659079871188 0.035593241544642197 -0.007317529009381785 0.00608821156508249 0.017278263114487488 0.00074983793023723918 -0.014208185135582403 0.0041455685905741049 -0.015461522511499256 -0.02045109723563494
leaf_weight=3.8856467902660361 27.963878657668829 74.131372909992933 22.402388080954552 149.45299177616835 434.42485368251801 58.358288880437613 9.2107220776379126 11.52209001034498 29.869193606078625 19.095390118658543 3.1286409981548777 139.87025858834386 564.31469316780567 7.1326898559927931 1200.9181461185217 21.957510340958834 681.263627294451 34.168814025819302 53.130278157070279
leaf_count=43 783 3291 386 2480 6671 1275 111 249 840 238 72 3535 5962 84 13381 248 7083 421 1499
internal_value=-3.70035e-05 -0.0149618 0.00148462 -0.00247764 -0.00334091 -0.00884577 0.008652 -0.000775637 -0.0113104 0.0196785 -0.00977922 -0.00637869 0.00259507 -0.00719964 0.00277437 0.00532806 0.00197894 -0.0117876 -0.0156379
internal_weight=3546.2 328.094 3218.11 704.467 653.758 207.811 50.7085 445.947 253.962 28.3061 225.998 142.999 2513.64 45.1872 2468.45 586.272 1882.18 38.0545 82.9995
internal_count=48652 10020 38632 11410 10675 3755 735 6920 6729 349 5946 3607 27222 548 26674 6210 20464 464 2339
is_linear=0
shrinkage=0.03


Tree=51
num_leaves=20
num_cat=0
split_feature=12 12 12 7 7 7 8 6 8 11 8 2 2 11 4 4 7 3 7
split_gain=85.3095 16.5305 14.7892 7.19586 7.63111 10.8147 5.43549 4.89075 4.62522 5.31359 5.19956 11.719 5.73276 4.63636 4.55766 3.74794 3.3801 2.81 2.28506
threshold=10.500000000000002 29.500000000000004 3.5000000000000004 766.96674707323325 450.07317474263562 17.292602364115449 0.2005994026471197 4.7422455281741343 0.14632943131559237 0.80600366543101909 0.28223647863553519 21.150000000000002 50.550000000000004 0.46448992615983836 8.5650000000000031 8.4350000000000005 412.50250564503887 5.8350000000000009 543.19096911169288
decision_type=2 2 2 2 2 2 2 2 2 2 2 2 2 2 2 2 2 2 2
left_child=2 7 8 4 5 -4 -6 18 9 13 11 -10 -12 -1 15 -9 -11 -3 -2
right_child=1 17 3 -5 6 -7 -8 14 10 16 12 -13 -14 -15 -16 -17 -18 -19 -20
leaf_value=0.015858888995827727 -0.028045997736442445 -0.02651032386217143 0.0083315467835168473 -0.026208371596159307 0.017863314213601236 -0.0064132537726324258 0.00073150015281882991 -0.0079326017049052046 0.010142830576864756 -0.0057588463785317595 0.0020273255225772319 0.0015607219472195688 -0.022782465818286409 -0.015588045027342703 -0.020852642342065117 0.035653420910600919 0.035399451512586569 0.020063433002842045 -0.0041211783618696658
leaf_weight=4.8414668664336196 19.166344439610842 86.084069900214672 51.055422779172659 11.251445125788448 17.813333049416542 363.61301982030272 259.15043123811483 184.59469616413116 245.9605184532702 3.3169336542487136 1876.6876593716443 342.75514681264758 8.4198391139507276 32.846579477190971 26.306141752749681 1.7928265817463387 3.9158542156219482 1.1819199863821257 4.4217784609645596
leaf_count=51 535 3909 735 249 252 6481 3693 4592 2553 42 20372 3657 92 413 769 46 42 53 116
internal_value=-3.66687e-05 -0.0147215 0.00143813 -0.00240962 -0.00202246 -0.00459782 0.00183336 -0.0106005 0.00251189 -0.00702828 0.00268512 0.00514626 0.00191651 -0.0115483 -0.00916317 -0.00751336 0.0165244 -0.0258795 -0.0235611
internal_weight=3545.18 323.548 3221.63 702.884 691.632 414.668 276.964 236.282 2518.74 44.9208 2473.82 588.716 1885.11 37.688 212.694 186.388 7.23279 87.266 23.5881
internal_count=48652 10020 38632 11410 11161 7216 3945 6058 27222 548 26674 6210 20464 464 5407 4638 84 3962 651
is_linear=0
shrinkage=0.03


Tree=52
num_leaves=20
num_cat=0
split_feature=12 12 12 1 4 7 6 6 7 3 7 8 7 4 3 6 6 7 3
split_gain=81.3176 16.4128 14.1486 7.6288 11.6107 6.47459 6.19812 5.16571 5.15375 9.94129 9.74093 8.53489 7.18107 5.96332 4.82535 6.14722 3.45689 3.15048 4.76531
threshold=10.500000000000002 35.500000000000007 5.5000000000000009 50.400000000000006 11.415000000000001 440.04919390153839 16.583628585128306 4.979903206172839 10.030871167710986 3.8350000000000004 326.39094602451542 0.38585699140458757 206.77463731702417 4.6150000000000011 3.8350000000000004 11.1946730314331 14.541765415610026 543.19096911169288 4.5550000000000006
decision_type=2 2 2 2 2 2 2 2 2 2 2 2 2 2 2 2 2 2 2
left_child=2 7 3 4 5 -1 -6 17 9 11 12 -4 -10 -12 16 -16 -9 -2 -19
right_child=1 -3 8 -5 6 -7 -8 14 10 -11 13 -13 -14 -15 15 -17 -18 18 -20
leaf_value=0.0010232300488885351 -0.028345265836941649 -0.027264956535115955 0.0053027092414685726 0.031907900524778786 -0.018824655639162795 0.0039308192985834465 0.0075273587370757135 -0.01995614416935022 -0.0062803945884477705 -0.022909604805682441 0.0025162901655660587 0.048078661208418069 -0.023403198495497921 -0.0074693460684291052 0.0023371191325547856 -0.010709513095262127 -0.0071121465895193584 -0.031188618886631998 0.026312778539478294
leaf_weight=1662.5396995209157 21.604592762887481 70.444716103374958 12.542619541287428 7.6890508346259585 35.888829778879881 1177.4065767228603 10.349439356476067 50.930328084155917 49.523277509957552 6.7062273398041716 115.85038433596492 6.3098929747939101 39.726395357400179 100.53164468333125 50.814309859648347 90.197115628048778 29.949680430814624 2.5829241517931214 2.6056187655776739
leaf_count=19378 640 3291 174 73 450 12571 130 1475 1003 127 1947 92 815 1872 1309 2298 864 73 70
internal_value=-3.62733e-05 -0.014482 0.00139318 0.00206539 0.00198589 0.00222868 -0.0129263 -0.010861 -0.0044805 0.00846067 -0.00556272 0.0196197 -0.013902 -0.00212306 -0.00935857 -0.00600808 -0.0152 -0.0233039 -0.00231217
internal_weight=3544.19 319.129 3225.06 2893.87 2886.18 2839.95 46.2383 248.685 331.19 25.5587 305.632 18.8525 89.2497 216.382 221.891 141.011 80.88 26.7931 5.18854
internal_count=48652 10020 38632 32602 32529 31949 580 6729 6030 393 5637 266 1818 3819 5946 3607 2339 783 143
is_linear=0
shrinkage=0.03


Tree=53
num_leaves=20
num_cat=0
split_feature=12 12 12 9 8 6 7 5 12 7 3 0 0 10 2 5 9 3 9
split_gain=77.6973 16.7954 13.452 9.71126 8.88749 9.64059 8.00763 6.71053 6.57456 9.00103 4.8611 4.46882 8.79439 4.46412 8.50705 9.18791 4.73098 6.75703 4.64411
threshold=12.500000000000002 5.5000000000000009 35.500000000000007 0.29204625173438642 0.3309136865130245 2.4912529379062014 610.19370406862458 14.450000000000001 1.5000000000000002 438.39240052954966 1.6650000000000003 28.550000000000004 29.950000000000003 0.35160999122983866 27.550000000000004 69.500000000000014 0.34501754098754817 3.5550000000000002 0.23070052849480535
decision_type=2 2 2 2 2 2 2 2 2 2 2 2 2 2 2 2 2 2 2
left_child=1 7 13 4 6 -6 -3 -1 10 -10 -9 -5 -13 16 18 -16 -2 -18 -15
right_child=2 3 -4 11 5 -7 -8 8 9 -11 -12 12 -14 14 15 -17 17 -19 -20
leaf_value=0.04119223483073723 -0.017326538920858645 -0.010661123174025506 -0.027156842900889058 -0.020608467330238089 0.045098912771217428 0.0040627017891745141 0.021312516016761263 -0.01303337123579471 -0.0015639476972793013 0.0032693799387871173 0.0035300841281885697 0.017157393835409672 -0.0092224133816720417 0.016375604500835216 0.056367604467073951 -0.018357249245768332 -0.02329639854242509 0.00012411026998024381 -0.015916259993907916
leaf_weight=3.9265494272112837 108.10461590439081 67.638590272516012 68.630837416276336 26.565052453428507 5.4449213445186606 95.913821615278721 7.8697843328118315 16.123051218688488 816.38751976191998 602.83046435564756 1459.3103151395917 12.207028720527886 166.62607533857226 5.0409528743475738 4.1126609053462735 2.3142351265996695 15.456829827278851 39.213986268267035 19.566344548016787
leaf_count=32 3040 1286 3291 532 99 1842 144 176 11119 6963 14312 237 3182 139 118 60 486 1066 528
internal_value=-3.59309e-05 0.00122052 -0.0157431 -0.00469011 0.000462782 0.00626714 -0.0073287 0.00200001 0.00194685 0.000489068 0.00334908 -0.00912724 -0.00742175 -0.0117014 -0.00127397 0.0294602 -0.0136894 -0.00649746 -0.00930108
internal_weight=3543.28 3280.84 262.44 382.265 176.867 101.359 75.5084 2898.58 2894.65 1419.22 1475.43 205.398 178.833 193.81 31.0342 6.4269 162.775 54.6708 24.6073
internal_count=48652 39924 8728 7322 3371 1941 1430 32602 32570 18082 14488 3951 3419 5437 845 178 4592 1552 667
is_linear=0
shrinkage=0.03


Tree=54
num_leaves=20
num_cat=0
split_feature=12 12 12 9 8 6 4 12 1 4 8 6 7 10 10 10 9 3 12
split_gain=74.1598 15.8331 13.3541 9.24563 8.37397 8.47707 6.8778 9.60422 6.66843 10.8199 6.35628 5.96364 5.73481 4.38207 4.30229 8.35587 4.60952 6.5401 3.97765
threshold=12.500000000000002 5.5000000000000009 35.500000000000007 0.29204625173438642 0.32864821003236494 2.4912529379062014 3.7450000000000006 11.500000000000002 50.400000000000006 11.415000000000001 0.30847963476610168 16.583628585128306 440.04919390153839 0.46596929191127423 0.35160999122983866 0.35529556527661943 0.34501754098754817 3.5550000000000002 30.500000000000004
decision_type=2 2 2 2 2 2 2 2 2 2 2 2 2 2 2 2 2 2 2
left_child=1 8 14 4 10 -6 7 -5 9 12 -3 -11 -1 -8 16 -16 -2 -18 -17
right_child=2 3 -4 6 5 -7 13 -9 -10 11 -12 -13 -14 -15 15 18 17 -19 -20
leaf_value=0.00095868519680188894 -0.017082092294811523 -0.0030098709262848908 -0.027047164304192867 -0.0025371457294729757 0.04153606916159653 0.0038987667445671897 -0.012792101569517359 0.054831031202880208 0.029345152140833178 -0.018511199973536462 -0.025483383490191761 0.0073473630081352208 0.0036896364385892422 0.026908381341010982 0.067291218587412785 -0.0075129684027405311 -0.023101524566203454 0.00012037308467835513 0.039716800311364348
leaf_weight=1665.1924999170005 106.38823433965445 60.117307929322124 66.868519071489573 48.641956498846412 5.7018507085740557 97.170144975185394 149.79179250448942 2.7763175480067721 7.967277016490697 35.270487774163485 13.956203809008001 10.3918230086565 1184.1836279667914 2.5447546280920497 1.5223642718046928 27.781527718529109 15.124641871079801 39.218466997146606 1.7032532021403302
leaf_count=19378 3040 1146 3291 827 100 1859 3019 58 73 450 266 130 12571 47 41 731 486 1066 73
internal_value=-3.56193e-05 0.00118253 -0.0155033 -0.00456995 0.000446915 0.00598488 -0.00892671 0.000560435 0.00193691 0.00186148 -0.00724411 -0.0126263 0.00209365 -0.0121289 -0.0114773 -0.00124591 -0.0134511 -0.00634269 -0.00478464
internal_weight=3542.31 3283.71 258.607 380.7 176.946 102.872 203.755 51.4183 2903.01 2895.04 74.0735 45.6623 2849.38 152.337 191.738 31.0071 160.731 54.3431 29.4848
internal_count=48652 39924 8728 7322 3371 1959 3951 885 32602 32529 1412 580 31949 3066 5437 845 4592 1552 804
is_linear=0
shrinkage=0.03


Tree=55
num_leaves=20
num_cat=0
split_feature=12 12 12 9 8 6 7 1 4 4 1 6 8 0 6 5 9 1 3
split_gain=70.767 14.9262 13.2509 8.80217 7.65762 7.45056 7.38719 6.12001 10.2582 5.7843 10.2422 5.72387 5.66439 4.53375 4.00565 3.34721 6.5168 3.75518 1.85263
threshold=12.500000000000002 5.5000000000000009 35.500000000000007 0.29499185099391712 0.3309136865130245 2.4912529379062014 610.19370406862458 50.400000000000006 11.415000000000001 3.7450000000000006 13.350000000000003 16.583628585128306 0.28223647863553519 34.550000000000004 4.979903206172839 60.70000000000001 0.36230511937680004 19.350000000000005 5.6050000000000013
decision_type=2 2 2 2 2 2 2 2 2 2 2 2 2 2 2 2 2 2 2
left_child=1 7 14 4 6 -6 -3 8 12 10 -5 -10 -1 -11 -2 17 -17 -16 -4
right_child=2 3 18 9 5 -7 -8 -9 11 13 -12 -13 -14 -15 15 16 -18 -19 -20
leaf_value=0.0043285702534620009 -0.023762323828466322 -0.010063336226474444 -0.027779295743144753 -0.0071596522935509855 0.038140041104173281 0.0036278441374207639 0.020391267464409089 0.027852503790924306 -0.018235444788815221 -0.008920625778083939 0.025653938588217129 0.0070837533713416587 0.0012512009480239615 -0.021342072871724339 0.03536650920865924 -0.010640107167221684 0.0076714236328515196 -0.015051605431082134 0.0034050218689573755
leaf_weight=719.89750547334552 20.549207892268896 68.652090467512608 63.39410899952054 39.658829437568784 5.9701241217553607 98.73392578214407 8.0040343515574914 8.1397056356072408 34.737856544554234 112.68531957268715 10.917896322906016 10.454210508614777 2134.188962072134 34.555439818650484 1.3524387348443259 65.432375298812985 23.873388471081853 78.516236670315266 1.7622459717094887
leaf_count=7937 644 1328 3205 683 101 1883 145 73 450 2293 188 130 24012 701 38 1748 632 2375 86
internal_value=-3.52865e-05 0.00114568 -0.0152635 -0.00445261 0.000321104 0.0055957 -0.00688342 0.0018758 0.00180287 -0.00882917 -7.62483e-05 -0.0123784 0.00202742 -0.0118358 -0.0112549 -0.00973568 -0.00574503 -0.0141979 -0.0269359
internal_weight=3541.48 3286.6 254.88 379.178 181.36 104.704 76.6561 2907.42 2899.28 197.817 50.5767 45.1921 2854.09 147.241 189.724 169.174 89.3058 79.8687 65.1564
internal_count=48652 39924 8728 7322 3457 1984 1473 32602 32529 3865 871 580 31949 2994 5437 4793 2380 2413 3291
is_linear=0
shrinkage=0.03


Tree=56
num_leaves=20
num_cat=0
split_feature=12 12 12 7 7 7 9 12 9 0 3 7 9 10 2 5 9 9 3
split_gain=67.516 14.1548 13.142 8.02621 10.3095 7.8315 5.28623 4.87528 6.3889 11.4578 5.25626 4.71993 4.35861 4.19845 7.89579 8.21218 4.47079 4.41502 6.22787
threshold=12.500000000000002 4.5000000000000009 35.500000000000007 766.96674707323325 450.07317474263562 17.292602364115449 0.089832668764965456 1.5000000000000002 0.3779393098350618 37.350000000000001 4.4350000000000014 636.45379877027869 0.33661784273404532 0.35160999122983866 27.550000000000004 69.500000000000014 0.23070052849480535 0.34501754098754817 3.5550000000000002
decision_type=2 2 2 2 2 2 2 2 2 2 2 2 2 2 2 2 2 2 2
left_child=1 7 13 4 5 -3 -6 11 10 -10 -9 12 -1 17 16 -16 -15 -2 -19
right_child=2 3 -4 -5 6 -7 -8 8 9 -11 -12 -13 -14 14 15 -17 -18 18 -20
leaf_value=0.0050114999660341693 -0.016640178313372743 0.0060856024639979979 -0.026823014439265581 -0.031419055969776309 -0.032378922690071359 -0.008210506159617539 0.0029314078957060037 -0.0025055494415651435 0.0030912887769945197 0.029086188086265174 0.0018804871939111551 -0.0015416502693741704 0.0013837010400574953 0.016281404696817197 0.05271534068072297 -0.017986125706138584 -0.015465318973345145 -0.022768886289168282 0.00020003083715278581
leaf_weight=856.18303404003382 103.40413533709943 39.543600391596556 63.493625434115529 9.0456112381070835 3.8888523466885081 269.67702883668244 203.11840464547276 545.21086727082729 269.75294087082148 16.175520099699497 447.95082168281078 171.61913187429309 457.23705799132586 5.0507566891610685 4.2890777979046097 2.2564438320696354 19.051627591252327 14.585282839834688 39.121467078104615
leaf_count=8228 3040 620 3291 214 62 5349 3231 7224 3316 163 5246 1764 4507 139 118 60 528 486 1066
internal_value=-3.4909e-05 0.00111002 -0.0150244 -0.00340439 -0.0029135 -0.0063823 0.00226807 0.00196791 0.000610341 0.00456187 -0.000527293 0.0031372 0.00374857 -0.0110345 -0.000877403 0.0283424 -0.00881266 -0.0130158 -0.0060377
internal_weight=3540.66 3289.4 251.252 525.273 516.228 309.221 207.007 2764.13 1279.09 285.928 993.162 1485.04 1313.42 187.759 30.6479 6.54552 24.1024 157.111 53.7067
internal_count=48652 39924 8728 9476 9262 5969 3293 30448 15949 3479 12470 14499 12735 5437 845 178 667 4592 1552
is_linear=0
shrinkage=0.03


Tree=57
num_leaves=20
num_cat=0
split_feature=12 12 12 4 1 11 1 4 8 7 9 7 7 7 4 11 7 2 3
split_gain=64.4639 18.3901 8.6102 6.57364 9.39826 7.34266 5.62835 9.67524 5.45045 5.41048 5.39054 7.6684 4.79632 3.94363 3.63189 6.35646 5.42227 3.5925 1.88057
threshold=16.500000000000004 5.5000000000000009 35.500000000000007 3.7450000000000006 14.250000000000002 0.88668798775797864 50.400000000000006 11.415000000000001 0.42191516539920609 472.70143769989221 0.29103053565849663 610.19370406862458 698.34982198323257 545.66073897105048 6.2750000000000012 0.9999984447278949 223.80190137709263 23.150000000000002 5.6050000000000013
decision_type=2 2 2 2 2 2 2 2 2 2 2 2 2 2 2 2 2 2 2
left_child=1 6 14 4 12 -6 7 9 -9 -1 11 -5 -3 -12 15 17 -17 -2 -4
right_child=2 3 18 10 5 -7 -8 8 -10 -11 13 -13 -14 -15 -16 16 -18 -19 -20
leaf_value=0.000949467051622046 -0.021678143451638855 0.0015212466016272324 -0.027593509662052974 -0.0045256410505763994 0.072810661999947748 0.0063455745086241416 0.026415448905706986 -0.017216521182229983 0.0094765513257821024 0.0036818869808864269 -0.008683006935633137 0.022812532527333569 -0.020029279835023079 -0.021789075334657907 -0.021131235173896212 0.034595428345066327 -0.0030488449398566098 -0.0063427642503471994 0.0041928050132770539
leaf_weight=1857.1367528699338 31.830365335568786 96.398472856730223 60.154555231332779 145.53836992010474 2.8596498258411875 3.1368472240865231 8.3112857043743116 36.257646027952433 8.4982257038354856 1005.2264058440924 155.39299149625003 9.8600014150142652 10.286516431719063 23.832020493224263 33.593012483790517 4.1067508179694441 21.329559683799744 24.201652429997921 1.7231290880590666
leaf_count=21420 968 1692 3205 3073 49 58 73 469 111 10529 3417 188 218 472 1167 118 618 721 86
internal_value=-3.45437e-05 0.00089413 -0.017684 -0.00476978 0.00149743 0.0380419 0.00176313 0.00169265 -0.0121481 0.00190906 -0.00688021 -0.00279104 -0.000556645 -0.0104258 -0.0128309 -0.00940837 0.00302891 -0.0150544 -0.0267083
internal_weight=3539.67 3362.74 176.939 447.305 112.681 5.9965 2915.43 2907.12 44.7559 2862.36 334.623 155.398 106.685 179.225 115.061 81.4683 25.4363 56.032 61.8777
internal_count=48652 41769 6883 9167 2017 107 32602 32529 580 31949 7150 3261 1910 3889 3592 2425 736 1689 3291
is_linear=0
shrinkage=0.03


Tree=58
num_leaves=20
num_cat=0
split_feature=12 12 12 4 1 10 12 7 9 1 9 7 7 10 10 7 10 10 10
split_gain=61.67 17.3449 8.57242 6.23973 8.5302 16.3345 5.46253 7.22442 7.07507 6.34663 5.16502 7.11483 4.61191 6.42882 4.98171 4.59287 4.35719 3.85107 7.9245
threshold=16.500000000000004 5.5000000000000009 35.500000000000007 3.7450000000000006 14.250000000000002 0.24816679607806724 1.5000000000000002 438.39240052954966 0.3507018513483886 50.400000000000006 0.29103053565849663 610.19370406862458 216.9330790850546 0.2357553540236472 1.0000000180025095e-35 698.34982198323257 0.46596929191127423 0.35160999122983866 0.35702554334302317
decision_type=2 2 2 2 2 2 2 2 2 2 2 2 2 2 2 2 2 2 2
left_child=1 6 17 4 15 -6 12 9 -9 -8 11 -5 13 -1 -14 -3 -12 -2 -19
right_child=2 3 -4 10 5 -7 7 8 -10 -11 16 -13 14 -15 -16 -17 -18 18 -20
leaf_value=0.010413484441293268 -0.015117449570973258 0.001473626711501082 -0.026592051168535091 -0.0044078943711947172 0.084621966500160559 -0.012767977745662486 -0.0016608324967882207 0.0006550437453318273 0.0076051034434152552 0.032574302794754456 -0.010844626012079816 0.021683038829052911 0.028823613698206647 0.0023394899576867378 0.0018900171911185723 -0.01978509442312856 0.024549231180465984 0.06403496332226348 -0.0061390319221456243
leaf_weight=160.17945089936256 94.124883025884628 96.52618919685483 60.308495849370956 144.95234190113842 3.0827954709529868 3.1172242201864719 814.98468988761306 415.97857381775975 192.98052042722702 4.9028254486620417 174.37745189666748 10.059275846928356 6.2147556692361823 199.04985173791647 1125.1593141108751 10.103848565369843 3.1875764578580847 1.5750586353242422 17.997739896178246
leaf_count=1511 3018 1692 3291 3073 52 55 11095 4820 2143 45 3827 188 61 1889 11038 218 62 44 530
internal_value=-3.41415e-05 0.000866445 -0.0174493 -0.00464792 0.00144828 0.0356566 0.00170775 0.000382318 0.00285753 -0.00145611 -0.00671612 -0.00271476 0.00297826 0.00593966 0.00203797 -0.000540767 -0.0102092 -0.0125997 -0.000492003
internal_weight=3538.86 3364.86 174.006 445.407 112.83 6.20002 2919.45 1428.85 608.959 819.888 332.577 155.012 1490.6 359.229 1131.37 106.63 177.565 113.698 19.5728
internal_count=48652 41769 6883 9167 2017 107 32602 18103 6963 11140 7150 3261 14499 3400 11099 1910 3889 3592 574
is_linear=0
shrinkage=0.03


Tree=59
num_leaves=20
num_cat=0
split_feature=12 12 12 4 4 10 12 7 9 1 9 7 7 6 7 10 3 10 10
split_gain=58.9819 16.3598 8.53096 5.92041 7.94478 12.5431 5.1195 6.78755 6.68107 5.84127 4.94736 6.60707 4.46202 4.3441 4.10641 4.08686 4.00106 3.71944 7.06177
threshold=16.500000000000004 5.5000000000000009 35.500000000000007 3.7450000000000006 3.5350000000000006 0.28129663022976392 1.5000000000000002 438.39240052954966 0.40798870364276835 50.400000000000006 0.29103053565849663 610.19370406862458 636.45379877027869 19.911147911828948 496.62198730537614 0.46596929191127423 5.0650000000000004 0.35160999122983866 0.35702554334302317
decision_type=2 2 2 2 2 2 2 2 2 2 2 2 2 2 2 2 2 2 2
left_child=1 6 17 4 13 -6 12 9 -9 -8 11 -5 14 -3 -1 -12 -14 -2 -19
right_child=2 3 -4 10 5 -7 7 8 -10 -11 15 -13 16 -15 -16 -17 -18 18 -20
leaf_value=0.0026112218489458975 -0.014875385331660678 -0.0044509646671850546 -0.026473817343274045 -0.0042927620769331858 0.035726155243985085 -0.012467033991976734 -0.0016132800878652393 0.0014757462684683764 0.010405021164118018 0.030846701467617824 -0.010623615797949246 0.020631371792965241 0.0035102452577438375 0.018267625456193728 0.0067150594454961545 0.023296361090086558 -0.0057053310612483945 0.058502899601859705 -0.0059893707915947289
leaf_weight=1043.9721783697605 92.806996108964086 83.704653404653072 58.783572215586901 144.38354342058301 13.27263003960252 7.6687276102602473 813.85410680249333 522.20379919186234 88.144135747104883 5.0202352702617636 172.69085154682398 10.251849893480538 75.567666299641132 8.328662555664776 277.84849452227354 3.2571369521319857 96.605736501514912 1.6707205157727028 17.895611451938748
leaf_count=10150 3018 1510 3291 3073 229 135 11095 5997 966 45 3827 188 760 143 2585 62 1004 44 530
internal_value=-3.37769e-05 0.000839589 -0.0172135 -0.00452898 0.00139989 0.0180778 0.0016542 0.000370597 0.00276528 -0.00141428 -0.00655513 -0.00264037 0.00288214 -0.00239502 0.00347385 -0.00999569 -0.00166057 -0.0123693 -0.000482536
internal_weight=3537.93 3366.77 171.157 443.558 112.975 20.9414 2923.22 1429.22 610.348 818.874 330.583 154.635 1493.99 92.0333 1321.82 175.948 172.173 112.373 19.5663
internal_count=48652 41769 6883 9167 2017 364 32602 18103 6963 11140 7150 3261 14499 1653 12735 3889 1764 3592 574
is_linear=0
shrinkage=0.03


Tree=60
num_leaves=20
num_cat=0
split_feature=12 12 9 8 8 7 3 3 3 7 7 7 1 7 0 0 3 11 1
split_gain=56.5704 19.6491 5.33845 7.03785 9.16798 7.21473 5.2974 4.91483 8.10094 7.7343 7.31774 9.95002 6.65724 6.48753 4.79667 7.11612 4.36575 4.84058 5.32304
threshold=20.500000000000004 5.5000000000000009 0.29204625173438642 0.3309136865130245 0.33280523376755239 30.539184090054764 4.4250000000000007 4.3350000000000009 4.2950000000000008 76.157742350885556 573.10350983090063 548.221872311428 9.9500000000000011 472.70143769989221 28.850000000000005 29.950000000000003 4.4450000000000012 0.99092932737416251 18.250000000000004
decision_type=2 2 2 2 2 2 2 2 2 2 2 2 2 2 2 2 2 2 2
left_child=1 7 3 5 -5 -3 -2 8 13 -10 11 -9 -12 -1 -4 -16 -8 -18 -19
right_child=6 2 14 4 -6 -7 16 10 9 -11 12 -13 -14 -15 15 -17 17 18 -20
leaf_value=-0.0004178718020853556 -0.025659786802569022 0.019219296855392361 -0.017812192871410303 0.063631314205248868 0.0018576950402790415 -0.010252876854619326 0.043724236180969253 0.0032122797546378524 0.022560944902622705 -0.015718926173906557 -0.006790703218130501 0.014469453922732555 0.0020480788603989904 0.0042768878816880958 0.016508560205161175 -0.0074177736227421 -0.020921091585827625 -0.0070148641326729039 0.04630139347085023
leaf_weight=1038.9066949784756 71.092029901221395 8.1685932241380197 37.035229742527008 2.1980233602225772 132.93519118055701 88.099329870194197 1.2057658415287722 1072.162479672581 5.3248594254255286 44.025982763618231 118.78788364678621 75.651722617447376 216.41546199470758 355.57528101280332 11.808836735785006 212.62847779504955 30.443584285676479 12.591749140992759 1.9457467254251231
leaf_count=12441 3380 153 889 42 2791 1903 48 11527 57 499 1282 752 2248 3796 264 4588 1370 536 86
internal_value=-3.3371e-05 0.000669236 -0.00487229 -0.00155341 0.00286248 -0.00775208 -0.0205206 0.00160241 0.000356495 -0.0115886 0.00281541 0.00395423 -0.00108417 0.000779233 -0.00780947 -0.00615888 -0.0126103 -0.0141204 0.000121161
internal_weight=3537 3419.72 492.874 231.401 135.133 96.2679 117.279 2926.85 1443.83 49.3508 1483.02 1147.81 335.203 1394.48 261.473 224.437 46.1868 44.9811 14.5375
internal_count=48652 43232 10630 4889 2833 2056 5420 32602 16793 556 15809 12279 3530 16237 5741 4852 2040 1992 622
is_linear=0
shrinkage=0.03


Tree=61
num_leaves=20
num_cat=0
split_feature=12 12 3 4 1 8 7 3 12 7 1 9 6 7 7 6 3 3 9
split_gain=54.2834 18.5386 5.27481 5.1074 8.22554 9.2634 5.16757 7.9856 4.83155 6.17357 7.38204 6.30056 4.80364 4.79864 4.39773 5.55394 4.23841 4.04181 3.66176
threshold=20.500000000000004 5.5000000000000009 4.4250000000000007 3.7450000000000006 14.250000000000002 0.38585699140458757 10.030871167710986 3.4650000000000003 1.5000000000000002 438.39240052954966 52.250000000000007 0.3507018513483886 15.401692780116184 698.34982198323257 216.9330790850546 1.5194529994190591 1.5950000000000004 4.4450000000000012 0.35741587455182311
decision_type=2 2 2 2 2 2 2 2 2 2 2 2 2 2 2 2 2 2 2
left_child=1 8 -2 4 13 -6 7 -5 14 10 -10 -11 -8 -3 15 -1 -16 -4 -19
right_child=2 3 17 6 5 -7 12 -9 9 11 -12 -13 -14 -15 16 -17 -18 18 -20
leaf_value=0.027485110383349571 -0.025516111608963467 0.00053821013544023499 0.040679023367794574 0.020078192047297657 0.055572314305377492 -0.018550293634021251 -0.0099359651351303823 -0.0097762708626632881 -0.0015699608160586083 0.00050150979699511153 0.046169945492856773 0.0070274217677316888 -0.0019937329922114803 -0.020462269232370475 -0.023124495602991752 0.0049917447611522751 0.0019606120758338609 -0.019373211221763029 -0.00035436798221205167
leaf_weight=10.165152862668036 69.373584659770131 106.93477552756667 1.2563379369676102 15.892699252814053 4.7859003767371169 2.2219397313892841 237.39060760103166 16.368926912546158 815.56041080132127 417.66108686476946 2.9255743846297255 195.46219769492745 96.356863599270582 10.779866954311727 6.0946321263909331 351.56368695944548 1131.0717576779425 31.580564070492983 12.805264808237551
leaf_count=91 3380 1968 48 248 81 40 5505 342 11118 4820 22 2143 2205 241 75 3309 11024 1430 562
internal_value=-3.30073e-05 0.0006485 -0.020305 -0.00474807 0.000494849 0.0320706 -0.00653466 0.00493061 0.00155219 0.000305762 -0.00139932 0.00258195 -0.00764295 -0.00138494 0.00274266 0.00562384 0.00182617 -0.0123843 -0.0138863
internal_weight=3536.25 3421.24 115.016 490.732 124.722 7.00784 366.009 32.2616 2930.5 1431.61 818.486 613.123 333.747 117.715 1498.9 361.729 1137.17 45.6422 44.3858
internal_count=48652 43232 5420 10630 2330 121 8300 590 32602 18103 11140 6963 7710 2209 14499 3400 11099 2040 1992
is_linear=0
shrinkage=0.03


Tree=62
num_leaves=20
num_cat=0
split_feature=12 12 3 4 1 8 7 3 7 6 3 3 7 7 7 1 7 12 3
split_gain=52.0776 17.4921 5.25052 4.85145 7.51845 8.20674 4.90093 7.41833 4.60502 4.60178 4.59657 7.68425 7.2805 6.91689 9.13025 6.28254 5.99725 3.83353 4.62808
threshold=20.500000000000004 5.5000000000000009 4.4250000000000007 3.7450000000000006 14.250000000000002 0.38585699140458757 10.030871167710986 3.4650000000000003 698.34982198323257 15.401692780116184 4.3350000000000009 4.2950000000000008 76.157742350885556 573.10350983090063 548.221872311428 9.9500000000000011 472.70143769989221 35.500000000000007 4.4650000000000007
decision_type=2 2 2 2 2 2 2 2 2 2 2 2 2 2 2 2 2 2 2
left_child=1 10 -2 4 8 -6 7 -5 -3 -8 11 16 -13 14 -12 -15 -1 18 -4
right_child=2 3 17 6 5 -7 9 -9 -10 -11 13 12 -14 15 -16 -17 -18 -19 -20
leaf_value=-0.00044407566507116702 -0.025370458834570481 0.00052181416585132801 0.045842239195393632 0.019148452457859545 0.051346934578506566 -0.018292367559426946 -0.0097260810563493758 -0.0095671225835294148 -0.020223253760940276 -0.0019374520559474584 0.0030651161192232408 0.021372000708019871 -0.015469711975519612 -0.0066773380780181333 0.013782541951651838 0.0019141580112919299 0.0040609095847671736 -0.021748932150476522 -0.0075642821078685165
leaf_weight=1039.5202125385404 67.703989597037435 106.98516813106835 1.5590286124497676 16.160228719934821 5.020559459924697 2.1862160675227642 235.27051063068211 16.227143617346883 10.583049567416309 96.183923965319991 1075.9145126193762 5.4297423474490634 43.526013135910034 118.35735005512834 76.634773783385754 217.13222503662109 357.39129504188895 20.481412133201957 23.070100540295243
leaf_count=12441 3380 1968 48 248 81 40 5505 342 241 2205 11527 57 499 1282 752 2248 3796 1187 805
internal_value=-3.2593e-05 0.000628467 -0.0200876 -0.00462697 0.000477675 0.0302215 -0.00637754 0.004761 -0.00134558 -0.00746592 0.00150371 0.000299071 -0.0113836 0.00267422 0.00377773 -0.00111684 0.000708497 -0.0121588 -0.00418364
internal_weight=3535.34 3422.52 112.815 488.617 124.775 7.20678 363.842 32.3874 117.568 331.454 2933.91 1445.87 48.9558 1488.04 1152.55 335.49 1396.91 45.1105 24.6291
internal_count=48652 43232 5420 10630 2330 121 8300 590 2209 7710 32602 16793 556 15809 12279 3530 16237 2040 853
is_linear=0
shrinkage=0.03


Tree=63
num_leaves=20
num_cat=0
split_feature=12 12 3 4 1 10 10 3 0 12 7 1 11 7 4 10 12 3 1
split_gain=49.9554 16.5033 5.22223 4.6074 6.88614 13.9818 4.93872 4.86035 5.26699 4.56125 5.61634 6.75513 6.13007 4.19378 6.83439 4.85418 3.74398 4.21561 4.51143
threshold=20.500000000000004 5.5000000000000009 4.4250000000000007 3.7450000000000006 14.250000000000002 0.24816679607806724 0.040380271525750071 5.0750000000000011 36.650000000000013 1.5000000000000002 438.39240052954966 52.250000000000007 0.88073438369680457 234.24638419128331 7.6850000000000014 1.0000000180025095e-35 35.500000000000007 4.4650000000000007 16.850000000000005
decision_type=2 2 2 2 2 2 2 2 2 2 2 2 2 2 2 2 2 2 2
left_child=1 9 -2 4 6 -6 -3 8 -5 13 11 -11 -12 14 -1 -15 17 -4 -19
right_child=2 3 16 7 5 -7 -8 -9 -10 10 12 -13 -14 15 -16 -17 -18 18 -20
leaf_value=0.0068723061214425963 -0.02522279414669187 0.040598664948318083 0.042590369491276765 -0.005723030052801688 0.06767271863367362 -0.014930547053935926 -0.0022105651132738771 -0.020831110543267205 0.036883556901197816 -0.0015486997033710298 -0.00088515205925846169 0.043429040540318299 0.0051292353880384211 0.027948387121911691 -0.0043667974158964193 0.0015132504116297395 -0.021550938059998158 -0.014323400306623137 0.018175777977483796
leaf_weight=339.39013571292162 66.081914993003011 2.4776711184531441 1.6266375128179813 339.70419433712959 3.8924296498298636 3.5047573149204254 114.9480405934155 19.400029355660081 2.631496086716651 815.04065139591694 278.35543083772063 3.0163738280534735 337.38049307465553 6.2873573303222647 56.851144425570965 1101.0080748833716 20.055955236777663 18.020321093499664 4.8867379464209071
leaf_count=3158 3380 46 48 7815 59 62 2163 424 61 11118 3169 22 3794 60 567 10714 1187 630 175
internal_value=-3.22013e-05 0.000609013 -0.0198697 -0.00450846 0.00046124 0.0285356 -0.00130729 -0.00622333 -0.00539552 0.0014567 0.000246104 -0.00138286 0.00241031 0.00261115 0.00525976 0.00166335 -0.0119363 -0.00407655 -0.00739039
internal_weight=3534.56 3423.89 110.672 486.559 124.823 7.39719 117.426 361.736 342.336 2937.33 1433.79 818.057 615.736 1503.54 396.241 1107.3 44.5897 24.5337 22.9071
internal_count=48652 43232 5420 10630 2330 121 2209 8300 7876 32602 18103 11140 6963 14499 3725 10774 2040 853 805
is_linear=0
shrinkage=0.03


Tree=64
num_leaves=20
num_cat=0
split_feature=4 4 7 6 6 6 10 0 7 0 11 11 10 7 7 6 2 10 7
split_gain=7.11953 10.4342 12.9947 11.925 10.3125 9.37064 8.90173 13.0086 10.7249 8.55224 14.9725 9.41169 8.18489 9.17988 7.72712 9.27775 6.85922 5.39913 5.04443
threshold=5.0550000000000006 4.955000000000001 159.62183485122316 17.795518802853845 15.47696562988188 4.1052353487580211 0.10062959972595727 36.45000000000001 10.030871167710986 30.750000000000004 0.9999984447278949 0.63376302764901216 0.10062959972595727 99.556084027816112 474.50842076760665 4.2474898418117242 25.350000000000005 0.29933211409303329 462.05471015624778
decision_type=2 2 2 2 2 2 2 2 2 2 2 2 2 2 2 2 2 2 2
left_child=1 12 3 17 5 -4 7 -2 9 10 -8 -11 13 -1 18 -16 -15 -3 -10
right_child=6 2 4 -5 -6 -7 8 -9 14 11 -12 -13 -14 16 15 -17 -18 -19 -20
leaf_value=0.045117446392128044 -0.011589098826708534 0.0098227441540654666 -0.019871857494598712 0.083503147457906185 -0.015744131943272625 0.018853833275654382 0.0057643672957439522 0.054937230877582212 -0.0027780185915635674 0.044923927169888675 0.039065556854193599 -0.00095238811586300341 0.00019696592246535311 0.0016349974017811652 -0.013720626762975249 0.0034585827321436005 0.016874419309171322 0.050198321163600075 -0.014920173178862241
leaf_weight=5.7247238345444194 103.86112333182245 9.7295954376459139 6.6572351334616533 3.5847912337630978 15.452127661556004 36.218862826935947 40.972512200474739 2.7145025972276917 939.60024337098002 4.2096765637397757 17.274095797911286 91.592618085443974 1735.6242964491248 87.364797478541732 30.965473131276667 327.82396291289479 38.206082233227789 4.2973012365400782 31.837194422259927
leaf_count=72 1575 127 86 42 211 482 466 34 14478 54 204 1179 22424 1121 463 4578 488 53 515
internal_value=-3.1789e-05 0.00118671 0.0120875 0.0346719 0.00526833 0.012841 -0.00151991 -0.00989466 -0.000918574 0.0065751 0.0156404 0.00106348 0.000743305 0.00796547 -0.00178639 0.00197592 0.00627173 0.0221923 -0.00317596
internal_weight=3533.71 1942.86 75.9399 17.6117 58.3282 42.8761 1590.85 106.576 1484.28 154.049 58.2466 95.8023 1866.92 131.296 1330.23 358.789 125.571 14.0269 971.437
internal_count=48652 25106 1001 222 779 568 23546 1609 21937 1903 670 1233 24105 1681 20034 5041 1609 180 14993
is_linear=0
shrinkage=0.03


Tree=65
num_leaves=20
num_cat=0
split_feature=4 4 7 6 6 6 10 0 7 3 11 11 1 10 3 2 4 2 11
split_gain=6.70172 9.6923 11.7152 13.3619 9.68466 8.73559 8.46504 11.9143 10.0546 8.20733 8.84164 8.80617 7.70972 7.64222 8.60585 14.1911 7.51648 5.50423 4.63051
threshold=5.0550000000000006 4.955000000000001 159.62183485122316 18.082285210539677 15.47696562988188 4.1052353487580211 0.10062959972595727 36.45000000000001 10.030871167710986 3.1350000000000002 0.63376302764901216 0.9999984447278949 43.050000000000004 0.10062959972595727 4.9050000000000011 31.350000000000005 11.045000000000002 18.450000000000003 0.84137991680935453
decision_type=2 2 2 2 2 2 2 2 2 2 2 2 2 2 2 2 2 2 2
left_child=1 13 3 18 5 -4 7 -2 9 11 -11 -8 16 14 15 -1 -10 -16 -3
right_child=6 2 4 -5 -6 -7 8 -9 12 10 -12 -13 -14 -15 17 -17 -18 -19 -20
leaf_value=0.0101116353132682 -0.011350840232826636 0.041077775564838243 -0.019589522941237274 0.088439984393064275 -0.015470719628332911 0.018010040098395033 0.00768338309808242 0.050994466498601711 -0.0015403329513716483 0.043354968719735619 -0.00069009285921462957 0.033713137113488487 -0.013027896502736867 0.00019102633366573326 0.033130013005118759 0.053487131807958013 0.018558366104751513 -0.0030877326021930994 0.0070121840754376746
leaf_weight=64.097003495320678 102.87509257625788 6.0268229357898262 6.5521887941285959 3.1885054986923924 15.256446952931581 36.769656328484416 38.33492885529995 2.8347169775515786 1258.9964391738176 4.2861722707748404 95.388797700405121 16.834100350737572 52.273356676101685 1735.8980286112055 4.0475933514535418 7.592536535114049 16.972141493111849 56.398146064952016 8.8862088583409768
leaf_count=823 1575 77 86 36 211 482 434 34 18888 53 1222 194 873 22424 50 98 273 710 109
internal_value=-3.13866e-05 0.00114953 0.0116029 0.0326973 0.00508449 0.0123233 -0.00147684 -0.00967899 -0.00089222 0.00634233 0.00120391 0.015626 -0.00173561 0.000720429 0.00767534 0.0147055 -0.00127299 -0.000662504 0.0207792
internal_weight=3533.51 1944.71 76.6798 18.1015 58.5783 43.3218 1588.8 105.71 1483.09 154.844 99.675 55.169 1328.24 1868.03 132.135 71.6895 1275.97 60.4457 14.913
internal_count=48652 25106 1001 222 779 568 23546 1609 21937 1903 1275 628 20034 24105 1681 921 19161 760 186
is_linear=0
shrinkage=0.03


Tree=66
num_leaves=20
num_cat=0
split_feature=12 12 9 7 7 7 3 0 0 12 1 1 2 2 10 12 9 2 3
split_gain=47.8029 15.5861 5.16871 6.65201 10.3853 6.74235 5.1625 4.65211 6.68253 4.2481 5.28707 8.81817 4.22561 6.85882 6.80545 3.65721 6.78641 8.95747 4.53956
threshold=20.500000000000004 5.5000000000000009 0.29204625173438642 175.0004291019184 326.39094602451542 151.55148950165881 4.4250000000000007 28.850000000000005 29.950000000000003 1.5000000000000002 52.250000000000007 43.050000000000004 21.850000000000005 25.350000000000005 0.33253342634927197 35.500000000000007 0.36230511937680004 22.050000000000004 4.4650000000000007
decision_type=2 2 2 2 2 2 2 2 2 2 2 2 2 2 2 2 2 2 2
left_child=1 9 3 5 -5 -3 -2 -4 -9 12 11 -11 14 -14 -1 16 18 -18 -8
right_child=6 2 7 4 -6 -7 15 8 -10 10 -12 -13 13 -15 -16 -17 17 -19 -20
leaf_value=0.002651210015599371 -0.025058129454337195 0.0058959924109191555 -0.017336839671249906 -0.018403304485312098 -0.00016440726623607885 0.047893303117198457 0.041534995745164845 0.016208711198133639 -0.0069334261184017575 0.00049685608312793525 0.038917770837169206 -0.016162883274700366 -0.0022186186101847325 0.0034409479676191018 0.009730962707664317 -0.021365082114150183 0.055064939737274929 -0.013377560401645954 -0.018077398358762806
leaf_weight=564.65766951069236 64.344999854452908 38.173597792163491 35.874239090830088 34.483103774487972 151.72591127641499 3.781200446188449 1.2367414887994588 11.868626561015843 208.67752384208143 1401.3670999668539 3.1741938441991797 29.190271701663733 338.59174517542124 447.3318692818284 155.94621084630489 19.671362867578864 3.4840254466980687 3.4009008463472128 16.334749042987823
leaf_count=5424 3380 805 889 832 3161 91 35 264 4588 17661 22 420 3329 4313 1433 1187 113 114 591
internal_value=-3.09723e-05 0.000590036 -0.00439512 -0.00111053 -0.00354198 0.00968102 -0.0196382 -0.00731775 -0.00568804 0.00141164 0.000242731 0.000156917 0.00252406 0.00100269 0.00418334 -0.0117352 -0.00398954 0.0212569 -0.0138817
internal_weight=3533.32 3424.84 484.584 228.164 186.209 41.9548 108.473 256.42 220.546 2940.26 1433.73 1430.56 1506.53 785.924 720.604 44.1278 24.4564 6.88493 17.5715
internal_count=48652 43232 10630 4889 3993 896 5420 5741 4852 32602 18103 18081 14499 7642 6857 2040 853 227 626
is_linear=0
shrinkage=0.03


Tree=67
num_leaves=20
num_cat=0
split_feature=12 12 9 8 8 8 0 9 10 7 11 8 8 2 12 11 12 2 12
split_gain=45.8452 14.7034 4.91943 6.82175 8.25033 6.78396 4.80301 4.59431 5.29624 4.39917 4.3607 4.31429 5.74741 9.85685 5.45929 4.45156 3.86316 3.84331 3.27299
threshold=20.500000000000004 5.5000000000000009 0.29204625173438642 0.3309136865130245 0.33280523376755239 0.30847963476610168 36.850000000000001 0.3195719061086158 0.25757547810858794 584.78419810906382 0.99092932737416251 0.11235233264862407 0.28223647863553519 20.250000000000004 1.5000000000000002 0.59085865535266702 24.500000000000004 20.650000000000002 57.000000000000007
decision_type=2 2 2 2 2 2 2 2 2 2 2 2 2 2 2 2 2 2 2
left_child=1 11 3 5 -5 -3 18 8 -4 -9 16 15 13 -13 -14 17 -8 -1 -2
right_child=6 2 7 4 -6 -7 10 9 -10 -11 -12 12 14 -15 -16 -17 -18 -19 -20
leaf_value=-0.016334090590630047 -0.017607702210121895 -0.0032876562344319837 -0.024047161221000521 0.05975150313235509 0.0022988135415792569 -0.023565871333213778 0.025503382973780148 -0.0035070183590439423 -0.004958203912155794 -0.017432846261960476 0.032930154523216924 0.0088797782491389695 0.0021504398604706475 0.0013752961849228674 -0.00084004481140488411 -0.022184487359439495 -0.030611321058810589 0.026547799184817367 -0.029481951620459811
leaf_weight=3.5393811389803913 68.356162779964507 75.926839234307408 27.765347052365541 2.2887613102793685 131.26449030265212 18.457406176254153 1.5926557090133409 179.20169814676046 24.734207300469279 23.041058361530304 2.8221466317772865 232.17472741752863 1135.6245929002762 489.89705793559551 1064.3222571909428 13.819042995572088 3.5999051807448268 4.0147320292890072 30.087442862801254
leaf_count=42 3108 1649 634 42 2791 407 51 4070 553 484 118 2467 10943 5372 13559 171 195 48 1948
internal_value=-3.06226e-05 0.000571822 -0.00428136 -0.00107958 0.00328341 -0.00725318 -0.0194187 -0.00714624 -0.0150537 -0.00509356 0.00291389 0.00136768 0.00146591 0.00378828 0.00070366 -0.0120618 -0.0133999 0.00645605 -0.0212368
internal_weight=3532.53 3426.07 482.68 227.937 133.553 94.3842 106.458 254.742 52.4996 202.243 8.01471 2943.39 2922.02 722.072 2199.95 21.3732 5.19256 7.55411 98.4436
internal_count=48652 43232 10630 4889 2833 2056 5420 5741 1187 4554 364 32602 32341 7839 24502 261 246 90 5056
is_linear=0
shrinkage=0.03


Tree=68
num_leaves=20
num_cat=0
split_feature=12 12 0 9 10 7 0 0 8 8 7 12 11 11 6 12 2 12 4
split_gain=43.9539 13.87 4.6835 4.68108 6.57918 6.07753 4.53258 6.2851 4.09365 5.38148 9.73359 5.12862 4.28505 4.01727 3.89973 3.70271 3.56761 3.29679 3.1091
threshold=20.500000000000004 5.5000000000000009 36.850000000000001 0.29204625173438642 0.016205299113520592 610.19370406862458 28.850000000000005 29.950000000000003 0.11235233264862407 0.28223647863553519 766.96674707323325 1.5000000000000002 0.59085865535266702 0.99092932737416251 15.337510980175786 24.500000000000004 20.650000000000002 57.000000000000007 5.6550000000000011
decision_type=2 2 2 2 2 2 2 2 2 2 2 2 2 2 2 2 2 2 2
left_child=1 8 17 4 -3 -6 14 -8 12 10 -10 -11 16 15 -5 -4 -1 18 -2
right_child=2 3 13 6 5 -7 7 -9 9 11 -12 -13 -14 -15 -16 -17 -18 -19 -20
leaf_value=-0.016057058770376446 -0.01203483895782133 0.050876308343602059 0.024146806355657358 -0.023220600092299162 -0.0031594277066798846 0.013519193928534954 0.015761144988811211 -0.0065950069584892268 0.004314405567902883 0.0020824558954241094 -0.01491943211392068 -0.00081541499023817313 -0.021919359718113367 0.030949403388577927 -0.00094784602672625859 -0.03059295052500614 0.025198967866843402 -0.029439138860965421 -0.025171251026541497
leaf_weight=3.4931393601000336 39.90990786626935 2.1751142069697371 1.6310615204274634 25.266803182661533 203.78327277675271 21.762879636138678 11.975551953539251 206.0507749915123 699.70134968683124 1137.4884808585048 24.509591482579708 1063.5876354575157 13.570390354841946 2.9112647194415331 9.8266221992671472 3.4955780571326613 4.1013749614357948 29.240050470456481 27.312037531286478
leaf_count=42 1717 46 51 638 4421 422 264 4588 7552 10943 287 13559 171 118 251 195 48 1948 1391
internal_value=-3.02249e-05 0.000554168 -0.0191966 -0.00417007 -0.00104935 -0.00155011 -0.00697766 -0.00536705 0.00132513 0.00142025 0.00366347 0.000682168 -0.0118211 0.00280506 -0.0169839 -0.0131773 0.00622303 -0.0210299 -0.0173721
internal_weight=3531.79 3427.29 104.5 480.841 227.721 225.546 253.12 218.026 2946.45 2925.29 724.211 2201.08 21.1649 8.0379 35.0934 5.12664 7.59451 96.462 67.2219
internal_count=48652 43232 5420 10630 4889 4843 5741 4852 32602 32341 7839 24502 261 364 889 246 90 5056 3108
is_linear=0
shrinkage=0.03


Tree=69
num_leaves=20
num_cat=0
split_feature=4 4 7 6 6 6 10 0 7 3 11 11 7 6 10 7 8 7 8
split_gain=6.05345 8.9641 10.4942 11.2428 9.08858 8.1572 8.04653 10.9408 9.2221 7.61032 7.96205 7.95861 7.4019 8.79529 7.10615 8.01777 6.69273 4.78598 4.74367
threshold=5.0550000000000006 4.955000000000001 159.62183485122316 18.082285210539677 15.47696562988188 4.1052353487580211 0.10062959972595727 36.45000000000001 10.030871167710986 3.1350000000000002 0.63376302764901216 0.9999984447278949 474.50842076760665 4.2474898418117242 0.10062959972595727 99.556084027816112 0.41053140087593432 462.05471015624778 0.24293644795268279
decision_type=2 2 2 2 2 2 2 2 2 2 2 2 2 2 2 2 2 2 2
left_child=1 14 3 18 5 -4 7 -2 9 11 -11 -8 17 -14 15 -1 -17 -10 -3
right_child=6 2 4 -5 -6 -7 8 -9 12 10 -12 -13 13 -15 -16 16 -18 -19 -20
leaf_value=0.041238092060413192 -0.011095439396862649 0.052679475118053189 -0.0193410293630925 0.079898139201800597 -0.015216673127009115 0.017187116540595352 0.0073628164345764784 0.047528364394059185 -0.0026294991191111168 0.040332660341746249 -0.00072074095279673939 0.031870856638196991 -0.013381063142049666 0.0034690713282298923 0.0001644978869857834 0.0098205565610174628 -0.0059168294470845397 -0.01456271352890662 0.011158459326515952
leaf_weight=6.0032759029418221 101.73725598398596 3.1149822529405382 6.4539781231433144 3.4167101196944705 15.06504281517118 37.305716815404594 38.58507948089391 2.9481505528092375 934.77320891618729 4.4500578865408889 95.417992648668587 17.259268619120121 30.473751049488783 327.5002723261714 1736.2125355722383 94.216788604855537 32.783653834834695 31.259655483998358 12.079865749925373
leaf_count=72 1575 38 86 36 211 482 434 34 14478 53 1222 194 463 4578 22424 1189 420 515 148
internal_value=-2.98052e-05 0.00109082 0.0110928 0.030727 0.00488079 0.0117997 -0.00140664 -0.00944448 -0.000837988 0.00606807 0.00110857 0.0149373 -0.00165019 0.00203465 0.000676462 0.00735957 0.00575814 -0.00301564 0.0196704
internal_weight=3531.06 1946.65 77.4363 18.6116 58.8247 43.7597 1584.4 104.685 1479.72 155.712 99.8681 55.8443 1324.01 357.974 1869.22 133.004 127 966.033 15.1948
internal_count=48652 25106 1001 222 779 568 23546 1609 21937 1903 1275 628 20034 5041 24105 1681 1609 14993 186
is_linear=0
shrinkage=0.03


Tree=70
num_leaves=20
num_cat=0
split_feature=12 12 1 12 9 7 9 8 0 8 9 10 12 7 8 8 7 12 0
split_gain=42.0845 13.1023 4.7252 4.59127 5.48836 4.97752 4.45478 6.47887 7.40866 6.57748 4.44845 5.21846 4.38643 4.27139 3.88057 5.00763 9.236 4.81804 2.46575
threshold=20.500000000000004 5.5000000000000009 21.550000000000004 35.500000000000007 0.477436074305923 99.556084027816112 0.29204625173438642 0.3309136865130245 27.850000000000005 0.30847963476610168 0.3195719061086158 0.25757547810858794 34.500000000000007 584.78419810906382 0.11235233264862407 0.28223647863553519 766.96674707323325 1.5000000000000002 35.650000000000013
decision_type=2 2 2 2 2 2 2 2 2 2 2 2 2 2 2 2 2 2 2
left_child=1 14 3 4 12 -5 7 9 -9 -3 11 -8 -2 -12 18 16 -16 -17 -1
right_child=2 6 -4 5 -6 -7 10 8 -10 -11 13 -13 -14 -15 15 17 -18 -19 -20
leaf_value=-0.006681875911142398 -0.011026303816290718 -0.0031898017747516187 -0.026898406714540874 0.056903908912734086 0.050144161343194958 -0.024892360082815257 -0.023780693690659927 0.022282986085691063 0.00060090973521359156 -0.023343702313318268 -0.003230319935133466 -0.0046495596203263399 0.049185366104262593 -0.017088348757390542 0.0041651813048196543 0.0020194952971850783 -0.014670067698326227 -0.00078884309129293438 -0.033202690405978751
leaf_weight=17.085064262151722 31.635369907133281 75.674921203404665 40.744888038374484 0.68667107727378862 1.4781020078808058 26.86725184507668 26.985139813274145 16.127421075478196 117.66431157663465 18.050513006746769 177.53628573380411 24.467194711789489 1.1277280971407879 22.56124815531075 702.11550967395306 1139.1644355133176 24.239523064345121 1062.7346394471824 3.8697704561054698
leaf_count=215 1144 1649 2369 45 48 1756 634 368 2465 407 4070 553 58 484 7552 10943 287 13559 46
internal_value=-2.93763e-05 0.000537063 -0.0189675 -0.0137381 -0.00640268 -0.0228539 -0.00406457 -0.0010227 0.00321449 -0.00707123 -0.00681583 -0.0146832 -0.00895378 -0.00479283 0.00128455 0.00137661 0.00353662 0.000664066 -0.0115795
internal_weight=3530.82 3428.28 102.54 61.7951 34.2412 27.5539 479.067 227.517 133.792 93.7254 251.55 51.4523 32.7631 200.098 2949.21 2928.25 726.355 2201.9 20.9548
internal_count=48652 43232 5420 3051 1250 1801 10630 4889 2833 2056 5741 1187 1202 4554 32602 32341 7839 24502 261
is_linear=0
shrinkage=0.03


Tree=71
num_leaves=20
num_cat=0
split_feature=12 12 7 7 2 7 3 3 1 8 8 2 6 9 2 9 2 9 0
split_gain=40.3371 12.3902 7.34586 6.94585 7.51846 6.52367 8.70463 5.17123 5.06274 3.92911 4.27349 7.99649 4.52711 3.93463 4.54981 3.46693 6.24123 8.3786 3.93989
threshold=20.500000000000004 4.5000000000000009 450.07317474263562 766.96674707323325 21.850000000000005 17.292602364115449 4.3750000000000009 4.4250000000000007 25.150000000000002 0.12711556797532012 0.28223647863553519 20.950000000000003 5.7084081417920371 0.4206463636956832 29.150000000000002 0.35741587455182311 22.050000000000004 0.38342178043776881 34.150000000000013
decision_type=2 2 2 2 2 2 2 2 2 2 2 2 2 2 2 2 2 2 2
left_child=1 9 5 4 -4 6 -3 -2 -7 13 11 -11 -12 14 -1 18 17 -17 -9
right_child=7 2 3 -5 -6 8 -8 15 -10 10 12 -13 -14 -15 -16 16 -18 -19 -20
leaf_value=-0.019141846017404252 -0.024479645491685031 0.0094343269064211966 -0.0040159768404770318 -0.024836531612621629 0.0064879056140223264 -0.0052575451965305321 -0.031774732303785837 0.01444526153785442 -0.013782300526749615 0.0075236918732437541 -0.0025628842319774959 0.00089980190891029792 0.0013913862042856471 0.021262304192377901 0.014252048441678667 0.084597654818285933 -0.017353163457338498 0.0035592192562863326 -0.020294036815506612
leaf_weight=21.605325073003776 58.823129783384502 39.975572880357504 115.24590454436839 9.3006690684705955 131.09297798387706 239.72653700225055 5.2150842621922484 3.3136703940108445 84.906515099108219 273.1920394487679 305.08961772546172 410.48830921947956 1785.843964446336 3.3094136975705615 4.4238627143204203 1.5590606806799749 6.7103794971480966 4.3575292630121112 25.932258434593678
leaf_count=271 3380 668 2102 242 2363 5208 106 154 2095 2820 3373 4402 19489 40 53 67 322 190 1307
internal_value=-2.89949e-05 0.000520515 -0.00329747 0.000612963 0.00157382 -0.00600055 0.00467873 -0.0187437 -0.00748716 0.00137217 0.00148765 0.00354664 0.000814416 -0.00954889 -0.0134663 -0.0106858 0.00245158 0.0249134 -0.0163579
internal_weight=3530.11 3429.42 625.463 255.64 246.339 369.824 45.1907 100.696 324.633 2803.95 2774.61 683.68 2090.93 29.3386 26.0292 41.8729 12.627 5.91659 29.2459
internal_count=48652 43232 12784 4707 4465 8077 774 5420 7303 30448 30084 7222 22862 364 324 2040 579 257 1461
is_linear=0
shrinkage=0.03


Tree=72
num_leaves=20
num_cat=0
split_feature=12 12 0 4 4 10 10 9 7 10 2 4 8 7 7 4 9 11 12
split_gain=38.6547 11.7498 4.60692 4.38888 5.58352 7.29918 5.03007 4.46463 8.58099 4.63931 3.86628 14.0326 14.1369 5.41306 9.07571 6.30902 4.34854 3.67577 3.64919
threshold=20.500000000000004 5.5000000000000009 36.850000000000001 3.7450000000000006 3.6850000000000005 0.24816679607806724 0.1393031441039557 0.28793770892998999 175.0004291019184 0.46596929191127423 36.650000000000013 3.3450000000000002 0.41053140087593432 472.70143769989221 564.84010114724754 5.3850000000000007 0.20480926357369181 0.99092932737416251 24.500000000000004
decision_type=2 2 2 2 2 2 2 2 2 2 2 2 2 2 2 2 2 2 2
left_child=1 10 -2 4 6 -6 -3 8 -5 -9 13 16 -13 15 -15 -1 -12 18 -4
right_child=2 3 17 7 5 -7 -8 9 -10 -11 11 12 -14 14 -16 -17 -18 -19 -20
leaf_value=0.0015573187413475036 -0.020422894354450476 0.014144211454453189 0.024392967504880774 0.010133854586516545 0.052086249982395 -0.0063619377364629781 -0.0033070692047953132 -0.0093465370997352411 -0.0058608756124006092 0.024440260456221358 0.014399091884194533 0.016983674654787454 -0.0071328486589982022 0.0056796213829447204 -7.5265468220636882e-05 -0.0019958228958401108 -0.018235503654987592 0.029902518553189067 -0.030559364298247026
leaf_weight=1025.166624173522 91.032925321720541 17.537854108959436 1.6239516045898188 40.069466594606638 4.2500688582658759 3.5120257139205933 97.532237689942122 186.82814900763333 122.40295407548547 3.7306830603629342 4.3614501580595997 84.146356232464314 29.561050776392221 485.48733227699995 501.2937874533236 801.30533883720636 23.339974407106638 2.9603339713066816 3.292952517978847
leaf_count=11195 5056 327 51 856 63 64 1876 4559 2809 76 45 913 330 4900 5239 9733 247 118 195
internal_value=-2.86485e-05 0.000504453 -0.0185183 -0.00387045 0.0010139 0.0256409 -0.000647316 -0.0055699 -0.0019162 -0.00868507 0.00120905 0.00604944 0.010714 0.000965751 0.00275609 -1.50692e-06 -0.0130974 0.00349157 -0.0124097
internal_weight=3529.44 3430.53 98.9102 475.863 122.832 7.76209 115.07 353.031 162.472 190.559 2954.66 141.409 113.707 2813.25 986.781 1826.47 27.7014 7.87724 4.9169
internal_count=48652 43232 5420 10630 2330 127 2203 8300 3665 4635 32602 1535 1243 31067 10139 20928 292 364 246
is_linear=0
shrinkage=0.03


Tree=73
num_leaves=20
num_cat=0
split_feature=12 12 7 7 7 1 2 9 3 8 9 10 2 2 3 8 8 10 6
split_gain=37.029 11.1237 5.41593 7.97009 7.14888 7.01001 5.87214 5.27608 5.17211 3.88806 4.25275 4.73938 3.54587 3.90699 3.5153 4.05289 8.1641 1.78707 4.34026
threshold=20.500000000000004 3.5000000000000004 450.07317474263562 17.292602364115449 766.96674707323325 25.250000000000004 51.050000000000004 0.089832668764965456 4.4250000000000007 0.14632943131559237 0.42249217246612641 0.10922056351910832 56.050000000000004 36.650000000000013 4.4450000000000012 0.30442378360286115 0.32456814278069784 0.36405200613591387 10.898458319181028
decision_type=2 2 2 2 2 2 2 2 2 2 2 2 2 2 2 2 2 2 2
left_child=1 9 3 5 7 -3 -5 -4 17 10 11 -1 13 -11 -10 -16 -17 -2 -19
right_child=8 2 4 6 -6 -7 -8 -9 14 12 -12 -13 -14 -15 15 16 -18 18 -20
leaf_value=0.02167817006795273 -0.026269558595439724 -0.0061188935934926511 -0.027191224402994447 -0.0061923664064770928 -0.021844666842951308 0.014612127768237018 0.035501426193041849 0.0016927569515815296 0.03849684948733538 0.0014120316125093531 0.020575882244654304 -0.013571707965173496 -0.026259915992365004 0.0070838108607783473 -0.02590132378362086 0.042695788368495406 -0.010897108199194174 0.015512703161163563 -0.030649828614116876
leaf_weight=3.7843404039740554 48.884571089409292 25.625623663887382 5.7910587117075911 435.6071870457381 12.569966509938238 34.367236386984587 3.0615246929228297 331.65316849574447 1.293932495638727 2419.1525603532791 4.4547010511159888 36.954609952867031 4.0980854630470267 114.47916186973453 12.474213276989756 2.8605316663160947 24.205532823689282 3.2531536724418393 4.199218574911356
leaf_count=40 2963 499 95 9137 311 456 44 5468 48 25447 51 457 44 1183 634 146 1212 187 230
internal_value=-2.83228e-05 0.000488809 -0.00249096 -0.00449879 0.000369572 0.00575698 -0.00590138 0.00119706 -0.0182908 0.00146788 -0.00725412 -0.0102973 0.0016232 0.0016683 -0.0101612 -0.0117535 -0.00523303 -0.0241834 -0.0104987
internal_weight=3528.77 3431.6 848.676 498.662 350.014 59.9929 438.669 337.444 97.1712 2582.92 45.1937 40.739 2537.73 2533.63 40.8342 39.5403 27.0661 56.3369 7.45237
internal_count=48652 43232 16010 10136 5874 955 9181 5563 5420 27222 548 497 26674 26630 2040 1992 1358 3380 417
is_linear=0
shrinkage=0.03


Tree=74
num_leaves=20
num_cat=0
split_feature=12 12 3 4 1 11 3 9 6 7 3 3 7 3 6 7 2 12 12
split_gain=35.4712 10.622 5.12237 4.17442 5.94398 4.91978 4.85422 4.96614 4.9092 4.29639 3.65024 7.43147 6.64674 6.20208 7.03617 5.0343 4.99911 3.53435 5.4895
threshold=20.500000000000004 5.5000000000000009 4.4250000000000007 3.7450000000000006 14.250000000000002 0.82265643376300546 5.0750000000000011 0.17964510825208735 14.94354372617377 698.34982198323257 4.3350000000000009 4.2950000000000008 76.157742350885556 4.6150000000000011 0.46685165823272895 636.45379877027869 36.650000000000013 57.000000000000007 49.500000000000007
decision_type=2 2 2 2 2 2 2 2 2 2 2 2 2 2 2 2 2 2 2
left_child=1 10 -2 4 9 -6 8 -8 -5 -3 11 16 -13 14 -12 -15 -1 18 -4
right_child=2 3 17 6 5 -7 7 -9 -10 -11 13 12 -14 15 -16 -17 -18 -19 -20
leaf_value=6.8378686350841397e-05 -0.024019568757570976 0.0011517848648941197 -0.0075720504114794663 -0.0070407225258517945 0.060516965715062286 0.0095052075432311162 0.021364465636907991 -0.026059590809378537 0.00077545657819475303 -0.019449554728816057 0.046421101628515073 0.019282988091533903 -0.01539790418360126 0.0019472906437092473 0.0050656839128478395 -0.0034514580628023212 0.008459697360084591 -0.024806194527281788 0.052268769721819791
leaf_weight=1337.7166135534644 55.042397445999086 105.06153078190982 28.361299885436896 225.31638347730041 2.5707850754261008 5.0324695184826851 2.2627580966800478 16.324839312583208 106.50712541304529 9.9758676420897228 3.739096798002719 5.6181163303554049 43.353808589279652 935.62698430195451 379.96433638781309 186.42594905570149 67.101273324340582 10.633936701342462 1.4502354888245452
leaf_count=15492 3380 1968 1208 5407 36 85 49 375 2469 241 39 57 499 9686 4062 2022 745 737 95
internal_value=-2.79365e-05 0.000473773 -0.0180634 -0.0037004 0.00106321 0.0267531 -0.00536762 -0.0202864 -0.00453192 -0.000634732 0.00114097 6.87197e-05 -0.0114193 0.00217621 0.00546868 0.0010503 0.000469191 -0.00995757 -0.00466099
internal_weight=3528.09 3432.6 95.4879 473.052 122.641 7.60325 350.411 18.5876 331.824 115.037 2959.55 1453.79 48.9719 1505.76 383.703 1122.05 1404.82 40.4455 29.8115
internal_count=48652 43232 5420 10630 2330 121 8300 424 7876 2209 32602 16793 556 15809 4101 11708 16237 2040 1303
is_linear=0
shrinkage=0.03


Tree=75
num_leaves=20
num_cat=0
split_feature=12 12 7 7 2 7 3 3 1 12 9 2 3 1 4 2 11 10 3
split_gain=33.9677 10.0543 6.70059 6.37746 7.04097 5.83143 8.23599 5.07078 4.84403 3.47099 6.17648 7.6339 4.45755 3.16199 7.57183 17.5311 5.36121 6.79921 3.0105
threshold=20.500000000000004 4.5000000000000009 450.07317474263562 766.96674707323325 21.850000000000005 17.292602364115449 4.3750000000000009 4.4250000000000007 25.150000000000002 35.500000000000007 0.36230511937680004 22.050000000000004 4.4650000000000007 43.050000000000004 11.045000000000002 19.450000000000003 0.79120237155642681 0.2656382991688036 4.3350000000000009
decision_type=2 2 2 2 2 2 2 2 2 2 2 2 2 2 2 2 2 2 2
left_child=1 13 5 4 -4 6 -3 -2 -7 10 12 -12 -9 14 18 -16 -15 -18 -1
right_child=7 2 3 -5 -6 8 -8 9 -10 -11 11 -13 -14 16 15 -17 17 -19 -20
leaf_value=0.00020258500374470854 -0.023853150392446312 0.0089576418873591641 -0.0038115080438904376 -0.024382609594715769 0.0063658437414205495 -0.0048548634156590628 -0.031713750574205488 0.043110330073161784 -0.013288455334457345 -0.019958441878969425 0.051575587826630388 -0.012089881551768206 -0.016746147627588026 -0.022239887122335277 0.078917488214555867 0.003950560578705401 0.013225583699214151 -0.011641434554839059 0.002191557766930675
leaf_weight=1307.4391252323985 53.782721645198762 40.390532055869699 114.44622625596821 8.7862495053559524 131.44672146812081 236.30171968974173 5.0402365252375594 1.2107999008148969 82.762894868850708 17.156460179015994 3.6289185881614676 3.1807564776390791 14.88837830070406 13.634501341730354 3.7372712679207316 11.28419207036495 17.986868988722563 21.999187368899584 1438.380043849349
leaf_count=14790 3380 668 2102 242 2363 5208 106 35 2095 1187 113 114 591 169 42 132 217 265 14833
internal_value=-2.75576e-05 0.000459137 -0.00300193 0.000731606 0.00162899 -0.00561062 0.00444543 -0.0178344 -0.00704247 -0.00975489 -0.00211343 0.0218378 -0.0122444 0.00122056 0.0013607 0.022602 -0.00599481 -0.00045554 0.0012445
internal_weight=3527.48 3433.64 619.175 254.679 245.893 364.495 45.4308 93.848 319.065 40.0653 22.9089 6.80968 16.0992 2814.46 2760.84 15.0215 53.6206 39.9861 2745.82
internal_count=48652 43232 12784 4707 4465 8077 774 5420 7303 2040 853 227 626 30448 29797 174 651 482 29623
is_linear=0
shrinkage=0.03


Tree=76
num_leaves=20
num_cat=0
split_feature=12 12 3 7 7 7 10 8 11 10 8 7 1 12 12 11 12 7 10
split_gain=32.5287 9.55727 5.01343 4.90265 6.48553 7.58079 4.75209 3.66532 4.74609 4.8009 3.46754 7.71538 4.02259 3.41285 5.12538 15.0195 3.76306 2.855 1.86925
threshold=20.500000000000004 3.5000000000000004 4.4250000000000007 766.96674707323325 450.07317474263562 175.0004291019184 0.10384829034877617 0.14632943131559237 0.80600366543101909 0.1065382853757624 0.28223647863553519 766.96674707323325 13.050000000000002 57.000000000000007 49.500000000000007 0.93057077936514976 35.500000000000007 412.50250564503887 0.36405200613591387
decision_type=2 2 2 2 2 2 2 2 2 2 2 2 2 2 2 2 2 2 2
left_child=1 7 18 4 5 -3 -6 8 9 -1 11 -9 -12 14 16 -16 -4 -10 -2
right_child=2 3 13 -5 6 -7 -8 10 17 -11 12 -13 -14 -15 15 -17 -18 -19 -20
leaf_value=0.020073529673203565 -0.025910912057640116 0.0011066852457155831 -0.0020640835389987809 -0.021349914561846959 0.014519432985614344 -0.0068237190625496979 0.00020372522384175018 0.0041147452157194592 -0.0059726197466201522 -0.015136231102267951 -0.0020194990330169261 -0.01405591032247344 0.0015221789469977425 -0.024535856134640901 -0.030476991579122939 0.16237219825627838 -0.030450867932094557 0.031308890495973254 -0.0093078629194840688
leaf_weight=3.8881412185728541 45.511262306012213 160.82405015453696 22.866032588295646 12.020338028669356 22.347269361838698 333.33835992962122 315.48214879259467 589.91050436720252 3.337275192141532 33.638245217502117 353.09070131927729 21.808428302407265 1580.7737807929516 10.181535165756939 0.87419088277965673 0.62213102355599403 5.1494091860949984 4.144547127187252 7.0479958252981296
leaf_count=40 2963 3104 853 311 368 7032 5195 5962 42 424 3602 248 16862 737 57 38 355 42 417
internal_value=-2.7256e-05 0.000444928 -0.0176069 -0.00232759 -0.00205277 -0.00424279 0.0011507 0.00134821 -0.00713822 -0.0114881 0.00149826 0.00346694 0.000875529 -0.0095593 -0.00439239 0.0497046 -0.00728175 0.0146794 -0.0236845
internal_weight=3526.86 3434.6 92.2526 844.012 831.992 494.162 337.829 2590.59 45.0082 37.5264 2545.58 611.719 1933.86 39.6933 29.5118 1.49632 28.0154 7.48182 52.5593
internal_count=48652 43232 5420 16010 15699 10136 5563 27222 548 464 26674 6210 20464 2040 1303 95 1208 84 3380
is_linear=0
shrinkage=0.03


Tree=77
num_leaves=20
num_cat=0
split_feature=12 12 3 11 11 11 1 8 10 4 8 8 8 12 9 8 0 0 10
split_gain=31.1471 9.1708 4.95433 4.80673 5.10207 21.5075 4.0974 8.13162 11.2013 5.34369 5.15142 4.83157 4.69285 3.3332 4.88943 6.24886 6.01933 3.33291 1.86341
threshold=20.500000000000004 7.5000000000000009 4.4250000000000007 0.58272160316257104 0.74904018980893328 0.74336087310166266 43.050000000000004 0.42067573171208672 0.2656382991688036 10.625000000000002 0.18685836832135325 0.35489107565226047 0.28223647863553519 57.000000000000007 0.35741587455182311 0.32338562749840966 34.150000000000013 37.250000000000007 0.36405200613591387
decision_type=2 2 2 2 2 2 2 2 2 2 2 2 2 2 2 2 2 2 2
left_child=1 6 18 -3 5 -5 9 11 -9 12 -11 -8 -1 14 16 -16 -4 -6 -2
right_child=2 3 13 4 17 -7 7 8 -10 10 -12 -13 -14 -15 15 -17 -18 -19 -20
leaf_value=0.0028991617977845979 -0.025780569851017777 -0.027502972696052869 0.032043698522841113 0.00051189125890638493 -0.0051436212470854217 0.099811778707525875 -0.0057555871188879433 0.038214785170778941 -0.017465261211940922 -0.024119776945954071 0.014038623451251295 -0.025796501160914281 0.00019900722973940761 -0.024383209838750419 -0.015556596252689197 0.033952368646393859 -0.018786756360487829 -0.021358973765864618 -0.0091110628520639555
leaf_weight=776.72676734812558 44.386149013414979 8.182980000972746 2.3811032334342661 42.425040449947119 206.8317639529705 2.0583068262785664 32.686744816601276 7.5102384835481626 5.734604611992836 3.4414905235171309 42.577030293643475 16.188866693526506 2279.0877338051796 9.941552706062792 3.9130352158099395 5.5468864720314741 17.556322161108255 12.074072014540432 6.985190167091786
leaf_count=8588 2963 236 94 1112 5612 53 413 92 75 47 529 214 25948 737 163 217 829 313 417
internal_value=-2.68971e-05 0.000431251 -0.0173786 -0.0048593 -0.0041558 0.00510664 0.000885356 -0.00674338 0.0141071 0.00103814 0.011185 -0.0123937 0.000885332 -0.00936675 -0.0042885 0.0134733 -0.0127161 -0.006038 -0.0235139
internal_weight=3526.24 3435.53 90.7102 271.572 263.389 44.4833 3163.95 62.1205 13.2448 3101.83 46.0185 48.8756 3055.81 39.3389 29.3973 9.45992 19.9374 218.906 51.3713
internal_count=48652 43232 5420 7326 7090 1165 35906 794 167 35112 576 627 34536 2040 1303 380 923 5925 3380
is_linear=0
shrinkage=0.03


Tree=78
num_leaves=20
num_cat=0
split_feature=12 12 3 9 8 10 8 0 0 6 3 3 7 7 7 10 7 12 9
split_gain=29.816 8.74291 4.89398 4.0807 6.30194 11.8229 6.47887 4.43182 6.07333 3.87612 3.31236 7.04483 6.27183 5.70582 8.2207 6.96336 4.82425 3.25481 4.6144
threshold=20.500000000000004 5.5000000000000009 4.4250000000000007 0.29204625173438642 0.3309136865130245 0.016205299113520592 0.30847963476610168 28.850000000000005 29.950000000000003 15.337510980175786 4.3350000000000009 4.2950000000000008 76.157742350885556 573.10350983090063 538.83159113756176 0.37608776315376685 472.70143769989221 57.000000000000007 0.35741587455182311
decision_type=2 2 2 2 2 2 2 2 2 2 2 2 2 2 2 2 2 2 2
left_child=1 10 -2 4 6 -6 -3 9 -9 -5 11 16 -13 14 -12 -15 -1 18 -4
right_child=2 3 17 7 5 -7 -8 8 -10 -11 13 12 -14 15 -16 -17 -18 -19 -20
leaf_value=-0.00065033810408035326 -0.023341165030189646 -0.002645723830009794 -0.012490234060457928 -0.022679492814943487 0.087255454740930452 0.0027707885827819674 -0.022988232508807552 0.01644939456382994 -0.0057018919629442562 -7.223544995759732e-05 0.0022039782214374123 0.018293564496522599 -0.015164060178739946 -0.0029851456246746924 0.010995443555603009 0.010492138689993937 0.0033632254356200748 -0.024228260763103381 0.012891160823519961
leaf_weight=1044.5113519392908 50.21759051643312 74.293028539046645 19.698899932205681 23.882814822718501 1.5080232061445702 130.34885267540812 17.388721412047744 11.799233445897697 199.27307976037264 9.5570274256169778 1068.7307016663253 5.7142444476485243 42.895042516291142 299.21042262390256 105.14342024177313 39.00021556019783 363.27532567083836 9.7085103373974544 9.5824143728241307
leaf_count=12441 3380 1649 923 638 29 2804 407 264 4588 251 11266 57 499 3156 1013 374 3796 737 380
internal_value=-2.65959e-05 0.000417893 -0.0171496 -0.00339285 -0.000463197 0.00373702 -0.00650396 -0.00607121 -0.0044636 -0.0162184 0.00101875 -2.3605e-06 -0.011231 0.00200225 0.00299143 -0.00143103 0.00038535 -0.00917511 -0.00418408
internal_weight=3525.74 3436.53 89.2074 468.051 223.539 131.857 91.6817 244.512 211.072 33.4398 2968.48 1456.4 48.6093 1512.08 1173.87 338.211 1407.79 38.9898 29.2813
internal_count=48652 43232 5420 10630 4889 2833 2056 5741 4852 889 32602 16793 556 15809 12279 3530 16237 2040 1303
is_linear=0
shrinkage=0.03


Tree=79
num_leaves=20
num_cat=0
split_feature=12 12 12 5 8 2 4 2 10 10 12 8 11 1 9 4 0 10 2
split_gain=28.5511 7.78475 7.06179 8.09228 6.19227 7.48447 5.77649 4.09495 3.93036 7.10761 5.72513 3.91372 4.47367 3.71993 3.57933 8.00432 3.32272 1.80652 4.73542
threshold=16.500000000000004 35.500000000000007 2.5000000000000004 14.450000000000001 0.23573754443991352 22.750000000000004 5.0750000000000011 52.95000000000001 0.35160999122983866 0.35702554334302317 30.500000000000004 0.14632943131559237 0.46448992615983836 13.050000000000002 0.35404649573075125 5.0550000000000006 37.750000000000007 0.33936798122406625 23.450000000000003
decision_type=2 2 2 2 2 2 2 2 2 2 2 2 2 2 2 2 2 2 2
left_child=2 8 7 -4 5 -5 -6 11 14 -10 -11 12 -1 -13 16 -16 -2 -3 -19
right_child=1 17 3 4 6 -7 -8 -9 9 10 -12 13 -14 -15 15 -17 -18 18 -20
leaf_value=0.020258781482696248 -0.017412860715855388 -0.027626500684804878 0.055082267251401272 -0.0018248113820350529 -0.00020671291188168543 0.011634205666911855 -0.0047418867964451918 -0.023420404943806747 0.06548173748419471 -0.0076029832984797797 0.056473622443750177 -0.00088482445747557195 -0.011926165141284983 0.0023238689989379369 0.012026959560093749 -0.0222620726702801 0.027186258999758271 -0.030409450882771499 0.016659246110408896
leaf_weight=4.4122098162770262 51.232992617413402 32.687413398176432 2.2805148884654036 83.127373088151217 540.79673212580383 67.284496797248721 474.58421575464308 5.9153900220990172 1.550706254318359 14.076954538002608 1.3777862340211857 397.83075677603483 32.645229235291481 1780.5958852171898 14.608845789916815 10.55331044923514 1.5488830413669337 4.8534220876172167 3.1868193233385682
leaf_count=43 2033 2674 17 1353 8379 1082 8504 64 44 458 72 3958 401 17968 460 467 58 372 245
internal_value=-2.62604e-05 -0.0135208 0.00051391 -0.00137448 -0.00148492 0.00419588 -0.00232643 0.00150688 -0.00881436 0.00425303 -0.00189057 0.00157343 -0.00809409 0.00173789 -0.0116653 -0.00235427 -0.0161041 -0.0244929 -0.0117534
internal_weight=3525.15 135.677 3389.47 1168.07 1165.79 150.412 1015.38 2221.4 94.9495 17.0054 15.4547 2215.48 37.0574 2178.43 77.944 25.1622 52.7819 40.7277 8.04024
internal_count=48652 6883 41769 19335 19318 2435 16883 22434 3592 574 530 22370 444 21926 3018 927 2091 3291 617
is_linear=0
shrinkage=0.03


Tree=80
num_leaves=20
num_cat=0
split_feature=12 12 10 12 10 3 0 0 10 8 8 10 1 8 10 8 1 2 5
split_gain=27.4335 10.9725 5.37789 7.37793 12.2054 22.8033 4.19376 4.76334 5.83638 4.65033 4.11043 4.93215 3.87377 7.66857 10.1893 4.70703 4.52667 8.02944 4.61276
threshold=29.500000000000004 7.5000000000000009 0.36044134805350431 57.000000000000007 0.39329505826902794 4.5450000000000008 37.050000000000004 36.850000000000001 0.23170452137316572 0.3441351724789915 0.28346522167806115 0.29819966383378466 43.050000000000004 0.42067573171208672 0.2656382991688036 0.35489107565226047 40.250000000000007 19.250000000000004 27.350000000000005
decision_type=2 2 2 2 2 2 2 2 2 2 2 2 2 2 2 2 2 2 2
left_child=1 12 -2 4 5 -4 7 9 -9 -3 11 -8 16 15 -15 -14 18 -18 -1
right_child=2 6 3 -5 -6 -7 10 8 -10 -11 -12 -13 13 14 -16 -17 17 -19 -20
leaf_value=-0.014979804975479271 -0.026173409394018063 -0.0087114998070477994 -0.0017860643457916867 -0.03038458296010442 -0.017245431196003101 0.21700576025112214 -0.01360665309457682 0.068261552500651149 -0.0043422289049245295 -0.00097529913528494091 -0.02557153778423198 0.052872318954076833 -0.0056521561173610464 0.035799943020761421 -0.017176512555859839 -0.025583586129067967 0.034370601528223847 0.003972473606059396 0.00090380426035245511
leaf_weight=16.544792864471674 42.658903226256371 133.50170301645994 1.045314741320907 3.5296448273584247 2.2568987160921097 0.7268233811482786 3.3943495880812433 1.8056001793593157 2.2236973140388727 146.85960934031755 15.843453172594307 1.4265271816402672 32.564606636762619 7.7502372525632364 5.6493278369307518 15.856203831732271 9.7463935129344446 39.577063884586096 3041.5958857256919
leaf_count=206 3434 3911 69 284 137 38 91 44 57 4216 426 39 413 92 75 214 117 492 34297
internal_value=-2.59028e-05 0.000292298 -0.0220409 0.00128195 0.0290235 0.087949 -0.00514182 -0.00419365 0.0281928 -0.0046591 -0.0181909 0.00606488 0.000815352 -0.00662074 0.0134648 -0.012179 0.000963286 0.00997919 0.000817873
internal_weight=3524.56 3474.34 50.2176 7.55868 4.02904 1.77214 305.055 284.391 4.0293 280.361 20.6643 4.82088 3169.28 61.8204 13.3996 48.4208 3107.46 49.3235 3058.14
internal_count=48652 44690 3962 528 244 107 8784 8228 101 8127 556 130 35906 794 167 627 35112 609 34503
is_linear=0
shrinkage=0.03


Tree=81
num_leaves=20
num_cat=0
split_feature=12 12 0 4 6 6 8 4 1 12 9 0 3 9 6 8 6 3 2
split_gain=26.4046 10.3675 4.05122 4.40979 7.81531 4.53337 4.00386 3.75971 10.577 3.67128 5.18607 8.68177 5.00587 4.03838 5.24338 3.556 3.46189 2.78144 1.66948
threshold=29.500000000000004 7.5000000000000009 37.050000000000004 3.9150000000000005 23.139614966941839 4.2474898418117242 0.28346522167806115 3.2250000000000005 12.250000000000002 1.5000000000000002 0.37938891816364739 36.650000000000013 4.4450000000000012 0.33763793295067451 2.146669591462564 0.25316370095811286 25.713175912626934 4.7950000000000008 19.950000000000003
decision_type=2 2 2 2 2 2 2 2 2 2 2 2 2 2 2 2 2 2 2
left_child=1 9 3 4 -3 -5 15 8 17 13 12 -12 -11 16 -15 -4 -1 -2 -8
right_child=7 2 6 5 -6 -7 18 -9 -10 10 11 -13 -14 14 -16 -17 -18 -19 -20
leaf_value=0.0027655325502386648 0.034016771915874801 0.0001453798675228419 -0.01257312376327773 -0.020881261809750466 0.050196259792384491 -0.0050080129376986957 -0.0087158473247036863 -0.024866014673328364 0.12069455165980909 -0.0027701382268256847 0.0013129323691708781 0.015965666380689459 0.001006783240962791 0.014686168154211122 -0.00087877877703505455 0.041684704176699554 0.018672289772817412 -0.023312932552416104 -0.031222692077882259
leaf_weight=991.51092444732785 0.93072742503136296 74.066891895607114 3.2043467871844795 17.714169572107494 2.9184270352125159 188.59438531659544 4.0002273321151725 43.44955999776721 0.5953667303547262 710.91180039383471 320.2681151535362 41.058131298050284 568.28950490429997 20.257616706192493 506.55556700751185 1.6453296095132826 12.468659505248068 4.192546758800745 11.474468592554329
leaf_count=9305 67 1777 85 588 54 5809 111 3557 42 9896 4154 451 6906 192 4886 45 116 296 315
internal_value=-2.56877e-05 0.000283203 -0.0050127 -0.00408451 0.00204275 -0.00637093 -0.0179505 -0.0218564 0.00101026 0.000790227 -0.000195772 0.00297795 -0.00109223 0.00184691 -0.000280258 0.0058347 0.00296308 -0.012898 -0.0254046
internal_weight=3524.11 3474.94 303.618 283.294 76.9853 206.309 20.3244 49.1682 5.71864 3171.32 1640.53 361.326 1279.2 1530.79 526.813 4.84968 1003.98 5.12327 15.4747
internal_count=48652 44690 8784 8228 1831 6397 556 3962 405 35906 21407 4605 16802 14499 5078 130 9421 363 426
is_linear=0
shrinkage=0.03


Tree=82
num_leaves=20
num_cat=0
split_feature=12 12 10 12 10 3 11 10 11 7 1 8 10 4 2 8 8 3 1
split_gain=25.3958 9.7958 5.37755 7.0408 10.4914 15.9349 4.05511 3.8457 6.93641 4.99208 3.63222 7.24643 9.3582 4.74406 7.73005 4.58794 4.35133 2.30371 3.95401
threshold=29.500000000000004 7.5000000000000009 0.36044134805350431 57.000000000000007 0.39329505826902794 4.5450000000000008 0.53655503073827127 0.13743707505126793 0.67700414511707374 30.539184090054764 43.050000000000004 0.42067573171208672 0.2656382991688036 10.625000000000002 19.250000000000004 0.35489107565226047 0.28223647863553519 5.6050000000000013 11.950000000000001
decision_type=2 2 2 2 2 2 2 2 2 2 2 2 2 2 2 2 2 2 2
left_child=1 10 17 4 5 -4 -3 8 -8 -9 13 15 -13 16 -15 -12 -1 -2 -19
right_child=2 6 3 -5 -6 -7 7 9 -10 -11 11 12 -14 14 -16 -17 -18 18 -20
leaf_value=0.0026978722370852265 -0.027315112985119096 -0.031115230536511069 -0.0010587624876511421 -0.030366087153396299 -0.016725706058910224 0.17301012983224892 0.027131576697536509 0.0093285824867220084 -0.0028963511616513834 -0.0068578691134779535 -0.0055070039911259009 0.033788875209919952 -0.016900604192144959 0.035030606599609007 0.0043544366948918044 -0.025342730708506941 0.00010320732009751595 -0.030483771848140422 0.070734418299021842
leaf_weight=780.42797768861055 39.268933366052806 5.213566116988658 1.0198840415105213 3.3601955436170101 2.1751416176557541 0.88319269567728032 9.2487676711752993 18.457554798573256 27.538482361473143 241.75132745783776 32.412516504526138 7.9650059267878515 5.5703525058925152 9.204061880707739 37.573071707040071 15.519474692642687 2284.4579742271453 0.83886110223829635 0.59281103033572435
leaf_count=8588 3338 162 69 284 137 38 266 495 795 7066 413 92 75 109 467 214 25948 56 40
internal_value=-2.53299e-05 0.000274425 -0.0216658 0.00178865 0.0282821 0.0797243 -0.00488656 -0.00442613 0.00465304 -0.00570971 0.000765958 -0.00645571 0.0129281 0.000908614 0.0103904 -0.0119294 0.0007639 -0.0259523 0.0114275
internal_weight=3523.48 3475.34 48.139 7.43841 4.07822 1.90308 302.21 296.996 36.7873 260.209 3173.13 61.4673 13.5354 3111.66 46.7771 47.932 3064.89 40.7006 1.43167
internal_count=48652 44690 3962 528 244 107 8784 8622 1061 7561 35906 794 167 35112 576 627 34536 3434 96
is_linear=0
shrinkage=0.03


Tree=83
num_leaves=20
num_cat=0
split_feature=12 12 10 12 7 6 11 8 2 8 12 9 2 3 2 9 1 3 1
split_gain=24.4361 9.25319 5.27695 6.60495 9.19783 22.1251 3.96493 3.83121 16.0679 4.39474 3.44806 4.8713 7.6069 4.85855 3.92361 3.78285 3.34762 2.25624 4.13718
threshold=29.500000000000004 7.5000000000000009 0.36044134805350431 57.000000000000007 403.83010557190795 10.650500748515736 0.53655503073827127 0.21368868597129725 30.750000000000004 0.3441351724789915 1.5000000000000002 0.3779393098350618 20.050000000000004 4.4450000000000012 52.95000000000001 0.33763793295067451 14.250000000000002 5.6050000000000013 12.250000000000002
decision_type=2 2 2 2 2 2 2 2 2 2 2 2 2 2 2 2 2 2 2
left_child=1 10 17 4 5 -4 -3 8 -8 -9 14 13 -13 -12 15 -1 -6 -2 -19
right_child=2 6 3 -5 16 -7 7 9 -10 -11 11 12 -14 -15 -16 -17 -18 18 -20
leaf_value=0.0029255628212025006 -0.027222570455790726 -0.031081286087232131 0.19469802244990841 -0.030355139690866992 0.042609323674182416 -0.030541778610554342 -0.0017918486454614117 -0.0098642947582571489 0.074068251814956701 -0.0021181209697256637 -0.0027544326256540392 0.0097043805058457302 0.00012424979490294327 0.00097503458198315834 -0.026767617893449832 -0.00021570085034749512 -0.030522737298807681 -0.030478489469537247 0.072984926539277448
leaf_weight=1003.7114221416414 38.235969101078808 5.064924123696982 0.7985622938722361 3.262045044451952 0.81771756894886527 0.77188421972095966 21.412857586517934 112.67019141186029 2.8470079945400348 158.85638123843819 705.67049706727266 103.85797843337059 264.74196517653763 566.96866085007787 4.3253018632531157 525.75491226091981 1.8108039228245614 0.86947824247181305 0.57977429591119289
leaf_count=9389 3338 162 43 284 38 49 619 3339 80 4584 9843 1338 3346 6880 45 5065 114 59 37
internal_value=-2.50692e-05 0.000265916 -0.0214781 0.00166943 0.0265483 0.0839913 -0.00476251 -0.00431184 0.00711069 -0.0053324 0.000742387 -0.000213337 0.00282358 -0.00109293 0.00176506 0.00184575 -0.00777178 -0.0258299 0.0109121
internal_weight=3523.03 3475.88 47.1462 7.46101 4.19897 1.57045 300.851 295.786 24.2599 271.527 3175.03 1641.24 368.6 1272.64 1533.79 1529.47 2.62852 39.6852 1.44925
internal_count=48652 44690 3962 528 244 92 8784 8622 699 7923 35906 21407 4684 16723 14499 14454 152 3434 96
is_linear=0
shrinkage=0.03


Tree=84
num_leaves=20
num_cat=0
split_feature=12 12 6 6 2 10 2 7 4 7 7 2 10 2 8 4 0 8 1
split_gain=23.5129 8.77124 5.70003 8.91477 10.6303 5.17365 6.35268 14.1895 4.209 3.69831 6.58284 8.98998 8.25577 6.15672 11.376 5.4492 3.25324 4.30223 2.97645
threshold=29.500000000000004 8.5000000000000018 6.745229456722134 7.9843052373531096 23.750000000000004 0.36044134805350431 24.950000000000003 409.19300184201893 3.2550000000000003 472.70143769989221 564.84010114724754 21.050000000000004 0.1797856632931383 36.650000000000013 0.41053140087593432 4.1750000000000007 33.150000000000013 0.3459030593301558 43.650000000000013
decision_type=2 2 2 2 2 2 2 2 2 2 2 2 2 2 2 2 2 2 2
left_child=1 9 16 4 -4 -2 8 -8 -7 13 11 -11 -12 15 -15 -1 -3 -18 -5
right_child=5 2 3 18 -6 6 7 -9 -10 10 12 -13 -14 14 -16 -17 17 -19 -20
leaf_value=0.0022594598098214704 -0.025705551954076315 -0.023594975643224561 0.00027894057767453167 -0.0041809122080787879 0.050725885980575557 0.045021096936359126 0.13563920247647582 -0.012347522062787854 -0.030446618440387777 0.0090089235687251974 -0.0065746360898625844 0.0012802182788782578 0.0018478977903587609 0.012947629999933664 -0.0097841563849724207 -0.0013545769746479126 -0.019815868137086926 0.0042560858361338711 -0.031023513060672938
leaf_weight=503.81427774578333 38.699179369024932 20.137146238237619 10.496451843529941 196.75004997942597 5.8572417851537457 0.79232207965105672 0.90205035917460952 1.6493298644199965 4.1428872495889664 225.23321929574013 138.74001973867416 339.81143744289875 427.40823522210121 76.694397490471601 26.715501699596643 1474.1010760813951 13.198347646743061 13.534329529851673 3.7894528163596979
leaf_count=5623 3434 674 312 5801 167 46 59 108 315 2329 1509 3569 4601 869 316 18011 389 389 131
internal_value=-2.48335e-05 0.000257685 -0.0050014 -0.00295129 0.018347 -0.0212893 0.00153909 0.0399738 -0.0183307 0.000689481 0.00207019 0.00436097 -0.000216124 -6.09291e-05 0.00707497 -0.00043401 -0.0144884 -0.00762862 -0.00468814
internal_weight=3522.47 3476.28 263.763 216.893 16.3537 46.1858 7.48659 2.55138 4.93521 3212.52 1131.19 565.045 566.148 2081.33 103.41 1977.92 46.8698 26.7327 200.54
internal_count=48652 44690 7863 6411 479 3962 528 167 361 36827 12008 5898 6110 24819 1185 23634 1452 778 5932
is_linear=0
shrinkage=0.03


Tree=85
num_leaves=20
num_cat=0
split_feature=12 12 10 9 10 0 7 8 7 8 10 8 10 2 6 8 9 2 8
split_gain=22.6102 8.29268 5.07991 6.22332 10.4257 3.97128 4.51521 9.0271 4.95437 3.97403 4.63965 3.31378 8.03735 6.7825 6.24231 6.1762 4.81074 3.27314 7.29558
threshold=29.500000000000004 7.5000000000000009 0.36044134805350431 0.3819198520132614 0.39329505826902794 37.050000000000004 450.07317474263562 0.3033374296903944 175.0004291019184 0.28346522167806115 0.30164531784547971 0.35094039448296177 0.08724652247494584 36.850000000000001 3.7103272016145037 0.35195753877146613 0.1276880252762583 25.250000000000004 0.32985915624482071
decision_type=2 2 2 2 2 2 2 2 2 2 2 2 2 2 2 2 2 2 2
left_child=1 11 -2 17 -5 6 8 -8 -3 10 -7 12 14 -14 -1 -13 -17 -4 -19
right_child=2 5 3 4 -6 9 7 -9 -10 -11 -12 15 13 -15 -16 16 -18 18 -20
leaf_value=0.0411463048046906 -0.025578238005269274 0.0010147887903760263 -0.030447351221714661 0.11115793417201886 -0.030455190528246801 -0.01328966312660766 -0.011889747631416477 0.007091613406022379 -0.0099939917378749805 -0.025156710080607905 0.050797458063077838 -0.021396797147379076 0.00069423888203378815 0.0099122979562809542 0.0084332360007982176 0.007900471267949169 -0.00047306473967184481 0.091377972867346613 -0.030509559128490297
leaf_weight=5.6164796799421302 37.739572786726058 53.167185199446976 3.7696333173662415 1.0562785025686023 0.83994254656136025 3.3412019144743708 32.541316664777696 73.438680591061711 119.45566353667527 14.951598072424529 1.4613580275326965 12.380614656955002 1463.6711738035083 75.54567700996995 80.419921133667231 64.445527613162994 1476.3158069048077 0.73778461571782816 1.1022497322410343
leaf_count=63 3434 1604 287 57 62 92 915 1968 3741 426 38 139 16430 805 876 725 16868 48 74
internal_value=-2.46014e-05 0.000249606 -0.0210953 0.00144498 0.0484295 -0.00453248 -0.00361086 0.00126336 -0.00660333 -0.0175306 0.00621123 0.000698503 0.00164545 0.00114667 0.0105688 -0.000292406 -0.000122824 -0.0144371 0.0183628
internal_weight=3522 3476.75 45.2455 7.50589 1.89622 298.357 278.603 105.98 172.623 19.7542 4.80256 3178.4 1625.25 1539.22 86.0364 1553.14 1540.76 5.60967 1.84003
internal_count=48652 44690 3962 528 119 8784 8228 2883 5345 556 130 35906 18174 17235 939 17732 17593 409 122
is_linear=0
shrinkage=0.03


Tree=86
num_leaves=20
num_cat=0
split_feature=12 12 6 6 2 10 12 10 7 7 7 6 10 2 3 4 0 3 1
split_gain=21.7407 7.86365 5.51209 8.30728 9.41799 4.98502 6.07337 8.10278 10.9871 3.46973 6.15091 8.57144 7.83956 5.52644 7.24684 5.12705 3.21583 4.70471 2.92881
threshold=29.500000000000004 8.5000000000000018 6.745229456722134 7.9843052373531096 23.750000000000004 0.36044134805350431 57.000000000000007 0.4079493191280264 403.83010557190795 472.70143769989221 564.84010114724754 23.966965289482353 0.1797856632931383 36.650000000000013 2.8650000000000007 4.1750000000000007 33.150000000000013 4.7950000000000008 43.650000000000013
decision_type=2 2 2 2 2 2 2 2 2 2 2 2 2 2 2 2 2 2 2
left_child=1 9 16 4 -4 -2 7 8 -7 13 11 -11 -12 15 -15 -1 -3 -18 -5
right_child=5 2 3 18 -6 6 -8 -9 -10 10 12 -13 -14 14 -16 -17 17 -19 -20
leaf_value=0.0021754867673567193 -0.025448724637973631 -0.023377540787832225 0.0003748747216741527 -0.0039488356629184965 0.047242778764092642 0.12624061796634997 -0.030346760246387865 -0.030523715072974768 0.0054520720459195256 0.0035762995152225125 -0.0064413903731425906 0.026271927673557141 0.0017774902699166919 -0.014426999059332956 0.0096136907692212382 -0.0013277390660877738 0.0041815746146307486 -0.021241315631335547 -0.030991135483352833
leaf_weight=504.85451685264707 36.807792348787189 19.633304558694363 10.46537828166038 195.13975631073117 6.1126073123887172 1.1451247232034796 3.1573265586048365 1.5607174672186372 1.6606096494942901 551.8636072203517 138.15298528410494 15.394323676824568 428.15653534792364 12.87223384156823 91.512345250695944 1472.9834133032709 14.444162464700641 11.988973647356032 3.6723422128707162
leaf_count=5623 3434 674 312 5801 167 53 284 99 92 5747 1509 151 4601 167 1018 18011 443 335 131
internal_value=-2.43159e-05 0.000241835 -0.0047615 -0.00274704 0.0176559 -0.0209005 0.00135058 0.0242705 0.0547504 0.000648626 0.00198419 0.00419222 -0.000227531 -7.84593e-05 0.0066491 -0.000433521 -0.0141804 -0.00734919 -0.00444835
internal_weight=3521.58 3477.25 261.457 215.39 16.578 44.3316 7.52378 4.36645 2.80573 3215.79 1133.57 567.258 566.31 2082.22 104.385 1977.84 46.0664 26.4331 198.812
internal_count=48652 44690 7863 6411 479 3962 528 244 145 36827 12008 5898 6110 24819 1185 23634 1452 778 5932
is_linear=0
shrinkage=0.03


Tree=87
num_leaves=20
num_cat=0
split_feature=12 12 7 7 4 10 10 12 10 7 5 3 11 11 1 10 7 3 11
split_gain=20.9011 7.56468 5.67501 5.59501 6.52128 5.76637 4.89097 5.7308 7.26724 8.6297 2.72432 4.2347 10.6842 5.0457 4.13069 8.94081 4.75651 2.38303 4.03076
threshold=29.500000000000004 3.5000000000000004 766.96674707323325 622.21847016236745 2.9550000000000005 0.43199765416663372 0.36044134805350431 57.000000000000007 0.4079493191280264 403.83010557190795 50.95000000000001 2.0250000000000004 0.78950459506084014 0.71419736881054041 13.050000000000002 0.34513881775693789 538.83159113756176 5.6050000000000013 0.95715297034561164
decision_type=2 2 2 2 2 2 2 2 2 2 2 2 2 2 2 2 2 2 2
left_child=1 10 3 4 -3 -5 17 8 9 -8 11 12 -1 -13 15 -12 -16 -2 -19
right_child=6 2 -4 5 -6 -7 7 -9 -10 -11 14 13 -14 -15 16 -17 -18 18 -20
leaf_value=-0.011674270339390128 -0.026851311354749524 0.0065294219508964255 -0.021952408985167756 0.0050811689559226913 -0.0033639322153479244 0.051866638049881585 0.10860192306785073 -0.030336399315824488 -0.030508012201616079 0.0052605956581330288 -0.0029451454853793484 0.0066262206058236061 0.01003225200186429 -0.0038698279600918304 0.0014915491221412509 0.0076543431435565756 0.0058275872043507026 -0.030420921475018441 0.074132044223287674
leaf_weight=27.730914939194918 34.541789799928665 65.32239593192935 12.88664862141013 56.001602430827916 730.95271402038634 2.4757695216685525 1.2887201607227319 3.0650441413745284 1.5153591167181728 1.669286419637501 385.31058916449547 47.269118130207062 77.285783793777227 322.1243995949626 1390.0460685715079 87.975715044885874 272.29231267422438 0.78790018614381441 0.57335781026631594
leaf_count=327 3338 1064 355 954 15060 35 53 284 99 92 3954 542 886 3657 14402 820 2634 60 36
internal_value=-2.40625e-05 0.000234267 -0.00219249 -0.00189458 -0.00255233 0.00706194 -0.0207044 0.00126365 0.0229153 0.0502835 0.00104098 -0.00101545 0.00430039 -0.00252671 0.0014978 -0.000974884 0.0022018 -0.025317 0.0136165
internal_weight=3521.12 3477.67 867.639 854.752 796.275 58.4774 43.4415 7.53841 4.47337 2.95801 2610.03 474.41 105.017 369.394 2135.62 473.286 1662.34 35.903 1.36126
internal_count=48652 44690 17468 17113 16124 989 3962 528 244 145 27222 5412 1213 4199 21810 4774 17036 3434 96
is_linear=0
shrinkage=0.03


Tree=88
num_leaves=20
num_cat=0
split_feature=12 12 5 1 6 10 12 2 6 10 10 1 4 7 3 10 0 3 1
split_gain=20.0929 7.30945 5.18821 6.02201 5.13199 4.79916 5.41861 6.75644 8.3076 4.71531 13.7324 5.66107 4.65122 4.0767 5.26623 3.94544 3.7391 2.32623 3.96453
threshold=29.500000000000004 10.500000000000002 14.450000000000001 43.050000000000004 4.979903206172839 0.36044134805350431 57.000000000000007 24.950000000000003 11.321879485912772 0.1393031441039557 0.1231793227344718 32.550000000000004 10.625000000000002 543.19096911169288 4.5550000000000006 0.37388625399893566 22.750000000000004 5.6050000000000013 12.250000000000002
decision_type=2 2 2 2 2 2 2 2 2 2 2 2 2 2 2 2 2 2 2
left_child=1 2 -1 12 13 17 7 15 -9 10 -6 -11 -4 -3 -15 -7 -5 -2 -19
right_child=5 4 3 16 9 6 -8 8 -10 11 -12 -13 -14 14 -16 -17 -18 18 -20
leaf_value=0.030003197004871696 -0.026750178938437882 -0.027036154931279636 0.00054135708601014249 -0.023458114887513391 -0.0033204522659913151 0.050949808898639308 -0.030326351190396832 0.12847355585296658 0.0017948135141602377 -0.0036872779402490319 0.052715159672563412 -0.022066839186355828 0.0098792149225753918 -0.030938294373064241 0.038961598742475574 -0.030565670348313614 -0.0050375616527750071 -0.030445195925134141 0.072486103689243464
leaf_weight=5.3769245743751517 33.645756916143 15.463504145853223 3174.9838089570403 12.700707169249652 18.345040397718552 0.73213836085051243 2.9754290767014027 0.93953730072826125 0.92426363844424486 131.19484308455139 5.0112609807401887 17.041549895890057 48.745179651305079 1.776065421290695 2.1374640315771103 1.9784936299547551 45.257929785177112 0.79827005509287008 0.58253490645438433
leaf_count=38 3338 574 37157 179 574 33 284 39 49 3965 157 661 621 65 62 123 637 59 37
internal_value=-2.37676e-05 0.000226988 0.000558482 0.000510237 -0.00547884 -0.0205078 0.00118664 0.0216842 0.0656532 -0.00382621 0.00870239 -0.00580023 0.000682552 -0.0201137 0.00723914 -0.00854844 -0.00907413 -0.025184 0.0129795
internal_weight=3520.61 3478.03 3287.06 3281.69 190.97 42.5764 7.54986 4.57443 1.8638 171.593 23.3563 148.236 3223.73 19.377 3.91353 2.71063 57.9586 35.0266 1.3808
internal_count=48652 44690 38632 38594 6058 3962 528 244 88 5357 731 4626 37778 701 127 156 816 3434 96
is_linear=0
shrinkage=0.03


Tree=89
num_leaves=20
num_cat=0
split_feature=12 12 5 1 8 4 3 3 9 9 10 7 7 11 3 8 10 10 3
split_gain=19.3806 7.81032 4.78494 5.70516 4.55444 4.3361 3.63907 11.6484 4.07603 6.63253 3.47082 3.37867 2.95491 5.56725 2.60019 3.78476 2.20271 5.63807 0.526893
threshold=35.500000000000007 10.500000000000002 14.450000000000001 43.050000000000004 0.42191516539920609 10.625000000000002 3.9350000000000005 3.9550000000000005 0.26868658602864254 0.26345845557048325 0.43742428408249673 312.2677272046821 65.480222589085301 0.9999984447278949 5.6050000000000013 0.36495848961767297 0.38344768090777109 0.39072276852085314 5.2650000000000006
decision_type=2 2 2 2 2 2 2 2 2 2 2 2 2 2 2 2 2 2 2
left_child=1 2 -1 5 -5 -4 8 -8 9 -3 -10 -9 13 -2 16 -16 18 -18 -14
right_child=12 6 3 4 -6 -7 7 11 10 -11 -12 -13 14 -15 15 -17 17 -19 -20
leaf_value=0.028554601886159589 -0.03030233752147413 -0.0049966669044274768 0.00052488742977303327 -0.013369694387776918 0.006964796439921748 0.0095054871206563998 0.075923244785751298 0.0047366510125526921 -0.017946328658304558 0.066063739955600193 0.028147266245267349 -0.006506387990517031 -0.030300736518666143 0.10997016087537774 -0.0305261098272517 0.074730369207433728 0.08996101143042802 -0.019713237202549416 -0.01335215369745602
leaf_weight=5.4786072596907607 0.63079083804041036 26.585651230998341 3176.347703538835 44.796133831143379 12.730272751301525 49.135762330144644 1.6827095132321108 32.668799411505461 44.063468620181084 1.2371424175798882 1.521010911092161 91.2434620289132 25.364607277326296 0.42704109381884336 0.66710301581770071 0.57029560022056103 0.49619863834232036 2.8156438460573554 1.7657336443662632
leaf_count=38 65 990 37157 644 172 621 57 1048 1742 47 52 2793 2656 35 47 39 31 251 167
internal_value=-2.34852e-05 0.000192182 0.000541427 0.000494679 -0.00886979 0.000661694 -0.00557905 -0.00247755 -0.0108855 -0.00183696 -0.0164083 -0.00354222 -0.0229984 0.0263249 -0.0246454 0.0179848 -0.0263782 -0.00328123 -0.0291977
internal_weight=3520.23 3487.49 3288.49 3283.01 57.5264 3225.48 199.002 125.595 73.4073 27.8228 45.5845 123.912 32.7374 1.05783 31.6796 1.2374 30.4422 3.31184 27.1303
internal_count=48652 45361 38632 38594 816 37778 6729 3898 2831 1037 1794 3841 3291 100 3191 86 3105 282 2823
is_linear=0
shrinkage=0.03


Tree=90
num_leaves=20
num_cat=0
split_feature=12 12 6 5 4 8 4 7 10 7 3 12 7 9 3 2 10 2 4
split_gain=18.6719 7.38802 5.52832 4.4184 5.27032 4.54031 4.06208 11.5465 4.85435 3.80861 4.60708 3.48153 2.83278 4.78326 2.52484 3.56402 2.1942 5.09562 0.884698
threshold=35.500000000000007 10.500000000000002 4.979903206172839 14.450000000000001 11.415000000000001 0.27181459915745049 3.0150000000000001 323.98532691677707 0.46596929191127423 543.19096911169288 4.5550000000000006 2.5000000000000004 65.480222589085301 0.35741587455182311 5.6050000000000013 22.950000000000003 0.38344768090777109 25.250000000000004 9.9950000000000028
decision_type=2 2 2 2 2 2 2 2 2 2 2 2 2 2 2 2 2 2 2
left_child=1 3 9 -1 11 -6 7 -4 -8 18 -11 -5 13 -2 16 -16 -14 -18 -3
right_child=12 2 6 4 5 -7 8 -9 -10 10 -12 -13 14 -15 15 -17 17 -19 -20
leaf_value=0.027207744280592968 -0.030299840981447574 -0.028863290937698127 0.089383592285942254 0.0013064370168399981 -0.025307973244265185 -0.0041969554855232497 -0.0061213487706633278 0.0025153251984440755 0.029969400915192585 -0.030876371497749366 0.033060336596810375 -0.00080691217824174028 -0.029156935447946578 0.09667899694386442 -0.03048663190143433 0.070566893736033906 -0.03035225845431451 0.047967202374649014 0.0011050935489710059
leaf_weight=5.5757901668548575 0.61564836278557666 14.918056262657046 1.4927024524658943 2201.9486104026437 11.817917251959441 40.901643985882401 155.28317600954324 17.784814701415598 3.4281913610175243 1.7942166803404678 2.3334323950111866 1029.6191989053041 26.364980329759426 0.47145842481404543 0.66735096275806316 0.59341850690543652 2.1577534787356849 1.1440681423991916 0.94258243311196643
leaf_count=38 64 595 44 22028 162 594 5299 509 94 73 70 15810 2823 36 46 40 202 80 45
internal_value=-2.31464e-05 0.000186192 -0.00544225 0.0005249 0.0004796 -0.00892932 -0.00376228 0.00924173 -0.00534178 -0.0204018 0.00526817 0.000633097 -0.0228295 0.0247686 -0.0245026 0.0170772 -0.0262697 -0.00321487 -0.0270823
internal_weight=3519.86 3487.84 197.977 3289.86 3284.29 52.7196 177.989 19.2775 158.711 19.9883 4.12765 3231.57 32.0147 1.08711 30.9276 1.26077 29.6668 3.30182 15.8606
internal_count=48652 45361 6729 38632 38594 756 5946 553 5393 783 143 37838 3291 100 3191 86 3105 282 640
is_linear=0
shrinkage=0.03


Tree=91
num_leaves=20
num_cat=0
split_feature=12 12 6 5 4 8 4 7 10 7 11 12 7 4 0 4 2 4 4
split_gain=17.9856 6.98845 5.3547 4.0845 4.99303 4.41254 3.81715 10.2199 4.48837 3.7286 4.44891 3.2729 2.72023 4.82176 2.21842 2.19801 5.76393 0.877372 0.745569
threshold=35.500000000000007 10.500000000000002 4.979903206172839 14.450000000000001 11.415000000000001 0.27181459915745049 3.0150000000000001 321.66051409306652 0.46596929191127423 543.19096911169288 0.9999984447278949 2.5000000000000004 65.480222589085301 5.8550000000000013 38.350000000000001 3.5150000000000001 33.650000000000013 9.9950000000000028 10.625000000000002
decision_type=2 2 2 2 2 2 2 2 2 2 2 2 2 2 2 2 2 2 2
left_child=1 3 9 -1 11 -6 7 -4 -8 17 -11 -5 13 -2 15 16 -14 -3 -17
right_child=12 2 6 4 5 -7 8 -9 -10 10 -12 -13 14 -15 -16 18 -18 -19 -20
leaf_value=0.025952255163851131 0.095732578993796183 -0.028782967417999804 0.081692656308082159 0.001265951601058136 -0.025075254023297317 -0.0040854948924281768 -0.0059722493657133552 0.0023820810864993002 0.028270380927595932 -0.019386141793224922 0.044537714352239861 -0.00078324707408354447 -0.017864110505019685 -0.030419775236758189 0.04698787332640867 -0.030290188916905214 0.089172641491246457 0.0010707960377523901 -0.0067066632149665783
leaf_weight=5.6687029972672454 0.47530741151422506 14.516955903731287 1.5927065471187258 2204.1621734127402 11.573479950428007 40.75919483974576 154.39869125187397 17.85398843511939 3.523683142848312 2.5611654380336395 1.5870668450370429 1028.9171915333718 4.7869326220825377 0.63964529521763325 0.38721490558236737 23.250403501093391 0.50009100139141072 0.94357568025589067 1.2724900031462301
leaf_count=38 38 595 43 22028 162 594 5299 510 94 90 53 15810 438 62 26 2545 37 45 145
internal_value=-2.28077e-05 0.000180388 -0.00530845 0.000508907 0.000465006 -0.00872742 -0.00366383 0.00887771 -0.0052082 -0.0201847 0.0050704 0.000613801 -0.0226582 0.0233593 -0.0243572 -0.025284 -0.00773968 -0.026961 -0.0290664
internal_weight=3519.37 3488.06 196.978 3291.08 3285.41 52.3327 177.369 19.4467 157.922 19.6088 4.14823 3233.08 31.3121 1.11495 30.1971 29.8099 5.28702 15.4605 24.5229
internal_count=48652 45361 6729 38632 38594 756 5946 553 5393 783 143 37838 3291 100 3191 3165 475 640 2690
is_linear=0
shrinkage=0.03


Tree=92
num_leaves=20
num_cat=0
split_feature=12 12 0 4 7 2 6 8 11 1 7 8 2 2 7 1 8 0 1
split_gain=17.3206 6.6425 4.82925 5.45187 4.92183 6.51523 5.75124 3.71431 4.20911 6.74163 3.90661 3.70731 8.49423 3.60575 2.61488 4.29973 2.59726 2.37569 2.36084
threshold=35.500000000000007 6.5000000000000009 37.250000000000007 4.7150000000000007 450.07317474263562 21.650000000000002 23.139614966941839 0.12711556797532012 0.59085865535266702 12.65 467.25951470894944 0.28223647863553519 20.250000000000004 56.050000000000004 65.480222589085301 22.450000000000003 0.32456814278069784 38.550000000000004 8.3500000000000032
decision_type=2 2 2 2 2 2 2 2 2 2 2 2 2 2 2 2 2 2 2
left_child=1 7 4 16 5 -3 -6 8 10 -10 -1 12 -9 -13 15 -2 -4 18 -16
right_child=14 2 3 -5 6 -7 -8 11 9 -11 -12 13 -14 -15 17 -17 -18 -19 -20
leaf_value=0.019437653301322418 0.086629665706407455 0.00022092900790540349 -0.0090393307318925083 0.030485938849159514 0.00046164452080554494 -0.010207318789764828 0.032936074516245605 0.0071477820516872717 0.022620951106873937 -0.024501254294158108 -0.018095239977969222 0.00019420654447690466 0.00036360844036777839 -0.026723191185463978 0.049973928960855493 -0.03040567668893893 -0.031329015597377517 0.052011053424183253 -0.026131181145163596
leaf_weight=6.8308473937213439 0.51200831402093416 97.245780454948545 7.9684271086007419 1.9442964661866415 135.22623260039836 121.02455458045006 5.093038171529769 245.50092676281929 3.2237636484205749 17.930084213614464 3.9328281320631504 2312.7902749050409 513.57847937941551 4.4875957220792762 0.37158503942192211 0.63032944221049547 11.48774927575141 0.36350350361317296 28.752376194577664
leaf_count=84 37 2928 197 59 3582 3604 113 2572 39 236 45 25940 5592 50 27 63 320 23 3141
internal_value=-2.24543e-05 0.000174773 -0.0035694 -0.0174134 -0.00274319 -0.00556123 0.00164034 0.000632502 -0.00954882 -0.01732 0.0057239 0.000738134 0.00255774 0.000142079 -0.0224836 0.0220508 -0.0222001 -0.0242089 -0.0251602
internal_weight=3518.89 3488.26 379.99 21.4005 358.59 218.27 140.319 3108.27 31.9175 21.1538 10.7637 3076.36 759.079 2317.28 30.6298 1.14234 19.4562 29.4875 29.124
internal_count=48652 45361 10803 576 10227 6532 3695 34558 404 275 129 34154 8164 25990 3291 100 517 3191 3168
is_linear=0
shrinkage=0.03


Tree=93
num_leaves=20
num_cat=0
split_feature=12 12 5 1 8 4 10 10 1 2 10 1 7 4 3 11 1 2 2
split_gain=16.6742 6.35225 3.80022 4.87372 4.27361 4.10873 3.63417 9.9288 11.3417 7.13584 4.44883 4.09556 2.51659 4.53445 2.39251 3.56919 2.53154 1.4729 1.3641
threshold=35.500000000000007 10.500000000000002 14.450000000000001 43.050000000000004 0.42191516539920609 11.045000000000002 0.1393031441039557 0.1231793227344718 13.850000000000003 36.350000000000001 0.16351790943952449 32.550000000000004 65.480222589085301 5.7350000000000012 5.6050000000000013 0.98694194673790392 8.9500000000000011 33.650000000000013 19.450000000000003
decision_type=2 2 2 2 2 2 2 2 2 2 2 2 2 2 2 2 2 2 2
left_child=1 2 -1 5 -5 -4 7 9 -9 -3 18 -12 13 -2 16 -16 -14 -18 -8
right_child=12 6 3 4 -6 -7 10 8 -10 -11 11 -13 14 -15 15 -17 17 -19 -20
leaf_value=0.024844608052320298 0.088914205593981444 -0.0091871457551761203 0.0005076577174322962 -0.012768057420626368 0.006992481074272406 0.014323284152282852 -0.0049616183093959864 0.12331992899397833 0.018945375673889434 0.064833113863359229 -0.0037194275722096559 -0.018996374667007244 0.053621618482602162 -0.030462576967251312 -0.030432653414212276 0.069432915572728376 -0.029074124232336723 -0.0037159334900569957 -0.031008126129151291
leaf_weight=5.751897193491458 0.50229720585048443 19.211304548196502 3211.5870360191911 43.637769166380167 12.721682624891399 19.491120591759682 2.3053590934723607 1.164175160229205 4.8012288315221667 1.2483233353123058 140.40718706697226 17.795362683013082 0.35534114670009032 0.6661626361310482 0.69597732461988815 0.59956605453044176 24.898686492349956 2.2475725673139086 8.4156077383086068
leaf_count=38 35 669 37542 644 172 236 84 32 165 39 4659 781 27 65 53 33 2844 234 300
internal_value=-2.2124e-05 0.000169281 0.00048107 0.000438442 -0.00830763 0.000590999 -0.00508685 0.00525875 0.0393145 -0.00467088 -0.00670524 -0.00543785 -0.0223052 0.0208551 -0.0240564 0.0157843 -0.0259332 -0.0269746 -0.0254073
internal_weight=3518.5 3488.54 3293.19 3287.44 56.3595 3231.08 195.349 26.425 5.9654 20.4596 168.924 158.203 29.9656 1.16846 28.7971 1.29554 27.5016 27.1463 10.721
internal_count=48652 45361 38632 38594 816 37778 6729 905 197 708 5824 5440 3291 100 3191 86 3105 3078 384
is_linear=0
shrinkage=0.03


Tree=94
num_leaves=20
num_cat=0
split_feature=12 12 10 1 1 10 6 3 6 9 8 7 3 2 7 4 3 8 1
split_gain=16.0523 6.14338 5.47657 6.63909 7.31578 4.35225 9.84709 6.75281 3.85893 9.31099 5.81434 3.71266 7.0661 4.76354 2.42403 4.44939 2.32586 3.79435 2.96489
threshold=35.500000000000007 2.5000000000000004 0.37190696326984291 52.250000000000007 41.650000000000013 0.38834941632932685 15.966037889299157 5.3550000000000013 19.911147911828948 0.11746140478833367 0.55694347822924828 641.39160031669235 5.5650000000000004 22.650000000000002 65.480222589085301 5.705000000000001 5.6050000000000013 0.37398456847691047 8.6500000000000004
decision_type=2 2 2 2 2 2 2 2 2 2 2 2 2 2 2 2 2 2 2
left_child=1 8 3 4 -3 6 -4 -7 11 -10 -11 12 -1 -13 15 -2 18 -18 -16
right_child=14 2 5 -5 -6 7 -8 -9 9 10 -12 13 -14 -15 16 -17 17 -19 -20
leaf_value=0.0015231746348035981 0.086556332735119729 -0.0019521169642550378 0.0036899537570898046 0.046858064552627594 -0.016672443580774597 0.0032770219025703294 0.038816379168285557 -0.021704280344037503 0.033302604643454484 -0.0046822933620921754 0.028750270762435196 0.0018963739194689849 0.010524192890579844 -0.0073329254154554761 0.066997202307484849 -0.030455199509750869 -0.030535967016845324 0.071959670426568201 -0.026887247980039705
leaf_weight=1749.5518590025604 0.51219135336578137 1061.4812081400305 28.150260997004807 2.4708387972787014 31.281089428812265 101.73292436543852 9.6430681180208904 10.769553318619726 6.2440135702490798 197.93462074175477 4.7951192855834952 109.31864937394857 82.181627176702023 93.275591779500246 0.30623374320567265 0.68179284641519189 0.73122374340891727 0.58522472530603409 26.505065336357802
leaf_count=17514 33 19615 482 20 680 1804 160 166 62 1982 49 1113 749 965 20 67 51 35 3085
internal_value=-2.18126e-05 0.000163963 -0.00152551 -0.00226243 -0.0023735 0.00384454 0.0126526 0.00088563 0.001102 -0.00278018 -0.00389152 0.00150079 0.00192701 -0.00235285 -0.0221262 0.01974 -0.0239034 0.0150283 -0.0258149
internal_weight=3518.15 3488.83 1245.53 1095.23 1092.76 150.296 37.7933 112.502 2243.3 208.974 202.73 2034.33 1831.73 202.594 29.3217 1.19398 28.1277 1.31645 26.8113
internal_count=48652 45361 22927 20315 20295 2612 642 1970 22434 2093 2031 20341 18263 2078 3291 100 3191 86 3105
is_linear=0
shrinkage=0.03


Tree=95
num_leaves=20
num_cat=0
split_feature=12 12 6 1 4 1 1 6 6 4 7 11 7 4 0 1 2 11 8
split_gain=15.4508 5.89473 5.24244 3.65489 5.45594 3.48486 5.9449 5.43437 5.19531 3.96127 2.47034 5.62875 2.33677 4.23836 2.18419 2.3324 5.41341 2.13184 0.890109
threshold=35.500000000000007 10.500000000000002 4.7422455281741343 32.550000000000004 8.4350000000000005 50.400000000000006 43.050000000000004 12.271947753054596 16.583628585128306 10.625000000000002 543.19096911169288 0.9999984447278949 65.480222589085301 5.6250000000000009 38.550000000000004 13.550000000000002 33.650000000000013 0.63032261752158913 0.19042167758432818
decision_type=2 2 2 2 2 2 2 2 2 2 2 2 2 2 2 2 2 2 2
left_child=1 5 10 4 -4 6 9 -7 -8 -1 18 -12 13 -2 15 16 -14 -5 -3
right_child=12 2 3 17 -6 7 8 -9 -10 -11 11 -13 14 -15 -16 -17 -18 -19 -20
leaf_value=0.00043204969206348356 0.082402567132857263 0.0023154345766662073 -0.0023594844191977982 0.0258125644831005 0.058395156269559441 0.037711040829803526 -0.015008442853256981 -0.0054493621535515796 0.0076546587208469333 0.0089678191315978872 -0.030977857802188164 0.04334119188011077 -0.01680411192726726 -0.030440276464137415 0.047081356081811861 -0.028907249439430734 0.086186445241883416 -0.017907449754833923 -0.028466653310484962
leaf_weight=3183.5513926930726 0.5307204602286244 0.90488669928163545 155.59612716548145 1.0609388723969484 1.3417829582467664 5.6537631601095182 39.239223612472415 4.9019812103360891 11.853754775598643 49.695627894252539 2.1284424299374214 1.6116756163537505 4.4134008069522741 0.68779025925323367 0.38633391074836154 22.165476170834154 0.51268008165061463 18.629848246462643 12.872256458736954
leaf_count=37157 31 37 5081 50 45 47 596 42 169 621 79 52 430 69 23 2702 36 825 560
internal_value=-2.15268e-05 0.000158785 -0.00492113 -0.00336865 -0.00184005 0.000458111 0.0004028 0.0176678 -0.00975052 0.000563246 -0.020575 0.00104739 -0.0219447 0.0187082 -0.0237475 -0.0247575 -0.00608541 -0.0155518 -0.0264449
internal_weight=3517.74 3489.04 194.146 176.629 156.938 3294.9 3284.34 10.5557 51.093 3233.25 17.5173 3.74012 28.6964 1.21851 27.4779 27.0916 4.92608 19.6908 13.7771
internal_count=48652 45361 6729 6001 5126 38632 38543 89 765 37778 728 131 3291 100 3191 3168 466 875 597
is_linear=0
shrinkage=0.03


Tree=96
num_leaves=20
num_cat=0
split_feature=12 12 7 7 6 7 9 9 4 4 3 2 7 6 3 11 4 2 12
split_gain=14.8702 5.68122 5.30647 5.89172 6.9422 4.65994 2.78261 3.63942 3.58758 3.98814 3.36868 2.65501 2.25452 3.96557 2.22898 3.22959 2.70334 1.51138 1.30448
threshold=35.500000000000007 4.5000000000000009 766.96674707323325 450.07317474263562 23.139614966941839 17.292602364115449 0.54305226578953814 0.50769837741539781 7.5750000000000011 3.6050000000000004 4.5150000000000006 36.650000000000013 65.480222589085301 11.435781011743897 5.6050000000000013 0.99092932737416251 2.2350000000000008 33.650000000000013 12.500000000000002
decision_type=2 2 2 2 2 2 2 2 2 2 2 2 2 2 2 2 2 2 2
left_child=1 6 3 5 -5 -3 7 11 9 -8 -9 -1 13 -2 16 -16 -14 -18 -4
right_child=12 2 18 4 -6 -7 8 10 -10 -11 -12 -13 14 -15 15 -17 17 -19 -20
leaf_value=0.0005536227189004198 0.077382057022943693 0.0044242576711410924 -0.031111699291624963 0.00047859835235161712 0.027254317728973923 -0.0057434551074641614 0.031847499207490138 -0.017581098001973799 0.037952497159044807 -0.0017589403322706585 0.0017389272682845204 0.0048561607359578467 0.059565995145107305 -0.03043932039876758 -0.030432475696009376 0.06264308257974692 -0.028952745989854613 -0.0027541489416101216 -0.0052663701652000709
leaf_weight=2657.6830920353532 0.55512850917876011 46.326690250076354 7.107969453558324 249.78240613359958 9.0298419604077917 326.30964982975274 4.1059007048606935 18.819205913692713 3.7815603874623767 14.064404655247925 14.290154755115507 135.6692763119936 0.331273957155651 0.68684090347960591 0.70197096187621244 0.64272135775536299 23.001997994724665 2.1686450173147014 2.3349419860169291
leaf_count=28455 39 857 214 5152 154 8452 41 209 43 148 142 1410 21 61 54 32 2850 234 84
internal_value=-2.11858e-05 0.000153825 -0.00239818 -0.00206436 0.00141279 -0.00447939 0.000728025 0.000645391 0.0113678 0.00583503 -0.00924248 0.000762591 -0.0217619 0.0177541 -0.02359 0.0140548 -0.025575 -0.0266955 -0.0247209
internal_weight=3517.39 3489.31 640.891 631.449 258.812 372.636 2848.41 2826.46 21.9519 18.1703 33.1094 2793.35 28.0886 1.24197 26.8466 1.34469 25.5019 25.1706 9.44291
internal_count=48652 45361 14913 14615 5306 9309 30448 30216 232 189 351 29865 3291 100 3191 86 3105 3084 298
is_linear=0
shrinkage=0.03


Tree=97
num_leaves=19
num_cat=0
split_feature=12 12 8 8 2 5 10 2 2 6 2 2 7 6 3 8 1 2
split_gain=14.3093 5.46272 5.15769 6.60389 9.42674 6.19634 6.35109 5.97197 3.75685 3.68525 5.42294 5.38663 2.17682 4.05828 2.16919 3.49714 2.6062 1.50756
threshold=35.500000000000007 2.5000000000000004 0.23573754443991352 0.23156577362932657 25.150000000000002 14.450000000000001 0.37190696326984291 21.350000000000005 52.95000000000001 19.911147911828948 36.45000000000001 36.850000000000001 65.480222589085301 10.898458319181028 5.6050000000000013 0.37660641367490294 8.6500000000000004 33.650000000000013
decision_type=2 2 2 2 2 2 2 2 2 2 2 2 2 2 2 2 2 2
left_child=1 8 3 7 -5 -4 -7 -3 9 11 -11 -1 13 -2 16 -16 -14 -18
right_child=12 2 5 4 -6 6 -8 -9 -10 10 -12 -13 14 -15 15 -17 17 -19
leaf_value=0.0011515468553197972 0.077946312230612047 -0.0049533879097018859 0.045030787595064459 0.0093922331801946316 0.073151274293586768 -0.0031616873509381434 0.0038608489029232254 0.0071328126154112 -0.023109349585982819 -0.001642733956659857 -0.024751310894315308 0.0086676981532659396 0.056925256990556082 -0.030424553723062148 -0.030532794426096879 0.065931385475712007 -0.028908336112222696 -0.0026788044474649201
leaf_weight=1943.1184036098421 0.55181744880974537 64.486607712693512 2.4949113205075255 7.849341784603892 2.8428509961813688 946.89096856955439 132.07149842660874 85.682351793162525 5.7867958769202223 198.9172172434628 9.5798405259847623 89.781240429729223 0.34092252049595728 0.71263350360095501 0.74253022857010254 0.6212171632796526 22.365756644401703 2.1628412846475831
leaf_count=19409 35 1175 16 137 53 17723 2289 1534 64 1998 92 871 20 65 53 33 2851 234
internal_value=-2.08292e-05 0.000149039 -0.00144738 0.00356463 0.0263446 -0.00219289 -0.00230209 0.00194267 0.00103159 0.00109392 -0.00270451 0.00148349 -0.0215773 0.0168694 -0.0234305 0.0134088 -0.0254506 -0.0265955
internal_weight=3517 3489.5 1242.32 160.861 10.6922 1081.46 1078.96 150.169 2247.18 2241.4 208.497 2032.9 27.4977 1.26445 26.2333 1.36375 24.8695 24.5286
internal_count=48652 45361 22927 2899 190 20028 20012 2709 22434 22370 2090 20280 3291 100 3191 86 3105 3085
is_linear=0
shrinkage=0.03


Tree=98
num_leaves=20
num_cat=0
split_feature=12 12 6 10 10 1 1 1 6 6 4 7 10 7 6 3 8 1 2
split_gain=13.7674 5.29918 5.08976 4.30014 10.1281 4.61231 3.0835 5.64027 4.96609 4.90281 3.76122 2.4281 4.23734 2.1028 3.59092 2.11166 3.13995 2.91892 1.48944
threshold=35.500000000000007 10.500000000000002 4.7422455281741343 0.1393031441039557 0.1231793227344718 32.550000000000004 50.400000000000006 43.050000000000004 16.583628585128306 12.271947753054596 11.045000000000002 543.19096911169288 0.26070579917789577 65.480222589085301 10.898458319181028 5.6050000000000013 0.37660641367490294 8.3500000000000032 33.650000000000013
decision_type=2 2 2 2 2 2 2 2 2 2 2 2 2 2 2 2 2 2 2
left_child=1 6 11 4 -4 -5 7 10 -9 -8 -1 -3 -13 14 -2 17 -17 -15 -19
right_child=13 2 3 5 -6 -7 9 8 -10 -11 -12 12 -14 15 -16 16 -18 18 -20
leaf_value=0.00044975963631954517 0.070140733384279563 -0.026288200805196778 -0.0020636119925473055 -0.0032073138504357616 0.043987387928514136 -0.019951759074613069 0.035073552798064539 -0.014762815985312176 0.007371880247624466 -0.0056011709653990653 0.013575205956289733 -0.030958877528404767 0.032927699418431371 0.066707597143516956 -0.030411948387482488 -0.030516945304834706 0.05998667107912805 -0.028865040093337044 -0.0028251750053745407
leaf_weight=3215.9577306043357 0.59413225669414049 13.370743217878045 18.614099286496643 134.57139079365879 5.5888189943507305 16.635587519966066 5.8314496465027315 38.76882416754961 11.929443424567578 4.9150731060653925 19.769922217354178 1.8640932282432907 1.8733872808516023 0.3062470592558445 0.69185432838276029 0.7209537480957795 0.66163703333586454 21.774801407475028 2.1743278936482957
leaf_count=37542 35 597 638 4435 174 754 47 596 169 42 236 71 60 16 65 53 33 2854 235
internal_value=-2.05151e-05 0.000144362 -0.00469365 -0.00317027 0.00857026 -0.00504952 0.000426849 0.000374387 -0.00955446 0.0164704 0.000529955 -0.0203128 0.00106384 -0.0213908 0.0160439 -0.0232685 0.0127934 -0.0253241 -0.0265009
internal_weight=3516.61 3489.69 192.518 175.41 24.2029 151.207 3297.17 3286.43 50.6983 10.7465 3235.73 17.1082 3.73748 26.924 1.28599 25.638 1.38259 24.2554 23.9491
internal_count=48652 45361 6729 6001 812 5189 38632 38543 765 89 37778 728 131 3291 100 3191 86 3105 3089
is_linear=0
shrinkage=0.03


Tree=99
num_leaves=20
num_cat=0
split_feature=12 12 10 8 2 1 7 7 6 8 11 7 1 4 7 10 2 2 7
split_gain=13.244 5.04431 4.85844 5.67084 7.13195 6.31506 4.27931 6.91078 5.09058 3.62556 4.05022 4.09462 3.58697 6.73388 5.81489 2.066 4.73598 11.0866 1.87663
threshold=35.500000000000007 2.5000000000000004 0.37190696326984291 0.23573754443991352 30.050000000000004 52.250000000000007 341.45156074305925 372.59255631871667 6.295934842492386 0.14632943131559237 0.46448992615983836 410.8638455306907 13.050000000000002 3.8750000000000004 562.3413102273006 0.33936798122406625 23.450000000000003 25.450000000000003 521.6014429567723
decision_type=2 2 2 2 2 2 2 2 2 2 2 2 2 2 2 2 2 2 2
left_child=1 9 3 4 -3 -5 8 -8 -4 10 -1 -12 14 -14 -11 -2 -17 -18 -19
right_child=15 2 6 5 -6 -7 7 -9 -10 12 11 -13 13 -15 -16 16 17 18 -20
leaf_value=0.018166825860851343 -0.025811228094095327 0.00072371176800555828 0.01922927965905705 -0.0030625636440478614 0.019801016236521338 0.044721768202876058 0.03262142507514719 0.004806969254827439 -0.0073514577056342737 0.001821819214623687 -0.022246917517540495 -0.0010100962604107371 0.0064865414454906237 0.0010118982085178269 -0.0054146278248217881 -0.0303310398446455 0.11561439809267958 -0.030558764156042362 0.040760338035962809
leaf_weight=4.569630153477191 20.263238742481921 122.278156619519 7.6166307786479583 943.84628331661224 20.60923635493964 2.4957179175689808 8.8189781550317985 90.95769136864692 43.62513111717999 223.68070393800735 16.90895926207304 15.811947327107189 231.96826511621475 1576.0724158920348 180.65286541730165 3.2906546760350457 0.81897000689059529 1.5721371336840091 0.42096927808597673
leaf_count=43 2674 2228 155 17719 349 19 174 1452 831 2141 217 185 2164 15850 1834 372 67 143 35
internal_value=-2.02051e-05 0.000139826 -0.00139627 -0.00209542 0.00347531 -0.00293655 0.00364639 0.00726541 -0.00340047 0.000986683 -0.00828972 -0.0119845 0.00114304 0.00171428 -0.00141136 -0.0212026 -0.0059003 0.0226882 -0.0154953
internal_weight=3516.28 3489.91 1240.25 1089.23 142.887 946.342 151.018 99.7767 51.2418 2249.66 37.2905 32.7209 2212.37 1808.04 404.334 26.366 6.10273 2.81208 1.99311
internal_count=48652 45361 22927 20315 2577 17738 2612 1626 986 22434 445 402 21989 18014 3975 3291 617 245 178
is_linear=0
shrinkage=0.03


Tree=100
num_leaves=20
num_cat=0
split_feature=12 1 11 7 12 10 6 12 7 7 11 1 1 7 4 8 6 0 4
split_gain=12.802 5.3045 5.01733 10.8706 4.77384 4.41844 4.10718 3.78328 5.27949 6.0062 5.45773 4.03864 6.18127 3.92514 5.88733 8.08084 7.0928 4.3613 11.7091
threshold=20.500000000000004 21.550000000000004 0.99092932737416251 80.995031211033563 27.500000000000004 0.39329505826902794 9.6228336521793185 1.5000000000000002 438.39240052954966 766.96674707323325 0.85507161609958682 52.250000000000007 43.050000000000004 234.24638419128331 7.6850000000000014 0.27315245347475797 1.5194529994190591 23.450000000000003 11.045000000000002
decision_type=2 2 2 2 2 2 2 2 2 2 2 2 2 2 2 2 2 2 2
left_child=7 2 4 -4 6 -5 -2 13 11 -10 -11 12 -9 14 16 -16 -1 -15 -19
right_child=1 -3 3 5 -6 -7 -8 8 9 10 -12 -13 -14 17 15 -17 -18 18 -20
leaf_value=0.029996918833282264 0.025266585400155046 -0.024198140105396115 0.1116571420702077 0.0091747638474609546 -0.026224239144851409 -0.030723555484487679 -0.011851143832906752 -0.0018140794313516555 0.0016834929957121167 -0.027260707961183836 -0.0023683372143825216 0.02582448900556987 -0.01679093507096269 -0.02011589614392538 -0.025278092260343048 0.0011957852085040801 0.0045813862982650158 0.00028588905842046129 0.030433139858625079
leaf_weight=10.177653327584265 3.7448315341025618 24.164018461015075 0.84135334845632215 12.000983680598436 14.585123478434978 3.1547244554385534 9.4625356588512641 1044.9115202575922 788.44022718258202 12.154875446110962 22.791616629809141 4.6583495978265992 25.40453271009028 9.2227489724755269 13.557768031954764 44.22761032730341 340.63233362138271 1120.0082518011332 11.716262161731718
leaf_count=86 154 2369 36 736 1578 186 361 17031 10570 230 373 33 496 111 132 435 3072 10536 127
internal_value=-1.99508e-05 -0.0129148 -0.00668839 0.00669654 -0.0143926 0.000869761 -0.00132674 0.000234189 -0.000663632 0.00114406 -0.0110262 -0.00204825 -0.00216956 0.00133412 0.00385721 -0.00501559 0.00531874 0.000430552 0.000597991
internal_weight=3515.86 67.9536 43.7896 15.9971 27.7925 15.1557 13.2074 3447.9 1898.36 823.387 34.9465 1074.97 1070.32 1549.54 408.595 57.7854 350.81 1140.95 1131.72
internal_count=48652 5420 3051 958 2093 922 515 43232 28733 11173 603 17560 17527 14499 3725 567 3158 10774 10663
is_linear=0
shrinkage=0.03


Tree=101
num_leaves=20
num_cat=0
split_feature=12 12 6 10 2 9 7 2 1 7 6 10 12 6 3 0 9 7 0
split_gain=12.3149 4.779 3.91861 4.61317 7.73897 5.74584 3.52105 6.2817 6.24676 6.1681 7.15668 6.96053 4.4045 2.64023 2.1513 4.82454 2.02241 2.59659 1.83266
threshold=35.500000000000007 12.500000000000002 4.979903206172839 0.35160999122983866 27.550000000000004 0.34501754098754817 472.70143769989221 36.650000000000013 11.050000000000002 564.84010114724754 23.966965289482353 0.1797856632931383 2.5000000000000004 0.46685165823272895 4.5950000000000006 34.150000000000013 0.44817476906932863 626.32302233188295 38.550000000000004
decision_type=2 2 2 2 2 2 2 2 2 2 2 2 2 2 2 2 2 2 2
left_child=1 6 16 5 -5 -4 7 12 -9 10 -8 -11 -1 -2 -15 -16 17 -3 -17
right_child=13 2 3 4 -6 -7 9 8 -10 11 -12 -13 -14 14 15 18 -18 -19 -20
leaf_value=0.000213206975129432 0.066583028805593941 -0.028180543747473075 -0.011174683514239928 -0.001041576911824271 0.039604338641914934 0.0033219087400190345 0.0032787120887721095 -0.023454210635277892 0.0083462206956644181 -0.0062796454216726763 0.023176649488769022 0.0013497835225158255 -0.0027778100701482005 -0.028385059790024428 0.07461406551299081 -0.018906010222960564 0.015587776985156402 0.017528012085374196 0.048726357705183805
leaf_weight=1408.4313984327018 0.30710852192715066 11.614186483435331 71.271195510402322 17.975523112341765 5.5076638227328649 37.583551584742963 576.15787034109235 5.8741861954331389 103.75919817946851 142.0504765920341 16.740823809057474 444.04304642789066 646.48823493532836 16.257821326609704 0.56772323558106919 7.8602893613278848 1.2926657823845733 1.237743861041962 0.37792870216071595
leaf_count=14339 28 538 2678 587 164 1364 6237 65 1230 1617 167 4936 11333 2298 45 898 56 50 22
internal_value=-1.9746e-05 0.000131646 -0.00517214 -0.00356798 0.00849137 -0.00616954 0.000364008 -0.00035449 0.00664235 0.00168312 0.00384054 -0.000499348 -0.000727782 -0.0208453 -0.0219165 -0.00997412 -0.0201808 -0.0237784 -0.0158034
internal_weight=3515.4 3490.03 146.483 132.338 23.4832 108.855 3343.55 2164.55 109.633 1178.99 592.899 586.094 2054.92 25.3709 25.0638 8.80594 14.1446 12.8519 8.23822
internal_count=48652 45361 5437 4793 751 4042 39924 26967 1295 12957 6404 6553 25672 3291 3263 965 644 588 920
is_linear=0
shrinkage=0.03


Tree=102
num_leaves=20
num_cat=0
split_feature=12 12 0 4 0 6 8 11 2 8 7 2 0 8 6 1 2 10 0
split_gain=11.8391 4.53357 4.74683 5.26364 4.51738 7.31429 3.49179 3.75345 3.32341 3.17267 7.89046 3.40916 2.64924 2.60578 2.49779 2.16629 5.05976 1.87883 1.65485
threshold=35.500000000000007 6.5000000000000009 37.250000000000007 4.7150000000000007 36.850000000000001 11.97934190749322 0.11235233264862407 0.59085865535266702 35.650000000000013 0.28223647863553519 766.96674707323325 56.050000000000004 38.650000000000013 0.32456814278069784 0.46685165823272895 13.550000000000002 33.650000000000013 0.29616619795354254 34.250000000000007
decision_type=2 2 2 2 2 2 2 2 2 2 2 2 2 2 2 2 2 2 2
left_child=1 6 4 13 8 -6 7 18 -3 10 -8 -11 14 -4 -2 16 -16 -9 -1
right_child=12 2 3 -5 5 -7 9 17 -10 11 -12 -13 -14 -15 15 -17 -18 -19 -20
leaf_value=-0.0094600458739025634 0.060646770699233868 -0.001994964171619294 -0.0086086579134800941 0.029746027831862702 0.044744480499801315 -0.0073686680235211903 0.0027934598500740622 -0.032680961812203396 -0.01432255662697152 7.9911905476417954e-05 -0.014599773296296876 -0.026440123224343477 0.066820418989569752 -0.031275006814293224 -0.015624096505571925 -0.027185499951988875 0.083375917068244543 -0.010052707791638112 0.018045485465252083
leaf_weight=3.8186409920454052 0.32673390535638347 321.07600583136082 7.8233803957700792 1.9670829102396954 4.7245907299220544 4.9777269018813968 749.11178643256426 6.6473795957863313 20.967347072903067 2318.806372705847 24.233197618275881 4.370783880352973 0.30777158588170905 10.95915792044252 4.0470325741916922 19.650891523808241 0.52488422486931074 6.5626971535384655 4.0634210631251335
leaf_count=49 28 9398 197 59 126 129 7997 92 574 25940 299 50 18 320 431 2779 35 86 45
internal_value=-1.94809e-05 0.000127455 -0.00300059 -0.0169441 -0.00217805 0.0180081 0.000501196 -0.0116638 -0.00275065 0.000584059 0.00224843 3.00176e-05 -0.0206501 -0.0218339 -0.0217467 -0.0228581 -0.00425828 -0.0214394 0.00471982
internal_weight=3514.97 3490.11 372.495 20.7496 351.746 9.70232 3117.61 21.0921 342.043 3096.52 773.345 2323.18 24.8573 18.7825 24.5495 24.2228 4.57192 13.2101 7.88206
internal_count=48652 45361 10803 576 10227 255 34558 272 9972 34286 8296 25990 3291 517 3273 3245 466 178 94
is_linear=0
shrinkage=0.03


Tree=103
num_leaves=20
num_cat=0
split_feature=12 12 7 2 8 7 4 2 4 10 10 2 2 9 0 7 1 1 2
split_gain=11.3801 4.37028 3.35319 5.95937 12.7941 5.72376 6.88139 6.70957 4.56759 3.29459 7.3889 5.77033 5.66927 5.60582 2.43608 2.22434 3.55241 2.3916 4.2797
threshold=35.500000000000007 12.500000000000002 472.70143769989221 36.650000000000013 0.41053140087593432 564.84010114724754 3.1650000000000005 21.050000000000004 4.1750000000000007 0.35160999122983866 0.35529556527661943 27.550000000000004 32.650000000000013 0.34501754098754817 38.650000000000013 65.480222589085301 21.250000000000004 13.550000000000002 33.650000000000013
decision_type=2 2 2 2 2 2 2 2 2 2 2 2 2 2 2 2 2 2 2
left_child=1 2 3 8 -5 7 -7 -4 -1 12 -11 -12 13 -3 15 16 -2 18 -17
right_child=14 9 5 4 -6 6 -8 -9 -10 10 11 -13 -14 -15 -16 17 -18 -19 -20
leaf_value=0.001685093519408587 0.071143493101551172 -0.010067771682896418 0.0076087850202280934 0.012441823090652589 -0.01098810177327591 -0.0047908977789571493 0.0019755118262043056 0.0011038979332907259 -0.0015527577869113313 0.069688433660116872 -0.0071818561361915653 0.027436714791938974 -0.028123134485617207 0.0041786458919906783 0.060742934871382492 -0.015423479982440313 -0.030435231186601467 -0.028568422127778274 0.071393714819393675
leaf_weight=527.63149669207633 0.586883045732981 70.502309575676918 237.73129943944514 81.918840128928423 28.194742538034916 212.0384087972343 373.62413411214948 357.04856509715319 1526.7307648509741 1.485197589732709 18.855176107957963 5.6264473032206288 10.503799394238738 38.396268825978041 0.32807633001357217 3.9948562281206277 0.65643069753423333 18.207117428537458 0.58598866220563639
leaf_count=6102 29 2775 2532 945 350 2430 4123 3872 19570 41 636 168 391 1426 18 432 71 2705 36
internal_value=-1.91796e-05 0.000123433 0.000344736 -0.000356725 0.00644256 0.00163094 -0.000474259 0.00370388 -0.000721165 -0.00496872 0.00471591 0.000774298 -0.00707487 -0.00504466 -0.0204531 -0.0215616 0.0175131 -0.0236935 -0.00431769
internal_weight=3514.65 3490.29 3344.92 2164.48 110.114 1180.44 585.663 594.78 2054.36 145.369 25.9668 24.4816 119.402 108.899 24.3594 24.0313 1.24331 22.788 4.58084
internal_count=48652 45361 39924 26967 1295 12957 6553 6404 25672 5437 845 804 4592 4201 3291 3273 100 3173 468
is_linear=0
shrinkage=0.03


Tree=104
num_leaves=20
num_cat=0
split_feature=12 12 7 4 2 10 8 11 10 2 10 1 10 2 2 9 2 8 7
split_gain=10.9387 4.20593 5.39591 5.0701 6.46576 5.90347 3.02714 4.52883 4.32161 2.96773 2.90545 2.49001 2.15151 4.64561 9.29761 2.03219 1.99131 1.88282 1.91962
threshold=35.500000000000007 3.5000000000000004 766.96674707323325 3.7450000000000006 51.050000000000004 0.1393031441039557 0.14632943131559237 0.79442141322415505 0.1065382853757624 56.050000000000004 0.38070039928345883 24.050000000000004 0.33936798122406625 23.450000000000003 25.450000000000003 0.18378199784959998 37.45000000000001 0.5487213444102339 10.030871167710986
decision_type=2 2 2 2 2 2 2 2 2 2 2 2 2 2 2 2 2 2 2
left_child=1 6 3 5 -5 -3 7 8 -1 11 -9 -8 17 -14 -15 -4 -16 18 -2
right_child=12 2 15 4 -6 -7 9 10 -10 -11 -12 -13 13 14 16 -17 -18 -19 -20
leaf_value=0.01758386609078438 0.03263252478784609 0.014996392828597662 0.013296153650369503 -0.0029946159038895695 0.035622986966909048 0.00057968471446359702 0.0013984845151021723 0.027706558327153387 -0.015293466794000593 -0.025529430521626414 -0.0079683867640275435 -0.00081185707251024144 -0.030305334162387766 0.10369622163228513 -0.030379434641844866 -0.025711864353498738 0.046147028910780381 0.034418202763372999 -0.028486415141002711
leaf_weight=4.0502027347683898 0.47523133922369254 29.732906426303089 1.3502037217840541 631.57177628297359 3.9262980911880723 182.29112469777465 1985.5493243560195 4.9073436781764013 32.248146682977676 3.8329637572169295 3.5343854762613773 596.49658485129476 2.9431253685615948 0.88927186606451902 1.4615472611039875 10.949557784013448 0.38707404676824797 0.46324058016762037 17.255809065420181
leaf_count=40 42 510 41 13982 64 3216 19896 56 411 44 41 6734 372 67 154 326 24 58 2574
internal_value=-1.89572e-05 0.000119469 -0.00170206 -0.00141576 -0.00275602 0.00260139 0.00071484 -0.00702201 -0.011625 0.0008487 0.0127702 0.000887858 -0.0202561 -0.00413956 0.0239876 -0.0214298 -0.0143559 -0.0252884 -0.0268483
internal_weight=3514.32 3490.44 859.822 847.522 635.498 212.024 2630.62 44.7401 36.2983 2585.88 8.44173 2582.05 23.8753 5.68102 2.73789 12.2998 1.84862 18.1943 17.731
internal_count=48652 45361 18139 17772 14046 3726 27222 548 451 26674 97 26630 3291 617 245 367 178 2674 2616
is_linear=0
shrinkage=0.03


Tree=105
num_leaves=20
num_cat=0
split_feature=12 12 6 10 10 2 7 2 3 7 10 6 4 0 6 1 2 7 2
split_gain=10.5166 4.05053 3.82534 4.1627 6.6714 5.44684 3.13563 5.5659 6.04265 5.35755 6.63514 6.57613 4.18677 2.81393 2.234 2.14727 4.01952 2.01813 3.98302
threshold=35.500000000000007 12.500000000000002 4.979903206172839 0.35160999122983866 0.35529556527661943 32.650000000000013 472.70143769989221 36.650000000000013 2.8650000000000007 564.84010114724754 0.1797856632931383 23.966965289482353 4.1750000000000007 38.750000000000007 0.46685165823272895 13.550000000000002 33.650000000000013 557.43862528218335 21.650000000000002
decision_type=2 2 2 2 2 2 2 2 2 2 2 2 2 2 2 2 2 2 2
left_child=1 6 17 5 -5 -4 7 12 -9 11 -11 -8 -1 14 -2 16 -16 -3 -19
right_child=13 2 3 4 -6 -7 9 8 -10 10 -12 -13 -14 -15 15 -17 -18 18 -20
leaf_value=0.0015961334019346787 0.053864137154901771 -0.025353572759467206 -0.0036547233768602434 0.06979251052589483 0.0040497090291622181 -0.027732648615552875 0.0030306364490576276 -0.01274441976860574 0.0087950578466924039 -0.0061290482864587202 0.0013335522236811673 0.021917278095896067 -0.0015018469185201244 0.072965752686216356 -0.014984180879551407 -0.0269442596762367 0.068222109638740841 -0.030988942433774789 0.043990674253923605
leaf_weight=528.80391235277057 0.35118445567787304 11.188204814679919 97.796545260585845 1.4819939974695469 22.18541441205889 9.2559837820008379 579.52839875034988 13.326247818768023 97.369670191779733 141.35524099133909 444.15594941191375 17.081220049411058 1524.4415502231568 0.28903093468397756 3.8784415181726244 18.283237487077713 0.60387859866023053 1.3597475774586194 1.2006584824994204
leaf_count=6102 28 546 3697 38 713 345 6237 184 1111 1617 4936 167 19570 14 433 2781 35 51 47
internal_value=-1.86714e-05 0.000115722 -0.00480254 -0.00321937 0.00816636 -0.00573655 0.000328071 -0.000350703 0.006202 0.00157061 -0.000468083 0.00357137 -0.000703976 -0.0200609 -0.021224 -0.0223823 -0.00377425 -0.0198551 0.00417146
internal_weight=3513.94 3490.53 144.469 130.72 23.6674 107.053 3346.06 2163.94 110.696 1182.12 585.511 596.61 2053.25 23.4058 23.1167 22.7656 4.48232 13.7486 2.56041
internal_count=48652 45361 5437 4793 751 4042 39924 26967 1295 12957 6553 6404 25672 3291 3277 3249 468 644 98
is_linear=0
shrinkage=0.03


Tree=106
num_leaves=20
num_cat=0
split_feature=12 12 8 8 2 2 10 5 2 6 9 2 8 2 2 0 10 2 2
split_gain=10.1036 3.92474 4.5424 6.00904 7.92519 5.47449 5.18271 6.14284 5.27465 3.50963 8.63623 12.5349 4.14402 3.3129 4.38041 2.57048 2.14388 5.17234 6.21818
threshold=35.500000000000007 2.5000000000000004 0.23573754443991352 0.23156577362932657 25.150000000000002 21.350000000000005 0.37190696326984291 14.450000000000001 20.450000000000003 19.911147911828948 0.16406164698640624 24.950000000000003 0.55694347822924828 52.95000000000001 36.850000000000001 38.750000000000007 0.36405200613591387 24.950000000000003 27.450000000000003
decision_type=2 2 2 2 2 2 2 2 2 2 2 2 2 2 2 2 2 2 2
left_child=1 9 3 5 -5 -3 7 -4 -8 13 11 -11 -12 14 -1 16 -2 -18 -19
right_child=15 2 6 4 -6 -7 8 -9 -10 10 12 -13 -14 -15 -16 -17 17 18 -20
leaf_value=0.00099508308794278664 -0.025370642289657224 -0.0047621064388060933 0.044449489829568124 0.0090687198312774022 0.066058903639045874 0.0068162089186763796 0.012029645302946776 -0.0028626347438551725 -0.00064168664462452068 0.0012301159612579111 -0.0053438714410700312 0.058345421689526035 0.02307755863242307 -0.02226422325424612 0.0077085694257791508 0.065990311907647384 -0.030321967669698961 0.11464117670643334 -0.0041033466024820078
leaf_weight=1950.3470075875521 18.545606367290027 64.029215060174465 2.47635244578123 7.9001252362504584 3.0416194442659616 86.276490403804928 44.397054365836084 937.43473641527817 88.505664888769388 11.933634340763094 187.75395162776113 4.8693699762225142 4.7335348203778258 5.3855460658669463 91.577467374503613 0.30965680535882611 2.3572385655716053 0.61427010176703323 1.1215886822901664
leaf_count=19409 2862 1175 15 137 53 1534 752 17723 1538 119 1879 48 47 61 871 14 286 40 89
internal_value=-1.84144e-05 0.000112024 -0.00124827 0.00344647 0.024911 0.00188392 -0.0019539 -0.00273798 0.00359126 0.000855922 -0.00284442 0.0177817 -0.00464495 0.0012342 0.00129617 -0.0198593 -0.0210335 -0.00138226 0.0379169
internal_weight=3513.61 3490.66 1234.06 161.247 10.9417 150.306 1072.81 939.911 132.903 2256.6 209.29 16.803 192.487 2047.31 2041.92 22.9484 22.6387 4.0931 1.73586
internal_count=48652 45361 22927 2899 190 2709 20028 17738 2290 22434 2093 167 1926 20341 20280 3291 3277 415 129
is_linear=0
shrinkage=0.03


Tree=107
num_leaves=20
num_cat=0
split_feature=12 1 11 1 7 12 3 12 7 11 11 3 10 10 8 7 1 7 11
split_gain=9.76175 5.22493 4.64191 8.54314 9.99063 4.55772 4.17519 3.33842 3.148 5.57371 10.4096 9.35739 7.02951 10.9605 5.73541 4.73779 8.06881 5.95799 5.42902
threshold=20.500000000000004 21.550000000000004 0.99092932737416251 18.250000000000004 206.77463731702417 27.500000000000004 5.6050000000000013 26.500000000000004 17.292602364115449 0.92802945436704365 0.94675982096911826 3.0550000000000002 0.24713085136432614 0.17005764056721487 0.28714560968766006 450.07317474263562 24.250000000000004 203.71603096954428 0.68810615300542899
decision_type=2 2 2 2 2 2 2 2 2 2 2 2 2 2 2 2 2 2 2
left_child=8 2 5 6 -5 7 -4 -2 9 12 -11 -12 13 -1 -14 16 17 -10 -18
right_child=1 -3 3 4 -6 -7 -8 -9 15 10 11 -13 14 -15 -16 -17 18 -19 -20
leaf_value=-0.0068065107763770069 -0.0065971142419021939 -0.023537973298518769 -0.012817830602070533 0.11752447612069945 0.013760730631710997 -0.025720320585597298 0.037337309760801504 0.038082212215475482 0.0032452206567024056 0.042326999836813442 0.022118201745834905 -0.00021296989539113881 0.00028294988273331337 0.015815020615619752 -0.022601099740156387 0.0013041966322806244 0.0053789583414650651 -0.0011054598248498434 -0.0056111031122727398
leaf_weight=37.821061154827476 11.139581327326596 21.895373963285238 9.9818383133970183 1.210030755028128 2.695271123200655 13.040751894004641 1.7566712209954847 1.740246798843146 391.23376517929137 7.8801516499370328 23.740244952961802 58.508228063583374 20.270731935277581 39.31378085911274 19.186704322695732 1374.7618675082922 44.93843294493854 1026.7351904846728 405.40986451692879
leaf_count=450 445 2369 622 62 206 1578 68 70 4897 89 252 721 238 452 238 15940 697 13009 6249
internal_value=-1.82059e-05 -0.0116776 -0.00542984 0.00747522 0.0459112 -0.0132184 -0.0053121 -0.000560306 0.000196272 0.00378572 0.00938852 0.00623271 -0.000545373 0.00472314 -0.0108447 -3.25275e-05 -0.00101613 9.49424e-05 -0.00451445
internal_weight=3513.26 63.4598 41.5644 15.6438 3.9053 25.9206 11.7385 12.8798 3449.8 206.721 90.1286 82.2485 116.592 77.1348 39.4574 3243.08 1868.32 1417.97 450.348
internal_count=48652 5420 3051 958 268 2093 690 515 43232 2440 1062 973 1378 902 476 40792 24852 17906 6946
is_linear=0
shrinkage=0.03


Tree=108
num_leaves=20
num_cat=0
split_feature=12 12 10 2 6 2 10 10 0 7 3 10 2 7 1 7 10 2 7
split_gain=9.45299 4.49873 4.31705 7.23292 8.70751 5.56837 3.98899 3.69748 3.51715 2.95769 6.70373 9.62321 5.53191 4.09503 6.85214 4.86663 1.22451 0.789162 2.64011
threshold=57.000000000000007 12.500000000000002 0.35160999122983866 24.450000000000003 11.1946730314331 32.650000000000013 0.2286368922975329 0.35529556527661943 38.750000000000007 10.030871167710986 3.1350000000000002 0.13743707505126793 18.450000000000003 450.07317474263562 22.350000000000005 451.83990960869386 0.090583419549142077 33.650000000000013 492.89513403868779
decision_type=2 2 2 2 2 2 2 2 2 2 2 2 2 2 2 2 2 2 2
left_child=1 9 5 7 -5 6 -3 -4 17 10 11 -1 -12 14 -11 -15 -7 -2 -19
right_child=8 2 3 4 -6 16 -8 -9 -10 13 12 -13 -14 15 -16 -17 -18 18 -20
leaf_value=-0.018804374770621423 -0.030201055299231998 0.00039356529695998592 0.045503348618348594 0.054636954106100949 0.00016669682895583833 0.0087011478119526624 -0.010879875895619001 -0.0096381293117801976 0.08294373707924553 0.00042581250812183565 0.021201814043348786 0.01692571479128185 -0.0016863048338754117 0.020690761026868919 -0.0035167763858144877 0.00117958487193581 -0.030878214692808267 -0.030302307570912904 0.075081346707012608
leaf_weight=7.8029810152947894 11.548951962031419 54.640621875878423 1.1705193663947344 4.8783590802922827 5.7598824938759208 0.75707716261967917 58.483010089956224 16.838047275785357 0.26323869731277305 1237.9207943454385 10.320990089327095 51.956901665776968 120.03197582624853 11.606314182281492 583.86101745441556 1324.0254686288536 9.9421371221542341 0.8601446300745017 0.28479274176061153
leaf_count=81 1912 2483 35 158 202 35 2648 639 11 14752 112 533 1402 138 8304 14602 456 112 37
internal_value=-1.8078e-05 7.66089e-05 -0.00496307 0.005532 0.025145 -0.00739113 -0.00543461 -0.00605405 -0.025595 0.000306151 0.00394024 0.0122604 0.000125914 8.73365e-05 -0.000837744 0.00134913 -0.0280776 -0.0278459 -0.00408908
internal_weight=3512.95 3500 152.47 28.6468 10.6382 123.823 113.124 18.0086 12.9571 3347.53 190.113 59.7599 130.353 3157.41 1821.78 1335.63 10.6992 12.6939 1.14494
internal_count=48652 46580 6656 1034 360 5622 5131 674 2072 39924 2128 614 1514 37796 23056 14740 491 2061 149
is_linear=0
shrinkage=0.03


Tree=109
num_leaves=20
num_cat=0
split_feature=7 2 2 10 10 8 11 6 7 1 2 7 7 9 2 8 2 6 5
split_gain=3.18399 5.55778 8.58465 10.7812 4.95485 5.13519 13.4871 4.627 4.59608 5.45759 4.7847 8.22219 4.5987 9.51833 4.14275 4.07858 4.07463 4.03863 8.77108
threshold=95.30669557874964 37.150000000000013 38.050000000000004 0.30368599455064765 0.42788863607134836 0.53059307540800382 0.99544941505802798 0.46685165823272895 450.07317474263562 22.350000000000005 18.050000000000004 321.66051409306652 451.83990960869386 0.23586369802898141 20.050000000000004 0.24481684915234886 21.450000000000003 25.044859056171195 38.45000000000001
decision_type=2 2 2 2 2 2 2 2 2 2 2 2 2 2 2 2 2 2 2
left_child=1 4 -3 -4 5 7 -7 -1 9 10 11 -2 13 -10 -6 -12 -15 -14 -19
right_child=8 2 3 -5 14 6 -8 -9 12 -11 15 -13 17 16 -16 -17 -18 18 -20
leaf_value=0.039898226974793227 -0.0042663945613578254 0.06103705337891855 -0.0083309767586577845 0.045584687003708171 0.007706821806090094 0.076964492156688033 0.0034013146211947956 0.0014721995898811812 0.061139212052015016 -0.0039189479207773961 0.0037208169130798379 0.052211267662303253 0.00056056067338561266 0.029052358867902403 -0.025133593464786816 -0.0011719302637554724 -0.012557114668194685 0.059147744088407145 0.0058176311459244723
leaf_weight=2.8438372006639829 5.1669014780782145 3.4716234840452698 10.498140851967035 4.8940089792013159 5.0782870315015307 2.9901926554739449 8.9772222572937608 340.39182224869728 3.4862406407482913 527.18292095232755 181.08800941612571 4.2104198224842548 1368.2371622426435 3.3611575393006188 10.829310747794805 1000.571778587997 5.7272167517803609 3.2128045726567533 20.394302689004689
leaf_count=37 69 38 125 55 64 38 121 4527 47 8999 2390 57 17790 54 140 13739 82 41 239
internal_value=-1.78601e-05 0.00253799 0.0184231 0.00881177 0.00173053 0.00246412 0.0217819 0.00179057 -0.00033705 -0.0013776 -0.000252736 0.0210921 0.000935999 0.0189969 -0.0146497 -0.000422122 0.00283134 0.000772828 0.0130756
internal_weight=3512.61 389.974 18.8638 15.3921 371.111 355.203 11.9674 343.236 3122.64 1718.22 1191.04 9.37732 1404.42 12.5746 15.9076 1181.66 9.08837 1391.84 23.6071
internal_count=48652 5145 218 180 4927 4723 159 4564 43507 25254 16255 126 18253 183 204 16129 136 18070 280
is_linear=0
shrinkage=0.03


Tree=110
num_leaves=20
num_cat=0
split_feature=12 12 10 12 10 9 7 10 7 10 7 7 7 6 7 3 7 3 7
split_gain=9.12729 4.25719 4.0772 5.28675 5.41453 4.96588 8.526 4.2841 2.65745 8.8894 7.83686 7.25428 4.45224 6.51799 4.72321 2.0725 7.93524 5.35083e-05 2.38992e-05
threshold=57.000000000000007 12.500000000000002 0.35160999122983866 47.500000000000007 0.35529556527661943 0.34501754098754817 155.47076043946967 0.1797856632931383 749.40835223607758 0.33119162154498483 810.62192810094984 836.14903479041857 472.70143769989221 23.966965289482353 203.71603096954428 5.2650000000000006 496.62198730537614 5.6050000000000013 36.71858579109945
decision_type=2 2 2 2 2 2 2 2 2 2 2 2 2 2 2 2 2 2 2
left_child=1 8 5 4 -4 7 -7 -3 12 10 -10 -11 14 -14 -1 18 17 -17 -2
right_child=15 2 3 -5 -6 6 -8 -9 9 11 -12 -13 13 -15 -16 16 -18 -19 -20
leaf_value=0.0016410438141166953 -0.030409466869802539 -0.00069229371698919281 0.053462042365215401 0.06647576939247235 -0.00085637821548475198 0.034177425710833806 -0.0043773198509694453 -0.016073238612673967 -0.020720316968498253 0.02837696175845008 -0.0024292957031651946 -0.002330161703239604 0.0016680445766079474 0.016371648299589557 -0.0013220205675688792 -0.030212317473523667 0.12502459134609528 -0.03060365642959606 -0.030178824879847427
leaf_weight=732.19408790953457 0.42044302122667332 22.850351988803595 1.7644962910562814 1.2183849317952979 25.816901499871165 5.9918664265424004 37.279717226978391 56.837450639810413 31.151140946894884 12.084201235324146 65.220380179584026 16.214829737320542 1034.0250388924032 27.864887792617083 1429.3207023683935 0.58112489618360885 0.3855217290110885 0.68525523087009788 10.558475649915634
leaf_count=8966 40 1071 45 71 918 250 1641 2660 399 139 816 180 11149 274 18001 87 41 46 1858
internal_value=-1.7687e-05 7.4184e-05 -0.00484031 0.0053201 0.0026186 -0.00722011 0.000961401 -0.0116628 0.000296945 -0.00400072 -0.00834169 0.0107823 0.000463164 0.00205388 -0.000318309 -0.0254739 0.00585462 -0.0304241 -0.0301877
internal_weight=3512.47 3499.83 151.759 28.7998 27.5814 122.959 43.2716 79.6878 3348.08 124.671 96.3715 28.299 3223.4 1061.89 2161.51 12.6308 1.6519 1.26638 10.9789
internal_count=48652 46580 6656 1034 963 5622 1891 3731 39924 1534 1215 319 38390 11423 26967 2072 174 133 1898
is_linear=0
shrinkage=0.03


Tree=111
num_leaves=20
num_cat=0
split_feature=12 12 8 11 2 4 10 4 6 9 8 9 10 2 8 0 7 6 4
split_gain=8.83827 3.58284 4.19299 5.7154 6.03537 4.8016 8.12251 6.79707 3.40425 11.5116 4.67084 3.2317 7.14355 3.27309 3.06623 2.12663 2.08552 3.14605 2.39928
threshold=35.500000000000007 2.5000000000000004 0.23573754443991352 0.63376302764901216 21.350000000000005 5.0750000000000011 0.1393031441039557 6.8150000000000004 20.510023202783589 0.11161084378944174 0.25316370095811286 0.089832668764965456 0.12751513287714533 52.95000000000001 0.14632943131559237 38.750000000000007 65.480222589085301 9.9326424128497806 3.5150000000000001
decision_type=2 2 2 2 2 2 2 2 2 2 2 2 2 2 2 2 2 2 2
left_child=1 8 3 14 -5 6 -4 -7 11 -10 -11 12 -1 -13 -3 16 17 -2 -18
right_child=15 2 5 4 -6 7 -8 -9 9 10 -12 13 -14 -15 -16 -17 18 -19 -20
leaf_value=0.028868342858268961 0.065539018577099442 -0.022384499565265593 0.0089738705624851107 -0.0014447962001697858 0.011816666561093443 -0.0075401183360827235 -0.0014315384618374318 -0.00050099230260189842 0.040777322182301595 -0.016071971288170516 -0.0024030114564887505 0.0013695948808566431 -0.012314977137431947 -0.022115982300252357 -0.002157680522559457 0.05381242702776589 -0.00307222717255574 -0.030381860717332825 -0.028263175745430295
leaf_weight=4.2812759503722182 0.61425022315234545 9.1310590319335443 78.106101595796645 53.167659198865294 73.699885541573167 249.15324237616733 498.01982439635321 244.72703919932246 5.1980508118867865 26.676196228712797 143.68936234712601 2040.5855317600071 33.078071903437376 5.3547075949609271 25.814286143984646 0.35320766270160575 4.3551411055959788 0.61671007284894586 15.561091327108441
leaf_count=41 33 177 1315 958 1276 5079 8605 5029 49 264 1443 20253 322 62 488 14 480 67 2697
internal_value=-1.74899e-05 0.000100619 -0.0012009 0.00329997 0.00625905 -0.00188155 -2.08643e-05 -0.0040521 0.000810374 -0.00320148 -0.00454333 0.00114846 -0.00759548 0.00130813 -0.00744286 -0.0191931 -0.0204124 0.0174827 -0.0227546
internal_weight=3512.18 3490.68 1231.82 161.813 126.868 1070.01 576.126 493.88 2258.86 175.564 170.366 2083.3 37.3593 2045.94 34.9453 21.5004 21.1472 1.23096 19.9162
internal_count=48652 45361 22927 2899 2234 20028 9920 10108 22434 1756 1707 20678 363 20315 665 3291 3277 100 3177
is_linear=0
shrinkage=0.03


Tree=112
num_leaves=20
num_cat=0
split_feature=12 12 10 2 6 2 9 9 0 7 0 10 2 4 9 7 10 2 7
split_gain=8.57679 3.92481 3.87321 6.53687 7.51234 5.49857 5.18498 4.58119 2.98584 2.59572 5.6942 10.6261 6.37027 3.63466 3.88687 3.6911 1.20675 0.820752 2.64442
threshold=57.000000000000007 12.500000000000002 0.35160999122983866 24.450000000000003 11.1946730314331 32.650000000000013 0.34501754098754817 0.2429150531640395 38.750000000000007 10.030871167710986 31.050000000000004 0.13743707505126793 18.450000000000003 11.415000000000001 0.34501754098754817 450.07317474263562 0.090583419549142077 33.650000000000013 496.62198730537614
decision_type=2 2 2 2 2 2 2 2 2 2 2 2 2 2 2 2 2 2 2
left_child=1 9 5 7 -5 6 -3 -4 17 10 11 -1 -12 15 -15 -11 -7 -2 -19
right_child=8 2 3 4 -6 16 -8 -9 -10 13 12 -13 -14 14 -16 -17 -18 18 -20
leaf_value=-0.018650549947952202 -0.030187526168751595 -0.0098993359435031996 0.019287298800629231 0.049806139821553658 1.536554494487348e-05 0.0083401884331022382 0.0035894119271702319 -0.015057409271864995 0.067715778849079519 -0.00069457051935977051 0.022565821093450542 0.015057482948063285 -0.0023818879830342535 -0.0017601531654387026 -0.020770679678206318 0.0013933534628255625 -0.030845846837096839 -0.030280858782018708 0.076404954564005714
leaf_weight=9.7598684765398485 10.676936478819693 71.59002382773906 4.758797765709466 5.1587456841953081 5.7860928508453071 0.76377291278913517 39.965388840064406 13.166535124648361 0.30309260264039117 1788.1904930211604 10.051387658342717 61.166219986975193 110.26539911143482 26.439764829352498 15.269719179719685 1327.899564428255 9.563770517241208 0.81588459108024902 0.28116194810718298
leaf_count=104 1912 3404 167 158 202 35 1727 507 11 22539 107 623 1294 440 243 14574 456 115 34
internal_value=-1.72723e-05 6.98188e-05 -0.00466536 0.00521495 0.0234838 -0.00700569 -0.00506691 -0.00593961 -0.0252553 0.000282967 0.00367679 0.010419 -0.000297731 7.743e-05 -0.00871985 0.000195183 -0.0279478 -0.0276486 -0.00293836
internal_weight=3511.87 3499.8 150.753 28.8702 10.9448 121.883 111.555 17.9253 12.0771 3349.04 191.243 70.9261 120.317 3157.8 41.7095 3116.09 10.3275 11.774 1.09705
internal_count=48652 46580 6656 1034 360 5622 5131 674 2072 39924 2128 727 1401 37796 683 37113 491 2061 149
is_linear=0
shrinkage=0.03


Tree=113
num_leaves=20
num_cat=0
split_feature=7 2 2 10 10 11 8 0 11 9 2 7 1 2 7 9 11 9 2
split_gain=2.79377 5.15856 7.52109 9.77402 4.70032 4.89267 10.8038 4.25702 4.11945 3.98553 3.9701 3.72575 4.38804 5.8067 4.31779 8.53816 4.13723 3.92809 3.56158
threshold=95.30669557874964 37.150000000000013 38.050000000000004 0.30368599455064765 0.42788863607134836 0.74702942426718721 0.17494543087086176 22.450000000000003 0.66476745112817959 0.29415143673541327 20.050000000000004 450.07317474263562 21.250000000000004 18.050000000000004 451.83990960869386 0.23586369802898141 0.68810615300542899 0.089832668764965456 20.050000000000004
decision_type=2 2 2 2 2 2 2 2 2 2 2 2 2 2 2 2 2 2 2
left_child=1 4 -3 9 5 8 -7 18 -1 -4 -6 12 13 -9 15 -13 -14 -16 -2
right_child=7 2 3 -5 10 6 -8 11 -10 -11 -12 14 16 -15 17 -17 -18 -19 -20
leaf_value=0.0029332627886899838 0.0080936442163189459 0.05636585567151621 0.0092469936578030622 0.042617448038954682 0.0072327988388799364 0.054563677580849776 0.0033618642943558158 0.024129234765369056 -0.011674758018969694 -0.027910069955065547 -0.024904219336239295 0.057215284903514761 0.0038957824475189082 -0.0002524737760011246 -0.011011951520105392 0.0027802840744681006 -0.004098508087413774 0.00095884221734061632 -0.026466627103691989
leaf_weight=32.711203089449555 3.6837905347347251 3.6401309985667494 5.5468414719216508 5.0702982433140269 5.1293027531355611 3.7581650931388131 283.04092993494123 8.8626141501590592 37.055135566275567 4.8870400376617908 10.628400752786545 3.6273077782243481 65.305464990437031 1089.680706072133 25.124746212735772 9.0971318800002319 540.27201730618253 1364.5661992956884 9.8850025683641416
leaf_count=418 66 38 67 55 64 51 3762 115 492 58 140 46 1101 14783 321 136 9084 17674 181
internal_value=-1.70574e-05 0.00237187 0.0175591 0.00844786 0.00159096 0.00229956 0.0040328 -0.000316787 -0.00482552 -0.0081567 -0.0144433 -0.000243551 -0.00118604 -5.57718e-05 0.000901702 0.0182979 -0.0032364 0.000742418 -0.0170839
internal_weight=3511.57 391.467 19.1443 15.5042 372.323 356.565 286.799 3120.1 69.7663 10.4339 15.7577 3106.54 1704.12 1098.54 1402.42 12.7244 605.577 1389.69 13.5688
internal_count=48652 5145 218 180 4927 4723 3813 43507 910 125 204 43260 25083 14898 18177 182 10185 17995 247
is_linear=0
shrinkage=0.03


Tree=114
num_leaves=20
num_cat=0
split_feature=12 12 2 5 8 7 10 7 0 12 7 7 10 7 11 7 2 3 3
split_gain=8.27934 3.74808 4.2557 6.6711 5.09346 4.97496 10.9667 2.9999 2.77378 2.6304 3.6895 5.75783 4.21923 3.64393 5.32582 4.38476 0.820804 2.61539 3.10447e-05
threshold=57.000000000000007 16.500000000000004 19.950000000000003 90.90000000000002 0.51776888828845968 155.47076043946967 0.23855307516442023 659.41515552963222 38.750000000000007 1.5000000000000002 234.24638419128331 227.17305282777406 1.0000000180025095e-35 766.96674707323325 0.85507161609958682 470.92784626242155 33.650000000000013 4.8250000000000011 5.6050000000000013
decision_type=2 2 2 2 2 2 2 2 2 2 2 2 2 2 2 2 2 2 2
left_child=1 9 3 4 -3 6 -4 -7 16 10 11 -1 -12 15 -15 -11 18 -18 -2
right_child=8 2 5 -5 -6 7 -8 -9 -10 13 12 -13 -14 14 -16 -17 17 -19 -20
leaf_value=0.0029154382769018645 -0.030170704532935685 -0.023985131993132486 -0.022333568063873595 0.041905721662526402 0.036219054073270765 -0.0033777919504536366 0.045271150984130842 -0.03092429765148896 0.061609719868218407 -0.0014419433537598584 0.024063735937308223 0.022666299722659801 0.00012331928600243312 -0.026900693408691216 -0.0017555204863075311 0.0016414231346640184 -0.030225731810057093 0.075774625386263852 -0.030418633875854077
leaf_weight=397.29560140520334 9.8836461701430309 22.119149921927608 3.5562563040293735 1.6476854016073037 1.3414432061836112 53.546086325775832 5.4985944600775838 3.8113418403081587 0.32271822541952211 1176.5215218979865 6.6641733199357978 13.743552505969999 1138.7433077991009 11.479589600116013 22.321555783972144 641.36382016353309 0.81133867427706785 0.28240917529910803 0.47645414900034744
leaf_count=3593 1870 1218 179 68 67 2876 242 161 11 18613 60 132 10714 224 364 8069 123 26 42
internal_value=-1.68529e-05 6.76504e-05 -0.00592352 -0.0164447 -0.0205427 -0.00194583 0.0187197 -0.00520823 -0.0251288 0.000228535 0.00113759 0.00357583 0.000262609 -0.000535578 -0.0102954 -0.000354108 -0.0275727 -0.0028561 -0.0301821
internal_weight=3511.43 3499.65 91.5206 25.1083 23.4606 66.4123 9.05485 57.3574 11.7766 3408.13 1556.45 411.039 1145.41 1851.69 33.8011 1817.89 11.4538 1.09375 10.3601
internal_count=48652 46580 4811 1353 1285 3458 421 3037 2072 41769 14499 3725 10774 27270 588 26682 2061 149 1912
is_linear=0
shrinkage=0.03


Tree=115
num_leaves=20
num_cat=0
split_feature=12 12 0 4 4 0 11 8 11 1 7 8 2 2 0 12 2 7 0
split_gain=7.99537 3.57912 3.99138 4.59771 3.84733 4.8999 3.64247 3.25753 3.95058 6.42211 3.71805 3.0234 8.17394 3.08716 2.59324 2.48326 0.819433 2.36827 1.87921e-05
threshold=57.000000000000007 6.5000000000000009 37.250000000000007 4.7150000000000007 3.7450000000000006 36.850000000000001 0.61724812404756613 0.12711556797532012 0.59085865535266702 12.65 467.25951470894944 0.28223647863553519 20.250000000000004 56.050000000000004 38.750000000000007 23.500000000000004 33.650000000000013 496.62198730537614 37.350000000000001
decision_type=2 2 2 2 2 2 2 2 2 2 2 2 2 2 2 2 2 2 2
left_child=1 7 4 15 5 -3 -6 8 10 -10 -1 12 -9 -13 16 -4 18 -18 -2
right_child=14 2 3 -5 6 -7 -8 11 9 -11 -12 13 -14 -15 -16 -17 17 -19 -20
leaf_value=0.018699246049787548 -0.030166722893513364 0.0014740828430384394 -0.024180018421307816 0.027101774729238724 -0.019424670574074564 0.028581106878905759 -0.0029744154663543169 0.0066060844107529758 0.021633559717611068 -0.024163411389070546 -0.017944022912679564 3.3430740326555908e-06 -1.4401994839866365e-05 -0.025896862870277332 0.056442916181905223 0.0095413101716636268 -0.03027931645973821 0.068278551780374772 -0.030345237442326967
leaf_weight=6.9116085208952445 9.4935341966338385 82.417211709078401 16.488389981910593 2.0559428650885812 12.723974108230321 6.4729486326687029 252.76517352741212 248.2267505992204 3.2753236591815975 17.373634696006775 3.8974082432687283 2322.331015560776 518.27001638710499 4.149263620376586 0.34138903953135091 2.2314016846939912 0.78723969217389889 0.30422323243692517 0.56215214589610774
leaf_count=84 1848 2097 437 65 473 164 8672 2572 39 236 45 25940 5592 50 11 114 115 34 64
internal_value=-1.66348e-05 6.53899e-05 -0.00270334 -0.0154834 -0.0019541 0.00344801 -0.00376282 0.000397835 -0.00920729 -0.0168991 0.00548678 0.000495527 0.00212961 -4.28498e-05 -0.0250026 -0.0201604 -0.027497 -0.0028083 -0.0301767
internal_weight=3511.08 3499.59 375.155 20.7757 354.379 88.8902 265.489 3124.44 31.458 20.649 10.809 3092.98 766.497 2326.48 11.4885 18.7198 11.1471 1.09146 10.0557
internal_count=48652 46580 12022 616 11406 2261 9145 34558 404 275 129 34154 8164 25990 2072 551 2061 149 1912
is_linear=0
shrinkage=0.03


Tree=116
num_leaves=20
num_cat=0
split_feature=12 12 10 10 12 7 10 5 0 12 9 0 1 7 4 0 3 7 3
split_gain=7.72005 3.48313 3.95811 8.43223 5.71106 5.43801 5.91241 4.53287 2.4359 2.42364 4.32716 5.93963 5.35933 3.45672 5.42209 3.94977 0.679051 2.19968 2.1613e-05
threshold=57.000000000000007 16.500000000000004 0.35160999122983866 0.35529556527661943 47.500000000000007 17.292602364115449 0.23855307516442023 60.70000000000001 38.750000000000007 1.5000000000000002 0.3779393098350618 36.650000000000013 52.250000000000007 234.24638419128331 7.6850000000000014 23.450000000000003 5.2650000000000006 496.62198730537614 5.6050000000000013
decision_type=2 2 2 2 2 2 2 2 2 2 2 2 2 2 2 2 2 2 2
left_child=1 9 5 -4 -5 6 -3 -7 16 13 12 -12 -11 14 -1 -15 -2 18 -18
right_child=8 2 3 4 -6 7 -8 -9 -10 10 11 -13 -14 15 -16 -17 17 -19 -20
leaf_value=0.0048348049232445935 -0.030165347347112639 -0.010577777236925212 0.078238688698279907 -0.0038310159692334415 0.062266908174483389 -0.019931254257150026 0.075150303820141234 -0.00426332970684645 0.051972059863514622 -0.0013906325291257514 0.00089656552062579117 0.012209483058458776 0.034901305621668585 -0.019614978386560351 -0.0050735551711706397 0.0003982119378780822 -0.030184200688010442 0.059093427229300576 -0.030471533777563811
leaf_weight=354.44374088943005 9.5683150584809429 1.4828309426084154 1.3645807397551859 16.566127459518615 1.2664142525754858 28.123225725721568 1.4149082973599432 40.624077675398439 0.35934382677078325 1430.6737369038165 369.07759623974562 47.099119406193495 3.6715169604867688 8.9450884200632554 57.81308850646019 1137.0272087007761 0.50108190579339928 0.3354617883451283 0.44470152491703629
leaf_count=3158 1898 69 39 659 65 1940 64 1975 11 21228 5442 574 26 111 567 10663 86 39 38
internal_value=-1.63801e-05 6.3236e-05 -0.0057344 0.00636312 0.000863063 -0.00897591 0.0312815 -0.0106728 -0.0248738 0.000217741 -0.00051631 0.00217686 -0.00129774 0.00108949 0.0034453 0.000241995 -0.0274189 -0.00690883 -0.0303193
internal_weight=3510.8 3499.59 90.8422 19.1971 17.8325 71.645 2.89774 68.7473 11.2089 3408.75 1850.52 416.177 1434.35 1558.23 412.257 1145.97 10.8496 1.28125 0.945783
internal_count=48652 46580 4811 763 724 4048 133 3915 2072 41769 27270 6016 21254 14499 3725 10774 2061 163 124
is_linear=0
shrinkage=0.03


Tree=117
num_leaves=20
num_cat=0
split_feature=8 11 2 11 3 1 8 3 0 10 7 0 11 4 2 4 0 7 5
split_gain=2.58286 5.39542 6.46315 4.47292 4.1962 3.49464 2.72083 14.9702 9.61244 7.81941 4.03996 6.3117 6.50003 5.41416 4.25828 4.09604 1.81052 2.33697 1.51632
threshold=0.12711556797532012 0.87440405596428639 32.350000000000001 0.59085865535266702 4.6250000000000009 11.850000000000003 0.23946997233322792 2.0650000000000004 26.250000000000004 0.1604767351672923 17.292602364115449 30.750000000000004 0.9999984447278949 4.0750000000000011 52.95000000000001 5.0550000000000006 24.750000000000004 410.8638455306907 60.70000000000001
decision_type=2 2 2 2 2 2 2 2 2 2 2 2 2 2 2 2 2 2 2
left_child=1 2 3 4 -1 -5 7 16 -9 -10 11 12 -8 -13 15 -12 17 -2 -16
right_child=6 -3 -4 5 -6 -7 10 8 9 -11 14 13 -14 -15 18 -17 -18 -19 -20
leaf_value=0.013087184194009666 -0.024897099050585018 0.032386081824360029 0.027463653559667196 0.013549224522962902 -0.025425569379423592 -0.028991704811052448 0.0048511032213354082 0.047152367852246413 0.011464687801758714 0.0010266311517293403 0.00049354863316027249 0.030279458506628981 0.025600947292793639 -0.0011491135689807113 -0.0070123283302973996 -0.001818705721887969 -0.033031911263468612 0.0029389690627609892 -0.033119285266774857
leaf_weight=7.1362259197048861 7.6828720453195292 2.7534789410419753 3.4700868907384566 1.9358411356806779 3.9586023222655058 16.998989570420235 39.203238358255476 4.4835327803157261 79.586529656779021 342.829649284482 1652.5001626820303 5.149205654859542 20.793964539654553 117.57008598931134 3.4627591990865749 1183.1839088113047 8.7724068732932192 4.1974368351511657 4.7472567395307124
leaf_count=108 137 45 51 30 61 290 437 73 1003 4523 21283 64 222 1509 55 18481 139 77 64
internal_value=-1.61623e-05 -0.00798223 -0.0113003 -0.0157796 -0.000654054 -0.0246424 6.69643e-05 0.00225021 0.00345703 0.00299324 -0.000255878 0.00406826 0.0120426 0.000169605 -0.000533698 -0.000471235 -0.0226951 -0.0150623 -0.0221081
internal_weight=3510.42 36.2532 33.4997 30.0297 11.0948 18.9348 3474.16 447.552 426.9 422.416 3026.61 182.716 59.9972 122.719 2843.89 2835.68 20.6527 11.8803 8.21002
internal_count=48652 585 540 489 169 320 48067 5952 5599 5526 42115 2232 659 1573 39883 39764 353 214 119
is_linear=0
shrinkage=0.03


Tree=118
num_leaves=20
num_cat=0
split_feature=12 12 1 1 12 8 8 4 2 8 3 6 8 3 3 1 11 3 3
split_gain=7.47087 2.94782 3.37995 7.33355 8.98711 3.60477 3.21264 3.28406 3.01064 2.7233 5.53169 6.1416 3.53488 11.6125 5.84732 2.87982 2.08215 2.68766 5.72775
threshold=35.500000000000007 3.5000000000000004 38.550000000000004 37.45000000000001 4.5000000000000009 0.22522779771361159 0.49507819736949038 11.045000000000002 23.950000000000003 0.18316859775527597 5.1150000000000011 2.3162857147547258 0.23946997233322792 2.4850000000000008 2.0250000000000004 9.1500000000000004 0.87816794254500496 4.5950000000000006 4.6350000000000007
decision_type=2 2 2 2 2 2 2 2 2 2 2 2 2 2 2 2 2 2 2
left_child=1 9 3 5 -5 -3 8 -8 -4 10 11 -1 13 -11 -14 -12 -2 -18 -19
right_child=16 2 6 4 -6 -7 7 -9 -10 12 15 -13 14 -15 -16 -17 17 18 -20
leaf_value=0.033667785960772204 -0.030201741059439974 0.0044691945304975557 -0.0057402307050566145 0.079542967561244557 0.0094524525455642276 -0.0020068077675113542 -0.0153628107852433 0.037451038468827622 -0.022325103734160103 -0.019575434604925165 0.0027132775783320667 -0.0024208512391773749 0.0079023372003930847 0.006019121185421296 0.00011653872005322505 -0.023334096121116768 -0.022012669365977969 0.11349867330524545 -0.0031054913250390965
leaf_weight=4.4445990435779086 7.983352730516347 86.830759935081005 27.003563072532415 2.1313209198415262 7.2368767904117703 709.09696566686034 1.8264950360171486 2.523838059976697 15.508406549692152 17.158488377928734 4.9310659766197231 94.070238560438156 90.410285547375679 227.30300688371062 2182.9128314591944 16.956479612737894 7.1603789841756207 0.4154415689408778 4.3387741260230541
leaf_count=48 1484 1772 653 27 177 15002 48 53 407 191 53 1036 1042 2178 22500 174 1274 38 495
internal_value=-1.59802e-05 8.85178e-05 -0.0014455 -0.000989723 0.0253985 -0.00130032 -0.00927767 0.0152771 -0.0117904 0.000584019 -0.00382364 -0.000792675 0.000794796 0.00422267 0.000426181 -0.0174659 -0.0183462 -0.0104025 0.00708383
internal_weight=3510.24 3490.35 852.158 805.296 9.3682 795.928 46.8623 4.35033 42.512 2638.19 120.402 98.5148 2517.78 244.461 2273.32 21.8875 19.8979 11.9146 4.75422
internal_count=48652 45361 18139 16978 204 16774 1161 101 1060 27222 1311 1084 25911 2369 23542 227 3291 1807 533
is_linear=0
shrinkage=0.03


Tree=119
num_leaves=20
num_cat=0
split_feature=12 12 2 5 12 11 2 3 3 10 12 0 3 9 2 3 3 7 3
split_gain=7.2416 3.19947 4.1161 6.25147 4.60783 8.72095 3.96746 2.40104 6.34021 3.76869 2.34086 2.33143 2.31727 2.05621 0.846883 2.75552 2.4738e-05 1.41026e-05 2.27044e-06
threshold=57.000000000000007 16.500000000000004 19.950000000000003 90.90000000000002 49.500000000000007 0.99395491192626828 36.850000000000001 6.2650000000000006 6.1950000000000012 0.36593107093920485 1.5000000000000002 38.750000000000007 4.8250000000000011 0.23460198065810359 33.650000000000013 4.8850000000000007 5.6050000000000013 30.539184090054764 4.3250000000000011
decision_type=2 2 2 2 2 2 2 2 2 2 2 2 2 2 2 2 2 2 2
left_child=1 7 3 12 6 -6 -4 8 10 13 -1 14 -3 -9 16 18 17 -2 -16
right_child=11 2 4 -5 5 -7 -8 9 -10 -11 -12 -13 -14 -15 15 -17 -18 -19 -20
leaf_value=0.0010920688349081295 -0.030350039258769015 -0.025526765345477147 -0.00099966762289691339 0.039334359299013126 -0.030288121279277089 0.096726284314321384 -0.030838189371654699 -0.02812680449269803 0.029551512833515543 0.01472631044681294 -0.00049558936638978467 0.049246976549705605 -0.0029881334273089474 -0.0081210063213226682 -0.030179529374064668 0.081136350709654512 -0.03038430967652175 -0.030146146164205197 -0.030287619641632978
leaf_weight=1535.2834678813815 0.31661750050260984 17.34620070736856 59.339031163137406 1.7070972518995393 0.84004642022773501 1.1560614225454628 4.3012283518910399 5.9032464772462871 6.6490993481129399 5.5205117240548125 1834.4971401188523 0.37113922554999668 5.378451573662459 21.333513269200921 0.51871367404237456 0.26867568725720048 0.43832880118861872 8.5462219377513957 0.2638625162653625
leaf_count=14245 36 1036 3061 68 121 55 221 75 78 58 27060 11 249 253 94 22 42 1834 33
internal_value=-1.57995e-05 5.96347e-05 -0.00552137 -0.0160331 -0.00160861 0.0432733 -0.00301635 0.000207081 0.000285499 -0.00787588 0.000227753 -0.0246311 -0.0201923 -0.012457 -0.0272796 -0.00175689 -0.0301643 -0.0301534 -0.030216
internal_weight=3509.98 3499.26 90.0681 24.4317 65.6364 1.99611 63.6403 3409.19 3376.43 32.7573 3369.78 10.7236 22.7247 27.2368 10.3524 1.05125 9.30117 8.86284 0.782576
internal_count=48652 46580 4811 1353 3458 176 3282 41769 41383 386 41305 2072 1285 328 2061 149 1912 1870 127
is_linear=0
shrinkage=0.03


Tree=120
num_leaves=20
num_cat=0
split_feature=12 12 2 5 7 1 7 3 3 3 7 0 2 6 2 3 3 7 3
split_gain=6.99046 3.0305 3.96122 5.86661 4.58854 7.278 2.87586 2.28577 2.27423 5.82229 2.26667 2.20383 1.61564 2.0557 0.844153 2.69607 2.26015e-05 1.28868e-05 2.1729e-06
threshold=57.000000000000007 16.500000000000004 19.950000000000003 90.90000000000002 206.77463731702417 16.650000000000002 659.41515552963222 4.8250000000000011 6.2650000000000006 6.1950000000000012 472.70143769989221 38.750000000000007 19.150000000000002 16.421864659514821 33.650000000000013 4.955000000000001 5.6050000000000013 30.539184090054764 4.3250000000000011
decision_type=2 2 2 2 2 2 2 2 2 2 2 2 2 2 2 2 2 2 2
left_child=1 8 3 7 5 -4 -6 -3 9 10 -1 14 -10 -14 16 18 17 -2 -16
right_child=11 2 4 -5 6 -7 -8 -9 12 -11 -12 -13 13 -15 15 -17 -18 -19 -20
leaf_value=-0.00034837073302927527 -0.030339627213657374 -0.025380971901848261 0.081615316701825827 0.036752428297617372 -0.0033763923228474139 0.0070033804985570255 -0.030889684133287142 -0.0029067991085008874 -0.022579570741499098 0.027998493860545214 0.0012841923012469423 0.045667985743398684 -7.4706356589840988e-05 -0.0194868290232953 -0.030174198577648918 0.079416680914162596 -0.030372856078973835 -0.030141808336518458 -0.030279187143055355
leaf_weight=2195.115134794265 0.30736389756202065 16.928787165321417 1.3288317737169553 1.771190505940466 50.257745922543108 10.272446650080381 3.6688013966195276 5.3633089167997232 5.4595674686133853 6.8049137294292441 1175.1676373630762 0.3879484813660391 20.647577987983826 6.4413757473230353 0.50347095984034307 0.27272391878068447 0.42553221853450018 8.294818473979829 0.27395949978381395
leaf_count=28197 36 1036 48 68 2749 500 161 249 64 78 13108 11 246 76 94 20 42 1834 35
internal_value=-1.55436e-05 5.76781e-05 -0.00538878 -0.0157985 -0.0015661 0.0155496 -0.00524821 -0.0199739 0.000200788 0.000276852 0.00022088 -0.0244971 -0.00769126 -0.00469064 -0.0271981 -0.00174096 -0.0301594 -0.0301489 -0.0302112
internal_weight=3509.69 3499.23 89.5911 24.0633 65.5278 11.6013 53.9265 22.2921 3409.64 3377.09 3370.28 10.4658 32.5485 27.089 10.0779 1.05015 9.02771 8.60218 0.77743
internal_count=48652 46580 4811 1353 3458 548 2910 1285 41769 41383 41305 2072 386 322 2061 149 1912 1870 129
is_linear=0
shrinkage=0.03


Tree=121
num_leaves=20
num_cat=0
split_feature=12 12 7 7 0 2 9 12 3 10 2 3 2 3 0 2 3 5 3
split_gain=6.7473 2.92553 3.52029 5.14318 6.14846 4.9926 3.08744 4.09963 2.12289 4.35025 3.23587 3.08634 10.8815 5.63031 2.08986 0.841309 2.49809 0.681655 2.06496e-05
threshold=57.000000000000007 5.5000000000000009 698.34982198323257 641.39160031669235 35.550000000000004 18.550000000000004 0.28708792946934775 9.5000000000000018 6.2650000000000006 0.36593107093920485 20.050000000000004 5.5650000000000004 23.050000000000004 5.5250000000000012 38.750000000000007 33.650000000000013 5.0050000000000008 60.70000000000001 5.6050000000000013
decision_type=2 2 2 2 2 2 2 2 2 2 2 2 2 2 2 2 2 2 2
left_child=1 8 3 5 -5 -3 7 -4 11 10 -10 13 -13 -1 15 18 -17 -8 -2
right_child=14 2 6 4 -6 -7 17 -9 9 -11 -12 12 -14 -15 -16 16 -18 -19 -20
leaf_value=0.00035845329566801118 -0.030144458829607697 -0.012419411447653156 -0.023401500125943175 0.00039664479342758994 0.039590370913306625 -0.0012426319510609758 -0.0074111340841392596 0.022843655509746198 -0.029458303675379827 0.017344002781404976 -0.0057232358306533934 0.011148028418001801 -0.0039993655574929003 -0.01571890808082739 0.042496361710606188 -0.030204828788461136 0.073533682313837653 -0.03126033904143076 -0.030361746012724095
leaf_weight=2788.9522027261555 8.3491544108837772 39.358531847596169 3.5707932710647574 9.3255684874020499 5.8695496581494799 417.75219675013795 1.2585316612385193 3.3380891960114241 7.3691770583391252 5.2164578512310973 17.31897378154099 95.494991019368172 77.179296914488077 19.742784939706326 0.40413573756814081 0.76097478414885766 0.28797488892450929 7.5441289064474404 0.41310467198491174
leaf_count=30361 1870 1165 81 231 129 11983 44 114 80 48 194 940 781 198 11 130 19 231 42
internal_value=-1.52767e-05 5.57955e-05 -0.00209893 -0.00163421 0.0155363 -0.00220498 -0.0160689 -0.00105773 0.000404997 -0.00754833 -0.0128079 0.000484773 0.00437768 0.000245443 -0.0243612 -0.0271152 -0.00172483 -0.0278506 -0.0301547
internal_weight=3509.51 3499.29 488.017 472.306 15.1951 457.111 15.7115 6.90888 3011.27 29.9046 24.6882 2981.37 172.674 2808.69 10.2153 9.81121 1.04895 8.80266 8.76226
internal_count=48652 46580 13978 13508 360 13148 470 195 32602 322 274 32280 1721 30559 2072 2061 149 275 1912
is_linear=0
shrinkage=0.03


Tree=122
num_leaves=20
num_cat=0
split_feature=12 12 9 0 10 8 1 1 2 2 4 8 2 10 11 11 9 1 2
split_gain=6.52579 2.58898 4.65267 6.24111 7.88919 7.63052 4.70706 7.37885 3.4639 5.93418 7.7264 6.80415 5.67197 8.30163 5.96907 2.12022 6.80566 3.04903 3.72198
threshold=35.500000000000007 1.5000000000000002 0.3779393098350618 36.650000000000013 0.385779331225095 0.39039555937620768 52.250000000000007 45.45000000000001 21.850000000000005 19.950000000000003 2.0450000000000004 0.367035597988772 25.350000000000005 0.22979525115774971 0.61190033612261563 0.87816794254500496 0.18749008491041916 13.550000000000002 22.950000000000003
decision_type=2 2 2 2 2 2 2 2 2 2 2 2 2 2 2 2 2 2 2
left_child=1 8 6 5 -5 -4 7 -3 9 11 -11 -1 13 -10 -14 -2 -17 18 -18
right_child=15 2 3 4 -6 -7 -8 -9 12 10 -12 -13 14 -15 -16 16 17 -19 -20
leaf_value=0.0034571024373554744 -0.030197679764026639 -0.00133334597360326 -0.0022749833488235438 0.016177800834395125 -0.022356695309972172 0.0066111669662067283 0.031839194977957459 -0.023482610329015583 0.0020842184653547618 0.029462114437055209 0.0047300259630712561 -0.004036122232717463 -0.014469002770509356 -0.0072767340087210603 0.0025116200473310189 0.10681087909092604 -0.030309824957844542 -0.023180301939173521 0.042062646349236107
leaf_weight=255.25135055184364 7.3711172232870039 1475.5942653068341 252.98431748338044 44.616957180202007 5.3555871024727812 132.53096056077629 3.8127776989713302 13.662022503092883 149.23788245394826 11.829270631074904 291.77848040685058 190.42973145097494 19.445235688239336 198.90357002988458 445.0849837847054 0.43510915734805067 1.0533388257026666 8.2729180469177646 1.6279860907234249
leaf_count=2291 1484 23773 4021 586 68 2121 28 265 1431 117 2685 1764 177 1898 4136 60 134 1495 118
internal_value=-1.50575e-05 7.97856e-05 -0.000655507 0.00207289 0.012048 0.000779863 -0.00145131 -0.00153654 0.000987653 0.00245895 0.00569365 0.000255412 -0.000368898 -0.00326397 0.00180081 -0.0176613 -0.00954782 -0.0141697 0.0136317
internal_weight=3509.28 3490.52 1928.56 435.488 49.9725 385.515 1493.07 1489.26 1561.96 749.289 303.608 445.681 812.672 348.141 464.53 18.7605 11.3894 10.9542 2.68132
internal_count=48652 45361 30862 6796 654 6142 24066 24038 14499 6857 2802 4055 7642 3329 4313 3291 1807 1747 252
is_linear=0
shrinkage=0.03


Tree=123
num_leaves=20
num_cat=0
split_feature=12 12 6 1 7 10 7 9 7 10 7 7 7 7 6 7 0 2 0
split_gain=6.33743 2.77103 4.63419 4.05509 14.0647 3.80374 3.06436 3.89933 2.20717 8.1788 7.56018 7.22783 3.01914 4.09557 4.04584 2.15046 1.95267 0.843919 2.47841
threshold=57.000000000000007 10.500000000000002 4.979903206172839 12.350000000000003 312.2677272046821 0.46596929191127423 543.19096911169288 0.28509781520534078 749.40835223607758 0.33119162154498483 810.62192810094984 810.62192810094984 474.50842076760665 203.71603096954428 23.139614966941839 65.480222589085301 38.750000000000007 33.650000000000013 35.750000000000007
decision_type=2 2 2 2 2 2 2 2 2 2 2 2 2 2 2 2 2 2 2
left_child=1 8 6 4 -4 -5 15 -8 12 10 -10 -11 13 -1 -14 -3 17 -2 -19
right_child=16 2 3 5 -6 -7 7 -9 9 11 -12 -13 14 -15 -16 -17 -18 18 -20
leaf_value=0.0015977375390926359 -0.030147307010424725 0.010611640192014601 0.083964293549991659 -0.0045683016777907847 0.0024348711474159869 0.026526361730504929 -0.03099321241995109 0.028163573825756141 -0.020310612132411903 0.03261203588306532 -0.0021238934963982671 0.00011892098894957763 0.0013873141304981381 -0.0011731760860902033 0.011841203379470994 -0.028386985765550314 0.038906670666413554 -0.030212588591558748 0.073245334049805003
leaf_weight=725.51178802363575 8.3277589427307195 1.4139938503503824 2.0822064126841751 144.40407903911546 22.292975619900972 3.6296310503967097 1.6610550410114218 2.5306166284717619 30.19982149079442 9.0203155241906661 64.523717619478703 19.43848018720746 1006.1827203575522 1419.1185807436705 34.460427053272724 12.721680968068538 0.42329425178468305 0.75007543177343972 0.28857009159401059
leaf_count=8688 1912 56 63 6127 723 108 69 108 385 98 797 213 10576 17545 330 694 11 130 19
internal_value=-1.49418e-05 5.24937e-05 -0.00346355 -0.00193893 0.00939938 -0.00380589 -0.0178059 0.00472121 0.000255198 -0.00368507 -0.0079222 0.010418 0.000407578 -0.000235798 0.00173349 -0.0244859 -0.0241188 -0.0269671 -0.00146855
internal_weight=3508.98 3499.19 190.736 172.409 24.3752 148.034 18.3273 4.19167 3308.46 123.182 94.7235 28.4588 3185.27 2144.63 1040.64 14.1357 9.7897 9.3664 1.03865
internal_count=48652 46580 7948 7021 786 6235 927 177 38632 1493 1182 311 37139 26233 10906 750 2072 2061 149
is_linear=0
shrinkage=0.03


Tree=124
num_leaves=20
num_cat=0
split_feature=8 1 10 11 0 3 5 7 8 3 9 8 11 7 0 11 4 7 1
split_gain=2.38642 5.01884 5.75922 3.8078 4.00178 4.1023 2.85856 2.5732 2.42821 13.8785 14.3942 7.88381 4.25325 3.71881 5.80877 5.90033 4.94187 3.81046 7.45193
threshold=0.12711556797532012 12.65 0.26866990402421181 0.59085865535266702 33.150000000000013 4.5550000000000006 42.500000000000007 112.31425045999907 0.23946997233322792 2.0650000000000004 0.17120779362280866 0.23769790920917075 0.66791216994805569 17.292602364115449 30.750000000000004 0.9999984447278949 4.0750000000000011 492.89513403868779 9.9500000000000011
decision_type=2 2 2 2 2 2 2 2 2 2 2 2 2 2 2 2 2 2 2
left_child=1 2 -1 4 -3 -6 -5 -8 9 -2 12 -12 -11 14 15 -10 -16 -15 -19
right_child=8 3 -4 6 5 -7 7 -9 13 10 11 -13 -14 17 16 -17 -18 18 -20
leaf_value=-0.012390968729103743 -0.022285259566307062 -0.019237909858397934 0.046888669178814027 0.005974001179573335 0.046186699755502866 -0.004611460943166939 0.0022433137251717129 -0.030342342948091419 0.004631281078370744 -0.018374275673953389 0.0042998006712509943 0.029050773324124299 0.0055145105638422587 -0.0012847543265544262 0.028533030617986503 0.024260870319122153 -0.0011275552071355768 -0.0051381913845092737 0.0021919934626084803
leaf_weight=2.917578510940074 20.028296058066189 4.4273213497363049 2.9831979619339108 3.1240238505415645 2.6432425328530371 3.1191976377740502 2.5805867593735483 14.086586657678707 39.372935583349317 33.074345899978653 375.27722532651387 11.95112543273717 8.4141857340000552 1894.263117199298 5.2829990759491912 21.203128648921847 117.46561413560994 147.94328255113214 798.56936338543892
leaf_count=44 353 76 38 58 36 44 41 248 437 432 4896 158 113 27849 64 222 1509 1773 10261
internal_value=-1.47865e-05 -0.00771187 0.0175785 -0.0126894 0.00221067 0.0186898 -0.020361 -0.0252971 6.47404e-05 0.00212404 0.00326437 0.0050637 -0.0135295 -0.000240839 0.00390043 0.0115021 0.000149012 -0.000508088 0.00104626
internal_weight=3508.73 35.8817 5.90078 29.981 10.1898 5.76244 19.7912 16.6672 3472.85 448.745 428.717 387.228 41.4885 3024.1 183.325 60.5761 122.749 2840.78 946.513
internal_count=48652 585 82 503 156 80 347 289 48067 5952 5599 5054 545 42115 2232 659 1573 39883 12034
is_linear=0
shrinkage=0.03


Tree=125
num_leaves=20
num_cat=0
split_feature=12 12 2 8 7 7 10 5 7 1 8 10 4 2 11 8 7 7 6
split_gain=6.11344 2.65302 3.79563 5.51888 4.34834 4.31856 8.79249 3.46525 2.84617 1.95099 6.64579 12.4079 3.82855 23.0829 3.66357 2.32393 1.03924 3.46885 2.67194
threshold=57.000000000000007 16.500000000000004 19.950000000000003 0.49782049011135915 353.65917856545616 206.77463731702417 0.23855307516442023 90.90000000000002 659.41515552963222 43.050000000000004 0.42067573171208672 0.20233672925024945 11.045000000000002 18.950000000000003 0.72429261937323486 0.23946997233322792 496.62198730537614 502.33398573643109 19.749861096132197
decision_type=2 2 2 2 2 2 2 2 2 2 2 2 2 2 2 2 2 2 2
left_child=1 9 3 7 -5 6 -4 -3 -7 12 14 -12 15 -14 -11 -1 -2 -18 -19
right_child=16 2 5 4 -6 8 -8 -9 -10 10 11 -13 13 -15 -16 -17 17 18 -20
leaf_value=0.0021747579709786918 -0.030210946459831758 -0.023187067719033345 -0.017538544902697798 0.090701554833634637 -0.0033886442966657177 -0.0031097194003225932 0.03585899888606546 0.021145640989356819 -0.030865231489598292 -0.029041663217436307 0.054336296073181252 -0.0055578740538397521 0.077559595519467076 -0.0024941526802103424 -0.0067904209387348287 -0.00011664838258848894 0.10576493548101654 -0.030188590279985002 0.063070669004840763
leaf_weight=462.67921809852123 6.8401548883412016 19.9168194141239 4.5311574982479197 0.73997413692995806 1.097984541673213 49.776332315523177 7.162016015034169 1.724193557165562 3.5631247935816637 8.0088437367230636 4.4554899167269459 10.330981308594344 4.0308223422616747 16.557901464402676 39.52483949996531 2864.9012210741639 0.22055463190190527 2.1791434760671113 0.31667400454170991
leaf_count=5467 1505 1187 238 36 66 2749 310 64 161 132 65 138 47 216 597 35107 43 473 51
internal_value=-1.46637e-05 5.07816e-05 -0.00507698 -0.0154162 0.0344927 -0.00134416 0.0151672 -0.019655 -0.00496381 0.000183861 -0.00507547 0.0124896 0.000281754 0.0131786 -0.0105395 0.000201957 -0.0239766 -0.00827776 -0.0183557
internal_weight=3508.56 3499 88.5116 23.479 1.83796 65.0326 11.6932 21.641 53.3395 3410.49 62.3202 14.7865 3348.17 20.5887 47.5337 3327.58 9.55653 2.71637 2.49582
internal_count=48652 46580 4811 1353 102 3458 548 1251 2910 41769 932 203 40837 263 729 40574 2072 567 524
is_linear=0
shrinkage=0.03


Tree=126
num_leaves=20
num_cat=0
split_feature=12 12 10 0 0 7 7 10 1 2 10 1 6 6 8 11 3 7 0
split_gain=5.898 2.60528 4.42066 4.69987 7.33906 4.36481 6.37119 4.35573 3.40535 5.31724 6.82198 4.57194 6.29684 5.05917 3.09218 2.2785 1.99816 5.40512 0.000134927
threshold=57.000000000000007 2.5000000000000004 0.37190696326984291 36.150000000000013 35.850000000000001 766.96674707323325 614.17067867952312 0.39072276852085314 13.050000000000002 35.850000000000001 0.36044134805350431 14.950000000000001 18.686314815401875 18.686314815401875 0.37398456847691047 0.85386480824992927 5.2650000000000006 496.62198730537614 38.150000000000013
decision_type=2 2 2 2 2 2 2 2 2 2 2 2 2 2 2 2 2 2 2
left_child=1 8 5 4 -4 6 -3 -5 9 10 -1 12 -10 -13 -7 -11 -2 18 -18
right_child=16 2 3 7 -6 14 -8 -9 11 15 -12 13 -14 -15 -16 -17 17 -19 -20
leaf_value=-0.0026478356448818049 -0.030135758251361684 -0.0022116145889381059 0.0044772317765842838 0.011219999570015647 0.038837416654979133 -0.03128888355114455 0.0062668960416720288 -0.016064914184908578 0.0031906831205632674 -0.0032167426454620344 0.0083355778951471598 0.001288748203527676 0.017657462118540173 -0.003655083366132511 -0.002856872916246837 -0.022354620102044791 -0.030329988459873353 0.088447507089001939 -0.031053500892324795
leaf_weight=330.72589481621981 7.7373108312021923 978.25996653549373 121.77342936396599 7.4480794146657017 5.8640467626973978 7.6185533031821233 86.848719703499228 17.971189776901156 206.98145356401801 8.7706694006919879 60.152207776904106 1398.8162467330694 31.154020242393017 214.91411120444536 6.2807902451604605 15.482379615306852 0.76360309636220314 0.50021032989025105 0.33320572273805737
leaf_count=3286 1898 19612 2245 110 92 223 1405 293 1907 87 536 14013 288 2164 166 153 117 41 16
internal_value=-1.45696e-05 4.89613e-05 -0.00106144 0.00370983 0.00605584 -0.00173825 -0.00152028 -0.00807018 0.000652443 -0.00180333 -0.000957599 0.00120295 0.0050833 0.000630336 -0.0184411 -0.0154338 -0.0238297 0.00672195 -0.0305498
internal_weight=3508.4 3499.06 1232.06 153.057 127.637 1079.01 1065.11 25.4193 2267 415.131 390.878 1851.87 238.135 1613.73 13.8993 24.253 9.33433 1.59702 1.09681
internal_count=48652 46580 24146 2740 2337 21406 21017 403 22434 4062 3822 18372 2195 16177 389 240 2072 174 133
is_linear=0
shrinkage=0.03


Tree=127
num_leaves=20
num_cat=0
split_feature=12 12 4 2 10 10 10 8 8 3 6 8 3 3 1 3 2 3 2
split_gain=5.69076 2.48481 3.29838 6.24863 5.77545 5.3499 7.94007 6.22718 2.57827 5.34356 5.58561 3.02093 10.5857 5.41754 2.78644 1.96681 2.68444 6.79987e-05 4.05198e-06
threshold=57.000000000000007 3.5000000000000004 3.7450000000000006 51.050000000000004 0.46596929191127423 0.1393031441039557 0.13147422687143767 0.20851313889091724 0.18316859775527597 5.1150000000000011 2.3162857147547258 0.23946997233322792 2.4850000000000008 2.0250000000000004 9.1500000000000004 5.2650000000000006 23.450000000000003 5.7150000000000007 33.650000000000013
decision_type=2 2 2 2 2 2 2 2 2 2 2 2 2 2 2 2 2 2 2
left_child=1 8 5 4 -4 6 -3 -7 9 10 -1 12 -10 -13 -11 18 17 -17 -2
right_child=15 2 3 -5 -6 7 -8 -9 11 14 -12 13 -14 -15 -16 16 -18 -19 -20
leaf_value=0.031535970272952636 -0.030124443322733847 0.0080286211786248785 -0.0030979957564007117 0.035157947752094749 0.017933532142059828 0.017749780522776579 0.056784808091020947 -0.0017491560953969386 -0.019156538765676173 0.0024888009945532529 -0.0023999997056001906 0.0075338378868860531 0.0055416747566486846 6.6426680205631042e-05 -0.023128685879965805 -0.030202914997131059 0.047212076186442326 -0.03074755134196009 -0.030198329477315496
leaf_weight=4.5777124352753154 6.7684674279298616 28.173895521555099 617.39478405565023 3.9489577272906891 11.979329097084699 16.096976389642805 3.3651918312534681 174.92046515457332 16.757831539958715 4.9531234800815609 93.977594774216413 91.08319153636694 229.65786527842283 2185.3949863910675 16.72412608936429 0.48462211806327082 0.76308694365434349 0.35925940843299031 0.74115862930193532
leaf_count=48 1761 519 14821 69 243 289 64 3353 191 53 1036 1042 2178 22500 174 87 63 24 137
internal_value=-1.44036e-05 4.72719e-05 -0.00135764 -0.00246165 -0.00269769 0.00178401 0.0132309 -0.000105987 0.0005022 -0.00378985 -0.000823736 0.000706745 0.00386204 0.000365202 -0.0172752 -0.0236859 0.0064367 -0.0304348 -0.0301317
internal_weight=3508.12 3499.01 855.88 633.323 629.374 222.557 31.5391 191.017 2643.13 120.233 98.5553 2522.89 246.416 2276.48 21.6772 9.11659 1.60697 0.843882 7.50963
internal_count=48652 46580 19358 15133 15064 4225 583 3642 27222 1311 1084 25911 2369 23542 227 2072 174 111 1898
is_linear=0
shrinkage=0.03


Tree=128
num_leaves=20
num_cat=0
split_feature=12 12 2 5 8 12 11 2 1 8 10 0 11 7 4 0 2 2 5
split_gain=5.48869 2.44687 3.64959 5.25689 4.83105 4.18883 7.34679 3.91912 1.88963 6.22007 11.1042 3.93868 3.56455 3.43074 2.48514 1.81003 0.877692 2.27694 1.93089e-05
threshold=57.000000000000007 16.500000000000004 19.950000000000003 90.90000000000002 0.51776888828845968 49.500000000000007 0.99395491192626828 36.850000000000001 43.050000000000004 0.42067573171208672 0.20233672925024945 22.250000000000004 0.72429261937323486 370.96572411162896 11.045000000000002 38.750000000000007 33.650000000000013 34.850000000000001 76.950000000000017
decision_type=2 2 2 2 2 2 2 2 2 2 2 2 2 2 2 2 2 2 2
left_child=1 8 3 4 -3 7 -7 -4 11 12 -11 13 -10 -1 -13 16 -2 -18 -19
right_child=15 2 5 -5 -6 6 -8 -9 9 10 -12 14 -14 -15 -16 -17 17 18 -20
leaf_value=0.05165173454339559 -0.030133135332965078 -0.023140610991058075 -0.00063418314948618599 0.033058294054215218 0.035336393361205184 -0.030280125273368593 0.086199739881510376 -0.030817325509929792 -0.028872099055718276 0.05025082539984644 -0.0055278657451791387 0.0001652617672803551 -0.0066846287158920043 0.0046560122257810086 0.011101484753964832 0.035806445656656562 0.068523470987042173 -0.030152606962537486 -0.0304793973451289
leaf_weight=2.4865901637822381 7.4761873132083529 19.848466183524586 58.623930023051798 1.8713677320629347 1.3585184165276576 0.79707619827240628 1.2541692545637488 4.1454821121878913 7.8089584633707991 4.6632054373621932 10.322535218670962 3324.4035508595407 39.382061582058668 3.1934640426188707 18.806558920070529 0.43972649797797281 0.30243323557078827 0.42102948320098221 0.26524513959884644
leaf_count=38 1912 1218 3061 68 67 121 55 221 132 65 138 40520 597 44 235 11 34 91 24
internal_value=-1.42393e-05 4.56255e-05 -0.00489646 -0.0151413 -0.0193946 -0.00124895 0.0409378 -0.00262757 0.000172977 -0.00500906 0.0118291 0.000269189 -0.0103561 0.0252296 0.000226781 -0.0235374 -0.0266202 -5.65116e-05 -0.0302789
internal_weight=3507.87 3498.97 87.899 23.0784 21.207 64.8207 2.05125 62.7694 3411.07 62.1768 14.9857 3348.89 47.191 5.68005 3343.21 8.90462 8.4649 0.988708 0.686275
internal_count=48652 46580 4811 1353 1285 3458 176 3282 41769 932 203 40837 729 82 40755 2072 2061 149 115
is_linear=0
shrinkage=0.03


Tree=129
num_leaves=20
num_cat=0
split_feature=12 12 9 0 10 8 1 1 9 10 3 10 6 2 9 10 2 2 8
split_gain=5.34889 2.22737 4.35389 5.83799 7.33839 7.14098 4.27231 7.00224 3.44582 6.62809 6.72388 4.74763 4.65198 4.36696 3.53145 2.02827 3.84766 6.21309 2.37518
threshold=35.500000000000007 1.5000000000000002 0.3779393098350618 36.650000000000013 0.385779331225095 0.39039555937620768 52.250000000000007 45.45000000000001 0.33763793295067451 0.33936798122406625 6.0950000000000006 0.261684076568996 22.037490844552966 18.450000000000003 0.39971070361821037 0.33936798122406625 23.450000000000003 25.450000000000003 0.5487213444102339
decision_type=2 2 2 2 2 2 2 2 2 2 2 2 2 2 2 2 2 2 2
left_child=1 8 6 5 -5 -4 7 -3 9 11 -11 -1 13 -10 -14 18 -17 -18 -2
right_child=15 2 3 4 -6 -7 -8 -9 12 10 -12 -13 14 -15 -16 16 17 -19 -20
leaf_value=0.0022782766417805251 -0.02527930866191918 -0.001273184338558849 -0.0021991228495843482 0.015523334632430823 -0.022010116066483666 0.0063870333657913394 0.029986741125722624 -0.023167324839765933 0.0093877214458248665 0.0057931797515206121 0.038772053777499545 -0.0026160217561314288 -0.024717592489017507 -0.0012162429217824169 -0.0016048514646777037 -0.030313056057482021 0.080936691072454117 -0.012708885927508545 0.052881036229466091
leaf_weight=556.62004124745727 12.13356315693818 1472.6002084077336 252.33051304286346 45.151364613324404 5.2313923314213744 133.19412619480863 3.8962996369227758 13.265341853722928 37.728841997683048 203.18368297442794 5.7207026183605185 262.4978451654315 12.797277219593527 475.08979031071067 11.119158200919626 2.1166200153529635 1.0450083441101017 1.6357157137244938 0.36030851746909398
leaf_count=5150 2616 23773 4021 586 68 2121 28 265 348 1779 50 2442 123 4498 109 372 67 178 58
internal_value=-1.40653e-05 6.83891e-05 -0.000614753 0.00202237 0.0116261 0.000767291 -0.00138638 -0.00146865 0.000909098 0.00192634 0.00669628 0.00070983 -0.00103924 -0.000436093 -0.0139721 -0.0166584 -7.70902e-05 0.0237963 -0.0230253
internal_weight=3507.72 3490.43 1925.67 435.907 50.3828 385.525 1489.76 1485.87 1564.76 1028.02 208.904 819.118 536.735 512.819 23.9164 17.2912 4.79734 2.68072 12.4939
internal_count=48652 45361 30862 6796 654 6142 24066 24038 14499 9421 1829 7592 5078 4846 232 3291 617 245 2674
is_linear=0
shrinkage=0.03


Tree=130
num_leaves=20
num_cat=0
split_feature=12 12 6 6 3 6 7 10 7 7 7 6 7 3 7 7 7 3 3
split_gain=5.13931 2.28342 3.47737 5.33949 11.4934 5.90138 2.33049 7.36774 7.40441 6.21999 3.22858 5.84869 3.68877 1.95658 4.63766 1.95319 2.21541 0.000112731 3.61499e-05
threshold=57.000000000000007 12.500000000000002 4.979903206172839 11.1946730314331 3.9350000000000005 12.447280280938642 749.40835223607758 0.33119162154498483 865.23281263560079 836.14903479041857 472.70143769989221 23.966965289482353 203.71603096954428 5.2650000000000006 496.62198730537614 65.480222589085301 557.43862528218335 5.9150000000000009 5.6050000000000013
decision_type=2 2 2 2 2 2 2 2 2 2 2 2 2 2 2 2 2 2 2
left_child=1 6 15 4 -4 -5 10 8 -8 -9 12 -12 -1 -2 17 -3 -17 18 -15
right_child=13 2 3 5 -6 -7 7 9 -10 -11 11 -13 -14 14 -16 16 -18 -19 -20
leaf_value=0.0014142443640238198 -0.030122775981782642 0.019399848164651127 -0.013590867215036859 -0.025980666381861424 0.016898147007147334 -0.0034147745199427726 -0.015804391588121313 0.025138273366107751 0.00099262077136418113 -0.0028253932676912015 0.0013374128947254448 0.015113122804856417 -0.0012020990669419831 -0.030160666531660833 0.077311921422995561 -0.027724304230344495 0.0031270971538009751 -0.031037965961314806 -0.030585447376551625
leaf_weight=735.57500684075058 6.9505964624695462 1.1569307935424138 17.476209901506081 12.230366911506279 30.632376089226454 70.861127801239491 50.125881496816874 12.691446188837292 44.666126256808639 16.422025643289089 1042.1391201689839 28.496326714754105 1423.668559750542 0.39876377023756482 0.54893766436725844 10.080906443530692 2.6443065288476637 0.30730736302211881 0.32913585985079408
leaf_count=8966 1898 47 952 549 1210 3157 661 139 554 180 11149 274 18001 87 41 613 128 17 29
internal_value=-1.39277e-05 4.27892e-05 -0.00364198 -0.00213121 0.00582253 -0.00673628 0.00020219 -0.00383542 -0.00788962 0.00936482 0.000357082 0.00170407 -0.000310807 -0.0232654 0.00682228 -0.0179203 -0.0213134 -0.0305562 -0.0303527
internal_weight=3507.4 3498.87 145.082 131.2 48.1086 83.0915 3353.78 123.905 94.792 29.1135 3229.88 1070.64 2159.24 8.53474 1.58414 13.8821 12.7252 1.03521 0.7279
internal_count=48652 46580 6656 5868 2162 3706 39924 1534 1215 319 38390 11423 26967 2072 174 788 741 133 116
is_linear=0
shrinkage=0.03


Tree=131
num_leaves=20
num_cat=0
split_feature=12 12 9 0 10 9 1 1 9 10 11 2 6 10 3 3 6 2 0
split_gain=4.95672 2.20251 4.06131 5.19316 6.93804 6.00125 3.93388 6.77282 3.23802 6.12793 8.21529 4.63851 4.71594 4.46739 1.95345 1.92464 2.44511 4.45415 5.80674e-05
threshold=57.000000000000007 1.5000000000000002 0.3779393098350618 36.650000000000013 0.385779331225095 0.48252157911560895 52.250000000000007 45.45000000000001 0.33763793295067451 0.33936798122406625 0.9351312652464755 41.95000000000001 2.146669591462564 0.261684076568996 4.5950000000000006 5.2650000000000006 11.435781011743897 23.450000000000003 37.350000000000001
decision_type=2 2 2 2 2 2 2 2 2 2 2 2 2 2 2 2 2 2 2
left_child=1 8 6 5 -5 -4 7 -3 9 13 -11 12 -10 -1 -13 -2 18 -18 -17
right_child=15 2 3 4 -6 -7 -8 -9 11 10 -12 14 -14 -15 -16 16 17 -19 -20
leaf_value=0.0022087436581346175 -0.030119139441218985 -0.0012709941570706756 0.0023955860094606644 0.014605509859825559 -0.021883509436677034 -0.0075702457831459341 0.028440329468681788 -0.022969982598700284 0.013410349812265581 -0.0020615503621756307 0.010577106843480575 -0.006953903943833389 -0.0012109190719713668 -0.0025409806609234115 -0.034227820179109671 -0.030445509769082238 -0.030306720193529067 0.11156605791918901 -0.030958371261244635
leaf_weight=557.51844435930252 6.745977418497203 1476.8107674049679 322.50958143174648 45.959189640823752 5.2227499866858116 65.412216982338578 3.9703782624565056 13.060417161090298 20.664198733866215 68.863141804933548 141.19172962382436 4.3530909642577154 506.15602191910148 261.96260435506701 5.1710334941744804 0.39698750129900851 0.3821289308834821 0.41595815308392048 0.39777067210525274
leaf_count=5150 1898 24687 5354 599 71 1067 30 273 188 601 1228 39 4802 2442 49 54 61 31 28
internal_value=-1.37809e-05 4.12785e-05 -0.000636189 0.00190018 0.0108821 0.000715126 -0.00138174 -0.00146121 0.000877554 0.00186221 0.00643372 -0.00101253 -0.000637409 0.000690405 -0.021762 -0.0231157 0.00654484 0.0436365 -0.0307022
internal_weight=3507.16 3498.83 1932.95 439.104 51.1819 387.922 1493.84 1489.87 1565.88 1029.54 210.055 536.344 526.82 819.481 9.52412 8.33882 1.59285 0.798087 0.794758
internal_count=48652 46580 32081 7091 670 6421 24990 24960 14499 9421 1829 5078 4990 7592 88 2072 174 92 82
is_linear=0
shrinkage=0.03


Tree=132
num_leaves=16
num_cat=0
split_feature=8 11 2 9 7 6 3 3 10 8 10 7 10 7 10
split_gain=2.22568 4.93102 6.16343 5.17169 5.16313 2.82271 2.16029 5.15352 3.20378 2.53471 2.58254 2.32029 12.181 3.31332 1.38983
threshold=0.12711556797532012 0.87440405596428639 32.350000000000001 0.21599622743129346 428.02094429300081 9.0118677792287851 6.2650000000000006 6.1950000000000012 0.36593107093920485 0.46912366775876385 0.30842748451624519 1001.4142714313294 0.15731446595975904 749.40835223607758 0.24245494517395388
decision_type=2 2 2 2 2 2 2 2 2 2 2 2 2 2 2
left_child=1 2 3 4 -1 -5 7 11 9 10 -8 13 -13 -2 -9
right_child=6 -3 -4 5 -6 -7 8 14 -10 -11 -12 12 -14 -15 -16
leaf_value=0.037188908968055732 0.00017541889181049475 0.03054868765264096 0.026849748317488792 -0.0054882147421271687 -0.016285195575611033 -0.02880954915838746 -0.0026617299338661834 0.040179090313725865 0.012723263227094335 -0.0333123067975514 -0.02731497415790669 0.071102999459296559 0.00081306983737376628 -0.0058175573876944071 0.013442163689551404
leaf_weight=3.000027239322665 3328.3078545269091 2.824774036416783 3.5015531529206774 6.5786451336462077 3.5456790491007268 16.107172694755718 17.676263403147466 3.2478294465690842 5.7313645072281352 4.2259853146970263 4.8799634687602511 2.5836730431765345 15.716444052755831 85.151338626630604 3.7935713902115822
leaf_count=52 46242 45 51 104 49 284 228 36 59 52 59 31 183 1133 44
internal_value=-1.36197e-05 -0.00748107 -0.0107629 -0.0152684 0.00822305 -0.0220466 6.28719e-05 0.000135643 -0.00763377 -0.0119902 -0.00799538 8.30363e-05 0.0107368 2.59195e-05 0.0257745
internal_weight=3506.87 35.5579 32.7331 29.2315 6.54571 22.6858 3471.31 3438.8 32.5136 26.7822 22.5562 3431.76 18.3001 3413.46 7.0414
internal_count=48652 585 540 489 101 388 48067 47669 398 339 287 47589 214 47375 80
is_linear=0
shrinkage=0.03


Tree=133
num_leaves=18
num_cat=0
split_feature=12 11 9 11 7 3 3 10 12 10 3 2 2 10 3 10 7
split_gain=4.8054 2.22229 5.35928 3.12712 2.95318 2.10587 4.74715 3.05807 2.31282 3.97321 3.13476 2.17852 2.19031 1.22713 0.00012662 2.17889e-05 1.0227e-05
threshold=35.500000000000007 0.87816794254500496 0.18749008491041916 0.88421140981424207 65.480222589085301 6.2650000000000006 6.1950000000000012 0.36593107093920485 2.5000000000000004 0.37190696326984291 5.5650000000000004 29.950000000000003 20.950000000000003 0.24245494517395388 5.6850000000000014 0.36593107093920485 30.539184090054764
decision_type=2 2 2 2 2 2 2 2 2 2 2 2 2 2 2 2 2
left_child=5 14 -3 -4 -5 6 8 11 10 -10 -1 12 -7 -8 15 16 -2
right_child=1 2 3 4 -6 7 13 -9 9 -11 -12 -13 -14 -15 -16 -17 -18
leaf_value=0.00037592492014643764 -0.030351195561862252 0.088847345673109007 0.094517038459268218 0.038959270600730324 -0.020233197185540789 -0.005121452162788879 0.037757761434738281 0.012223220547525882 -0.0016201207853942985 0.0035943396623624641 0.00517370341469641 0.010435162866100823 -0.023619917605742384 0.012903262078506656 -0.030707181831596254 -0.030390937068401389 -0.030130683873242293
leaf_weight=2110.4774647168815 0.19621294015087443 0.4941815345082422 0.24014389142393966 0.83074220269918342 8.7324742830824089 10.634539542719727 3.3507855068892232 5.78600282780826 1059.8817291511223 150.14182964619249 130.12169818207622 3.4415824003517619 12.569780073128639 3.8328357599675655 0.39514421205967654 0.32565567851997901 5.365519150858745
leaf_count=20895 26 60 47 56 1644 131 36 59 20166 2591 1229 44 166 44 27 41 1390
internal_value=-1.34033e-05 -0.0161259 -0.00754708 -0.0124063 -0.0150912 6.31379e-05 0.000134505 -0.00754579 8.37867e-05 -0.000973101 0.000654554 -0.0118385 -0.0151421 0.0244966 -0.0301873 -0.0301524 -0.0301385
internal_weight=3506.82 16.5801 10.2975 9.80336 9.56322 3490.24 3457.81 32.4319 3450.62 1210.02 2240.6 26.6459 23.2043 7.18362 6.28253 5.88739 5.56173
internal_count=48652 3291 1807 1747 1700 45361 44961 400 44881 22757 22124 341 297 80 1484 1457 1416
is_linear=0
shrinkage=0.03


Tree=134
num_leaves=20
num_cat=0
split_feature=7 8 2 11 9 9 10 9 7 11 10 7 11 3 1 1 7 1 8
split_gain=2.15212 6.5119 5.23638 10.2679 6.173 13.2001 5.70571 4.26966 3.97842 6.58341 11.9127 10.1684 8.67052 7.87211 5.29554 4.56462 4.19843 7.49956 6.96106
threshold=182.33874828622388 0.59154890407268446 36.850000000000001 0.74904018980893328 0.26545862163718764 0.27297269555223908 0.39072276852085314 0.24505415614580564 450.07317474263562 0.68810615300542899 0.24245494517395388 203.71603096954428 0.70510640802993307 4.8850000000000007 22.750000000000004 30.150000000000002 564.84010114724754 11.550000000000002 0.23946997233322792
decision_type=2 2 2 2 2 2 2 2 2 2 2 2 2 2 2 2 2 2 2
left_child=1 2 4 -4 7 -6 -5 -1 9 10 11 -2 13 -11 -14 -12 17 18 -10
right_child=8 -3 3 6 5 -7 -8 -9 16 12 15 -13 14 -15 -16 -17 -18 -19 -20
leaf_value=-0.0011517051261102625 0.038733121842373777 0.034662598637832831 0.047449453505078558 -0.00013390645669386547 0.028912532571651162 0.0017430520008217684 0.040358845975966569 -0.011060359198983582 0.028656633720358017 -0.027482027864212406 -0.022930839963998542 0.0052696344108134003 -0.000635429051272571 0.0089866730970492321 -0.0050467423291101808 0.016881060430158717 -0.0011170811890025905 0.0010266912470040873 0.0064967491920280632
leaf_weight=185.56645892956294 8.7147905714809877 5.2878243690356603 6.2375059556215993 24.919739121571187 16.787690941244364 389.33719000476412 3.581996106542646 49.600088434759527 14.752529718913136 21.678762082941834 17.592404302908111 131.32831692951731 888.65027458174154 7.0626336408313355 338.09692649194039 3.0397757063619784 612.4841562055517 687.5010340611916 94.365219197701663
leaf_count=2467 112 70 73 307 229 5333 34 658 160 344 264 1930 12393 92 6034 59 7644 9356 1093
internal_value=-1.31457e-05 0.0015003 0.00124091 0.012585 0.000626388 0.00286614 0.00495508 -0.00324159 -0.000378116 -0.00150107 0.00421664 0.00735205 -0.00223281 -0.0185206 -0.00185121 -0.0170653 0.000750465 0.00218634 0.00949273
internal_weight=3506.59 681.318 676.031 34.7392 641.291 406.125 28.5017 235.167 2825.27 1416.16 160.675 140.043 1255.49 28.7414 1226.75 20.6322 1409.1 796.619 109.118
internal_count=48652 9171 9101 414 8687 5562 341 3125 39481 21228 2365 2042 18863 436 18427 323 18253 10609 1253
is_linear=0
shrinkage=0.03


Tree=135
num_leaves=20
num_cat=0
split_feature=12 8 1 11 0 5 12 0 4 2 8 8 10 0 2 6 0 2 5
split_gain=4.66091 2.11589 4.65107 3.64923 3.71711 2.81571 2.24288 4.87391 5.04424 3.4667 2.7428 7.13827 5.79002 1.73925 2.07358 3.42825 7.18438e-05 4.5389e-06 4.69806e-06
threshold=57.000000000000007 0.12711556797532012 12.65 0.59085865535266702 33.150000000000013 42.500000000000007 6.5000000000000009 37.250000000000007 4.7150000000000007 44.45000000000001 0.35094039448296177 0.35195753877146613 0.08724652247494584 36.250000000000007 23.450000000000003 11.435781011743897 38.050000000000004 33.650000000000013 76.950000000000017
decision_type=2 2 2 2 2 2 2 2 2 2 2 2 2 2 2 2 2 2 2
left_child=1 2 -1 4 -4 -5 10 9 -9 -8 12 -12 -3 17 16 -16 -15 -2 -19
right_child=13 6 3 5 -6 -7 7 8 -10 -11 11 -13 -14 14 15 -17 -18 18 -20
leaf_value=0.016875106099170013 -0.030108976317678157 0.008916019884301931 -0.018779746473880379 0.0062791766605757174 0.017970889299486918 -0.024944128945383313 -0.00090376158586905303 -0.02144014819699935 0.028792614044841833 -0.02579667954394162 -0.023558787305357543 -0.00034825138379883657 0.00082154193497034785 -0.030176289318788487 -0.030780880517137583 0.088421712019692497 -0.030783595951322736 -0.030138551605186085 -0.030312755674458632
leaf_weight=5.9645489156246176 5.6628310072701407 84.019322896376252 4.3047241775784659 3.1014322619885233 5.8336824597790837 16.05852528475225 337.24655039352365 18.14694270724431 1.9971371521241952 5.1114002410322419 12.019785344600676 1515.3002763614058 1489.30148300156 0.56126319803297497 0.38761700270697474 0.49372449005022645 0.25494797504507005 0.4488612925633787 0.20204652100801468
leaf_count=78 1716 882 73 56 78 277 11103 544 63 154 135 16956 16181 124 40 41 16 109 26
internal_value=-1.31509e-05 3.919e-05 -0.00727235 -0.0121883 0.00236673 -0.01989 0.000113639 -0.00211921 -0.0164599 -0.00127541 0.000374685 -0.000530915 0.00125381 -0.0228696 0.00408807 0.035996 -0.030366 -0.0301176 -0.0301926
internal_weight=3506.42 3498.41 35.2629 29.2984 10.1384 19.16 3463.14 362.502 20.1441 342.358 3100.64 1527.32 1573.32 8.01129 1.69755 0.881341 0.816211 6.31374 0.650908
internal_count=48652 46580 562 484 151 333 46018 11864 607 11257 34154 17091 17063 2072 221 81 140 1851 135
is_linear=0
shrinkage=0.03


Tree=136
num_leaves=20
num_cat=0
split_feature=12 12 2 8 7 0 7 10 7 4 1 2 4 7 2 8 0 7 0
split_gain=4.49558 2.04371 3.54572 5.0074 4.52299 4.41324 3.96214 8.06139 2.82874 1.887 6.3266 10.3731 8.02584 5.12923 9.17012 5.22553 1.71293 3.82833 0.000144615
threshold=57.000000000000007 16.500000000000004 19.950000000000003 0.49782049011135915 345.42423724731538 37.750000000000007 206.77463731702417 0.21557320023746943 659.41515552963222 2.4950000000000006 11.550000000000002 38.250000000000007 3.2250000000000005 559.78434907175063 20.450000000000003 0.26760139526313154 36.250000000000007 496.62198730537614 38.750000000000007
decision_type=2 2 2 2 2 2 2 2 2 2 2 2 2 2 2 2 2 2 2
left_child=1 9 3 5 -5 -3 7 -4 -8 13 11 -11 -12 14 -1 -15 -2 18 -18
right_child=16 2 6 4 -6 -7 8 -9 -10 10 12 -13 -14 15 -16 -17 17 -19 -20
leaf_value=0.016884012302421269 -0.03011411756973217 -0.021668683501688539 -0.022450033015600467 0.08917603732025918 -0.0051907776858966534 0.05518546373484319 -0.0026070139185592734 0.031370130310513611 -0.030836060733562654 0.0072948482977889216 -0.0071200190094071235 -0.029327432056405402 0.00034567427834563395 -0.018405756653322131 -0.0039765353591198881 -0.0033169928601789554 -0.030281386845260844 0.062835045406189158 -0.031089949749807111
leaf_weight=28.843575308099389 6.1278375193942329 19.906755931675441 3.6171118253841987 0.74857930932193895 1.1740522049367426 0.69596877787262101 48.885945797665045 8.1446630451828224 3.4181767683476201 171.93111770786345 135.69291239790618 7.2545623462647191 2884.4359205868095 25.878798694349825 55.379234863445163 102.37272358313203 0.80926885665394344 0.62673152564093459 0.26403125375509262
leaf_count=296 1851 1221 193 33 69 30 2749 355 161 1917 1541 84 35816 310 609 1196 155 57 9
internal_value=-1.29557e-05 3.78584e-05 -0.00451361 -0.0147516 0.0315511 -0.0190725 -0.000913974 0.0148188 -0.00445184 0.000153375 0.000335195 0.00581215 1.02443e-05 -0.00258436 0.00316752 -0.00636163 -0.0227224 0.00392122 -0.0304803
internal_weight=3506.21 3498.38 86.5913 22.5254 1.92263 20.6027 64.0659 11.7618 52.3041 3411.79 3199.31 179.186 3020.13 212.474 84.2228 128.252 7.82787 1.70003 1.0733
internal_count=48652 46580 4811 1353 102 1251 3458 548 2910 41769 39358 2001 37357 2411 905 1506 2072 221 164
is_linear=0
shrinkage=0.03


Tree=137
num_leaves=20
num_cat=0
split_feature=12 3 3 6 6 10 8 9 3 2 2 7 7 0 3 7 0 3 7
split_gain=4.33432 2.02283 7.18416 10.7593 12.8151 7.93231 4.66636 5.97953 4.47544 7.87981 4.27534 3.64574 5.39434 1.96681 1.85059 3.58413 9.67028e-05 2.24189e-05 5.67122e-06
threshold=57.000000000000007 5.035000000000001 4.9750000000000005 19.11928359091155 20.510023202783589 0.25095544281042675 0.56609798082264196 0.33558584863254887 5.5650000000000004 23.050000000000004 37.050000000000004 1001.4142714313294 836.14903479041857 36.650000000000013 5.2650000000000006 496.62198730537614 38.250000000000007 5.6050000000000013 36.71858579109945
decision_type=2 2 2 2 2 2 2 2 2 2 2 2 2 2 2 2 2 2 2
left_child=1 2 11 5 -5 -4 8 13 10 -10 -3 12 -1 -8 18 16 17 -16 -2
right_child=14 6 3 4 -6 -7 7 -9 9 -11 -12 -13 -14 -15 15 -17 -18 -19 -20
leaf_value=0.00019033847444458843 -0.030248478956633591 -0.0027386125366429242 -0.0051063747839753971 0.087764176077357883 0.015084477665184403 0.015590966635012554 0.052675821409567669 -0.0086238098807678056 0.0066895477363256703 -0.0046230234242712045 -0.016190858940911792 0.024099257157236004 -0.018412909115621906 0.020679901224720153 -0.03013301786272523 0.061642403591708819 -0.030955697208671935 -0.030483489788816296 -0.030101988806308974
leaf_weight=2693.9746292324271 0.24798653484322031 448.46846982836723 33.789213581010699 3.2187406681478006 6.7881617927923799 32.884281773120165 3.1299039013683778 4.7477532904595137 127.27393496409059 98.152384221088141 22.321227891370654 5.7057184241712084 14.101674512028692 3.8633276177570224 0.34439650224521734 0.6326683065854013 0.29252236103639007 0.31406949483789504 5.8185988902114332
leaf_count=36861 40 5464 426 41 85 401 39 51 1472 1170 268 64 190 48 86 41 14 33 1858
internal_value=-1.28681e-05 3.64576e-05 0.000399812 0.00945539 0.0384621 0.00510184 -0.00139573 0.0173597 -0.00171202 0.00176397 -0.00337641 0.000143939 9.34664e-05 0.0350001 -0.0225693 0.00630965 -0.0305018 -0.0303002 -0.030108
internal_weight=3506.07 3498.42 2790.46 76.6804 10.0069 66.6735 707.957 11.741 696.216 225.426 470.79 2713.78 2708.08 6.99323 7.65024 1.58366 0.950988 0.658466 6.06659
internal_count=48652 46580 38068 953 126 827 8512 138 8374 2642 5732 37115 37051 87 2072 174 133 119 1898
is_linear=0
shrinkage=0.03


Tree=138
num_leaves=20
num_cat=0
split_feature=12 10 10 6 7 0 4 1 7 4 8 7 12 7 8 11 6 7 7
split_gain=4.20273 4.28761 5.19795 3.90751 7.5953 3.55098 1.97133 6.61349 9.02717 7.47464 6.60927 4.71717 5.80808 5.46788 5.09799 6.36383 5.75204 4.52188 4.30967
threshold=28.500000000000004 0.36044134805350431 0.4079493191280264 12.570671159382035 451.83990960869386 23.350000000000005 2.4950000000000006 11.550000000000002 647.02084383996146 3.2250000000000005 0.29780453841327864 559.78434907175063 6.5000000000000009 543.19096911169288 0.26760139526313154 0.70775980313096165 11.555232545062212 513.82028867047075 440.04919390153839
decision_type=2 2 2 2 2 2 2 2 2 2 2 2 2 2 2 2 2 2 2
left_child=6 5 3 4 -3 -2 11 8 18 -9 -10 12 13 -1 16 -16 -13 -11 -8
right_child=1 2 -4 -5 -6 -7 7 9 10 17 -12 14 -14 -15 15 -17 -18 -19 -20
leaf_value=0.0030425010938798041 0.095910300018261105 0.086703099637616105 -0.030430924771727721 -0.0094495826151609012 -0.030483656266062184 -0.020727974291135102 0.002387646747036135 -0.0068866778711693622 0.013351000137127094 -0.00037379337747103368 -0.018099863064670086 -0.033406625350877357 -0.020975985042361017 0.033387286930831282 0.023434032622814131 -0.0054173131606361164 -0.0050042079693916434 0.0024705877920638808 0.01268758661357048
leaf_weight=71.959215067327023 0.23790993541479721 1.7458760696463285 1.8876623099204151 1.4087040615268049 0.69629415264353145 18.65524682495743 59.596223909407854 138.35107199475169 8.345052210614087 2299.5473216529936 21.524006793275476 12.03484268859029 8.3907576836645585 5.7730899676680556 7.4104263838380566 96.243406476452947 13.748330106027423 643.86506497580558 94.589211048558354
leaf_count=713 51 98 234 131 79 3443 747 1660 104 30784 258 148 192 55 99 1152 172 7510 1022
internal_value=-1.27598e-05 -0.0123611 0.0103497 0.03034 0.0532916 -0.0192592 7.46081e-05 0.000258014 0.00578218 -7.191e-05 -0.00931287 -0.00270406 0.00273654 0.00529617 -0.00632406 -0.00335467 -0.0182616 0.000248409 0.00870642
internal_weight=3506.01 24.6317 5.73854 3.85087 2.44217 18.8932 3481.38 3265.82 184.054 3081.76 29.8691 215.56 86.1231 77.7323 129.437 103.654 25.7832 2943.41 154.185
internal_count=48652 4036 542 308 177 3494 44616 42085 2131 39954 362 2531 960 768 1571 1251 320 38294 1769
is_linear=0
shrinkage=0.03


Tree=139
num_leaves=20
num_cat=0
split_feature=12 7 2 11 10 10 11 2 3 12 4 6 10 10 3 7 8 3 7
split_gain=4.06586 1.99413 4.52374 7.43263 5.52313 4.72035 4.46917 3.86722 3.16353 2.95398 4.77143 3.56516 2.07853 2.6573 1.85881 3.33647 1.61084 6.99132e-05 5.88168e-06
threshold=57.000000000000007 95.30669557874964 37.550000000000004 0.95715297034561164 0.17709435514620031 0.42788863607134836 0.74702942426718721 20.150000000000002 1.5150000000000003 3.5000000000000004 3.7450000000000006 20.510023202783589 0.21557320023746943 0.18358253479360906 5.2650000000000006 496.62198730537614 0.29438994695768772 5.6050000000000013 36.71858579109945
decision_type=2 2 2 2 2 2 2 2 2 2 2 2 2 2 2 2 2 2 2
left_child=1 2 5 4 -4 6 -1 -7 12 11 -11 -10 13 -3 18 17 -14 -16 -2
right_child=14 8 3 -5 -6 7 -8 -9 9 10 -12 -13 16 -15 15 -17 -18 -19 -20
leaf_value=-0.0047869942476998538 -0.030248961774085384 -0.020171712313318064 0.033426808041468643 0.041802739778412167 -0.011673498968572808 0.006566067541562348 0.0036799465007599456 -0.024979005891850373 0.00070184469364317889 0.0019001006262783088 -0.0033652912519566871 -0.0036511918777699798 -0.00072526569550585105 0.02596913181755079 -0.030139292685037063 0.058406692294224315 -0.032460994768360563 -0.030682403028681679 -0.030097834809955024
leaf_weight=69.550039147026837 0.24185537220910092 2.4722104417160136 3.5134096657857325 6.6884171199053517 8.0274661472067219 5.1972412057220927 290.27708365418948 10.695760576054452 2164.7684395909309 219.93148750672117 523.77108955499716 183.70074523612857 1.9021316450089214 2.058859882876277 0.34315210557542719 0.65429871156811714 5.9178526639007032 0.56379448226653039 5.5589911192655563
leaf_count=897 40 49 37 70 93 64 3771 138 22245 4188 12944 1898 41 39 87 41 106 46 1858
internal_value=-1.27015e-05 3.41651e-05 0.00204481 0.0166396 0.00205647 0.0013367 0.00204339 -0.0146633 -0.000220976 -0.000160452 -0.00180818 0.000361344 -0.0153737 0.000794092 -0.0222837 0.00677311 -0.0247416 -0.0304769 -0.0301041
internal_weight=3505.83 3498.47 393.949 18.2293 11.5409 375.72 359.827 15.893 3104.52 3092.17 743.703 2348.47 12.3511 4.53107 7.36209 1.56125 7.81998 0.906947 5.80085
internal_count=48652 46580 5070 200 130 4870 4668 202 41510 41275 17132 24143 235 88 2072 174 147 133 1898
is_linear=0
shrinkage=0.03


Tree=140
num_leaves=20
num_cat=0
split_feature=12 1 8 10 8 8 8 0 2 4 2 5 3 6 5 8 2 2 3
split_gain=3.91892 1.99125 5.73461 10.0597 6.87521 3.46497 7.92856 3.38547 4.53005 2.65518 6.02428 3.25564 1.82667 2.03953 1.42472 0.263713 2.33261e-05 1.97562e-06 1.89968e-06
threshold=57.000000000000007 43.050000000000004 0.42067573171208672 0.20233672925024945 0.45468019012843758 0.35489107565226047 0.27181459915745049 22.250000000000004 22.650000000000002 10.625000000000002 19.250000000000004 27.350000000000005 5.2650000000000006 11.435781011743897 14.450000000000001 0.34507489543521763 24.150000000000002 31.850000000000005 4.5850000000000009
decision_type=2 2 2 2 2 2 2 2 2 2 2 2 2 2 2 2 2 2 2
left_child=1 7 5 -4 -5 6 -3 8 -1 11 -11 -9 17 16 -7 -15 -14 -2 -19
right_child=12 2 3 4 -6 14 -8 9 -10 10 -12 -13 13 15 -16 -17 -18 18 -20
leaf_value=0.054675332663907387 -0.030094142358812314 -0.023169433180522378 0.046187494648901303 0.025404434150061425 -0.02476079691834231 -1.4216868242348498e-05 0.0075544775678016395 -0.012793157631058384 0.0012263250075381328 0.027385500631307749 0.0016433168653781683 5.6913762810217568e-05 -0.030476363394094902 0.058701079237577385 -0.02556770172779534 0.024492424842861672 -0.030818149161216953 -0.030111762736411637 -0.030212839872189652
leaf_weight=2.3912345557473591 4.8906783363781861 12.558426830451937 4.8909306069836012 3.9382311231456679 6.5452915923669934 2.2962433695793143 18.990133085753769 17.83880332345143 3.5397154451347888 10.310071851359679 39.638921010307968 3361.8924800883979 0.35392248630523659 0.33567834296263754 13.558657917892559 0.5124152994249016 0.36509832879528403 0.4833184576127677 0.25597683689557016
leaf_count=36 1705 218 72 59 102 14 307 282 58 145 611 44409 51 43 267 49 31 145 48
internal_value=-1.25187e-05 3.29768e-05 -0.00526181 0.0106594 -0.00591577 -0.0104256 -0.00467568 0.000129727 0.0227758 9.0565e-05 0.00695681 -1.09111e-05 -0.0221272 0.00651966 -0.0218668 0.0380323 -0.0306499 -0.0301011 -0.0301468
internal_weight=3505.59 3498.39 62.7779 15.3745 10.4835 47.4035 31.5486 3435.61 5.93095 3429.68 49.949 3379.73 7.19709 1.56711 15.8549 0.848094 0.719021 5.62997 0.739295
internal_count=48652 46580 1039 233 161 806 525 45541 94 45447 756 44691 2072 174 281 92 82 1898 193
is_linear=0
shrinkage=0.03


Tree=141
num_leaves=20
num_cat=0
split_feature=12 1 3 8 11 1 10 10 3 3 8 9 2 9 10 3 10 9 11
split_gain=3.807 4.96732 5.6278 3.6572 4.08515 3.87884 2.30185 6.44652 2.04083 5.12233 6.04625 5.91112 5.63131 5.50587 4.38493 4.22634 6.40952 15.1017 4.9456
threshold=20.500000000000004 21.550000000000004 3.5350000000000006 0.42491616684694616 0.80766170078281085 20.850000000000005 0.40509810394361673 0.42325800163393817 5.0550000000000006 5.2150000000000007 0.56609798082264196 0.30377191377286294 18.050000000000004 0.47268362382815943 0.24906191181533963 4.3650000000000011 0.11863038976070193 0.1498532158406726 0.9256528344618925
decision_type=2 2 2 2 2 2 2 2 2 2 2 2 2 2 2 2 2 2 2
left_child=8 2 -2 5 -5 -4 -3 -8 15 13 12 -12 -11 -10 -15 18 17 -17 -1
right_child=1 6 3 4 -6 -7 7 -9 9 10 11 -13 -14 14 -16 16 -18 -19 -20
leaf_value=-0.0018611367375238931 0.10427478084981846 -0.024589769346561305 -0.010469774467988278 0.10287588945306129 0.0097209356310095051 0.046181388502415432 0.11470997417969216 -0.030506956350863191 -0.0067425342791317634 0.033513604022523284 0.053315532796802248 0.0016911541544827944 -0.00050923853336671523 -0.0035981709164664361 0.040820649210524841 0.05012238509521931 0.0012075402295692555 0.0058780953748308884 0.0013543122527087436
leaf_weight=968.45461670681834 0.44528555450960894 15.585939697921278 26.598888242617253 0.44951846031471987 7.3710052182432264 1.1341237756423641 0.41275015589780994 0.82514254795387387 176.11960031278431 4.4187879152595988 3.7842154577374441 4.2247995063662529 478.46082831546664 3.9839115347713214 4.0169835761189461 7.4934543389827004 932.14723687525839 94.532550176605582 775.02634560782462
leaf_count=12981 55 2236 2256 43 594 103 39 94 2038 45 43 45 5455 46 47 83 11000 1080 10369
internal_value=-1.23528e-05 -0.00800528 -0.00171615 -0.00304361 0.0150754 -0.00815306 -0.0214625 0.0179127 0.000109932 -0.00136963 0.00023089 0.0260834 -0.000197899 -0.00563681 0.018703 0.000469485 0.0019889 0.00912768 -0.000431779
internal_weight=3505.49 52.8227 35.9988 35.5535 7.82052 27.733 16.8238 1.23789 3452.66 675.009 490.889 8.00901 482.88 184.12 8.0009 2777.65 1034.17 102.026 1743.48
internal_count=48652 5420 3051 2996 637 2359 2369 133 43232 7719 5588 88 5500 2131 93 35513 12163 1163 23350
is_linear=0
shrinkage=0.03


Tree=142
num_leaves=20
num_cat=0
split_feature=12 8 1 9 7 6 8 3 9 7 0 9 0 3 7 0 3 7 1
split_gain=3.71943 1.97023 4.42285 3.48446 2.74944 2.72192 2.15841 12.5282 13.5854 3.13809 5.49261 3.64709 1.929 1.80089 3.03288 7.48844e-05 1.66451e-05 4.75121e-06 1.53017e-06
threshold=57.000000000000007 0.12711556797532012 12.65 0.21599622743129346 428.02094429300081 11.435781011743897 0.23946997233322792 2.0650000000000004 0.17120779362280866 17.292602364115449 35.250000000000007 0.49363276204564088 24.750000000000004 5.2650000000000006 496.62198730537614 38.250000000000007 5.6050000000000013 36.71858579109945 13.450000000000001
decision_type=2 2 2 2 2 2 2 2 2 2 2 2 2 2 2 2 2 2 2
left_child=1 2 -1 4 -4 -5 7 12 -9 10 -8 -11 -3 17 15 16 -15 -2 -19
right_child=13 6 3 5 -6 -7 9 8 -10 11 -12 -13 -14 14 -16 -17 -18 18 -20
leaf_value=0.01633723546103483 -0.030232414186835956 -0.013536849192183573 0.029774679536576913 -0.0067630038519256924 -0.011895111800401396 -0.027293591648802185 0.0051502058190328378 -0.013314335534750716 0.0048331952584863549 -0.00025074587598751215 -0.013754677945588129 -0.0067883086512781137 -0.032808967193769849 -0.030123215093815239 0.053587531609874721 -0.030872007539728439 -0.030437039143064868 -0.030134994966947357 -0.030085376482059931
leaf_weight=6.0223807739093891 0.22460644645616312 11.03006982104853 2.8720910470001426 11.572249903809281 2.8286345060914755 11.675644090399144 169.32594551425427 41.044767189305276 388.8672841754742 2750.9613829022273 15.06197111494839 79.004846426658332 8.1119534953031671 0.31884467136114814 0.68832277180626988 0.27136505302041769 0.29087598295882344 0.63780889636836935 4.5480152613017708
leaf_count=78 40 203 47 189 40 208 2014 514 4855 37031 192 1071 138 86 41 14 33 172 1686
internal_value=-1.23084e-05 3.13414e-05 -0.00705372 -0.0119199 0.00909861 -0.017074 0.000102881 0.00204325 0.00310061 -0.000186179 0.00360594 -0.000433257 -0.0217039 -0.0218901 0.00640363 -0.0304574 -0.0302729 -0.0300973 -0.0300915
internal_weight=3505.36 3498.38 34.971 28.9486 5.70073 23.2479 3463.41 449.054 429.912 3014.35 184.388 2829.97 19.142 6.97984 1.56941 0.881086 0.609721 5.41043 5.18582
internal_count=48652 46580 562 484 87 397 46018 5710 5369 40308 2206 38102 341 2072 174 133 119 1898 1858
is_linear=0
shrinkage=0.03


Tree=143
num_leaves=20
num_cat=0
split_feature=8 1 10 9 6 3 7 8 3 9 8 1 2 7 0 9 0 7 3
split_gain=1.87412 4.14739 4.91895 3.33623 2.67506 2.59886 2.51918 2.01385 11.9388 12.8349 7.09606 3.69823 3.60373 2.96789 5.34891 3.51177 1.91637 2.44423 1.02142
threshold=0.12711556797532012 12.65 0.26866990402421181 0.21599622743129346 11.435781011743897 4.745000000000001 428.02094429300081 0.23946997233322792 2.0650000000000004 0.17120779362280866 0.23769790920917075 15.250000000000002 56.050000000000004 17.292602364115449 30.750000000000004 0.49363276204564088 24.750000000000004 410.8638455306907 4.5650000000000004
decision_type=2 2 2 2 2 2 2 2 2 2 2 2 2 2 2 2 2 2 2
left_child=1 2 -1 6 5 -5 -3 8 16 11 -11 -10 13 14 -9 -15 17 -2 -6
right_child=7 3 -4 4 18 -7 -8 12 9 10 -12 -13 -14 15 -16 -17 -18 -19 -20
leaf_value=-0.012569167245002557 -0.023923793885144491 0.028076436891647114 0.041259881138213453 0.0012033225614847662 -0.032237604931261758 -0.032527324724239193 -0.011652374642415341 0.010739812676536124 -0.025480360249144636 0.0038889203502936349 0.027033823625067625 -0.0064871132425659899 -0.026419960323119236 -0.00024254010333098691 -9.6223150142287333e-05 -0.0066683266345822544 -0.032720109781756053 0.0056630662139617169 -0.01141905317258762
leaf_weight=2.9320390934590241 7.0135367524344492 2.9482110727112767 3.1902579783927649 8.8467852722387779 8.6209417404606921 2.6781028187833718 2.8013509556185454 61.383109104586765 14.137367468560113 378.61819259170443 12.309597982326521 26.561440697871149 4.7181569668464354 2751.6504087534267 123.45593085605651 78.735103053040802 7.895129870157688 3.9161252791527659 2.8131395406089714
leaf_count=44 137 49 38 151 170 45 40 658 167 4896 158 378 74 38693 1572 1118 139 77 48
internal_value=-1.21501e-05 -0.00693634 0.0154805 -0.0117169 -0.0168347 -0.00663486 0.00871942 5.7345e-05 0.00192855 0.00294852 0.00461771 -0.0130847 -0.000221761 -0.000180767 0.00350231 -0.000421291 -0.021458 -0.0133227 -0.0271156
internal_weight=3505.22 34.8308 6.1223 28.7085 22.959 11.5249 5.74956 3470.39 450.451 431.627 390.928 40.6988 3019.94 3015.22 184.839 2830.39 18.8248 10.9297 11.4341
internal_count=48652 585 82 503 414 196 89 48067 5952 5599 5054 545 42115 42041 2230 39811 353 214 218
is_linear=0
shrinkage=0.03


Tree=144
num_leaves=14
num_cat=0
split_feature=3 3 10 8 8 9 0 7 10 7 10 3 3
split_gain=1.8751 4.42355 2.93246 2.90539 2.69327 2.50645 2.36694 2.1476 10.5697 3.18458 9.27603 3.11999 1.90975
threshold=6.2650000000000006 6.1950000000000012 0.38834941632932685 0.46912366775876385 0.22307507824364456 0.22049881837083479 38.550000000000004 1001.4142714313294 0.15731446595975904 749.40835223607758 0.33119162154498483 6.1350000000000007 5.6850000000000014
decision_type=2 2 2 2 2 2 2 2 2 2 2 2 2
left_child=1 7 3 4 -2 -6 -3 9 -9 11 -11 -1 -10
right_child=2 6 -4 -5 5 -7 -8 8 12 10 -12 -13 -14
leaf_value=0.00013242766014418545 -0.032991495449073004 0.040645172911371187 0.019364021305818598 -0.033139730758879202 -0.025030125228478035 0.002069944159178585 0.0065031918814408224 0.064457422156805846 -0.0079112446886499804 -0.011321554787995262 0.011905497619784822 -0.022760744540308412 0.01335756890451684
leaf_weight=3356.6680625504814 2.99412594363094 3.6108436957001677 3.3424132559448472 4.2761682718992224 3.7142275404185083 17.752138948999345 3.7001533526927233 2.750845247879627 9.3581808507442457 64.840325825149193 20.325217904523015 5.3663389440625897 6.3966830167919388
leaf_count=46744 42 39 34 56 51 219 41 31 111 910 240 61 73
internal_value=-1.20341e-05 5.46528e-05 -0.00723184 -0.0103253 -0.00633684 -0.00261906 0.0233656 5.47768e-06 0.010198 -4.92393e-05 -0.00577829 9.58865e-05 0.000724175
internal_weight=3505.1 3473.02 32.0791 28.7367 24.4605 21.4664 7.311 3465.71 18.5057 3447.2 85.1655 3362.03 15.7549
internal_count=48652 48250 402 368 312 270 80 48170 215 47955 1150 46805 184
is_linear=0
shrinkage=0.03


Tree=145
num_leaves=20
num_cat=0
split_feature=12 11 9 11 7 1 1 6 10 6 3 1 6 11 9 9 9 3 10
split_gain=3.59559 2.31567 4.25491 3.70635 2.63532 1.83012 4.18502 5.76651 9.21414 5.51776 3.329 15.6392 5.95138 3.10992 2.30499 6.61839 5.77632 0.000119737 1.63591e-05
threshold=35.500000000000007 0.87816794254500496 0.18749008491041916 0.88307492847695324 65.480222589085301 43.050000000000004 50.400000000000006 16.583628585128306 0.20233672925024945 13.06083567594416 1.8050000000000004 37.95000000000001 16.257808944298272 0.86157744785776347 0.37938891816364739 0.38482623582359005 0.33252739444113649 5.6450000000000005 0.36593107093920485
decision_type=2 2 2 2 2 2 2 2 2 2 2 2 2 2 2 2 2 2 2
left_child=5 17 -3 -4 -5 10 7 13 -9 -8 11 -1 -13 -7 16 -16 -12 18 -2
right_child=1 2 3 4 -6 6 9 8 -10 -11 14 12 -14 -15 15 -17 -18 -19 -20
leaf_value=0.073867321171338304 -0.030127284819811806 0.075660993958468759 0.11536268360391752 0.036573204153866105 -0.019087903468458994 -0.025725698187210308 0.029016676252377579 0.044951607043169167 -0.0098842153839110592 -0.012777111747941265 0.00033327681934731393 -0.0043563511051696582 0.027332860181852464 -0.0080028366417505391 0.011663113119144978 0.00073808109636770431 -0.0031805547408695206 -0.030663399482536231 -0.030361789291205886
leaf_weight=3.0909492922946802 4.7855245037935665 0.54526693280786176 0.20514295971952279 0.84842166234738936 7.8372272942215204 14.027245507109908 6.6638207864016277 4.2357939188368601 7.903913598973304 4.9585213167592883 2136.4906927002594 23.008917558006946 6.943392393179237 24.430904427543283 53.857639779336751 680.10105754388496 524.39231402939186 0.42718164669349779 0.28359690960496653
leaf_count=46 1412 60 34 57 1656 281 55 70 133 47 27497 351 100 430 688 8752 6911 32 40
internal_value=-1.18255e-05 -0.0147016 -0.00568516 -0.0106741 -0.0136509 5.10245e-05 -0.00504802 -0.00877696 0.00924913 0.0111859 0.000143578 0.00961975 0.00298968 -0.0144671 5.13431e-05 0.00153976 -0.00035921 -0.0301811 -0.0301404
internal_weight=3505.04 14.9324 9.43606 8.89079 8.68565 3490.11 62.2202 50.5979 12.1397 11.6223 3427.88 33.0433 29.9523 38.4581 3394.84 733.959 2660.88 5.4963 5.06912
internal_count=48652 3291 1807 1747 1713 45361 1016 914 203 102 44345 497 451 711 43848 9440 34408 1484 1452
is_linear=0
shrinkage=0.03


Tree=146
num_leaves=20
num_cat=0
split_feature=12 12 9 0 10 3 2 3 11 2 7 7 0 2 10 11 3 7 0
split_gain=3.49852 1.85156 3.73032 4.89457 6.59433 5.49526 3.66848 6.66918 5.46225 3.02862 5.76055 7.40655 5.6045 5.36806 7.75563 5.72538 1.76697 2.71279 6.11746e-05
threshold=57.000000000000007 1.5000000000000002 0.3779393098350618 36.650000000000013 0.385779331225095 5.3350000000000009 19.450000000000003 5.9750000000000005 0.98554396245867559 21.850000000000005 911.35222445947932 562.3413102273006 37.150000000000013 25.350000000000005 0.22979525115774971 0.61190033612261563 5.2650000000000006 496.62198730537614 38.250000000000007
decision_type=2 2 2 2 2 2 2 2 2 2 2 2 2 2 2 2 2 2 2
left_child=1 9 6 5 -5 -4 7 -3 -8 10 11 -1 -12 14 -11 -15 -2 18 -18
right_child=16 2 3 4 -6 -7 8 -9 -10 13 12 -13 -14 15 -16 -17 17 -19 -20
leaf_value=0.0031514791939249035 -0.030093852216625899 -0.0046841700352613603 0.0012640246343065616 0.014099478848661119 -0.021686628745742027 -0.021232545170577561 0.00057335449643120624 0.029342049969207903 -0.0043674751082738768 0.0018553836312242139 0.037796472974697133 -0.0047452640590817021 0.0037414610209533716 -0.014351367967925856 -0.007185662284869318 0.0023234101113324772 -0.03025917263172527 0.048917361691663178 -0.030816042997047224
leaf_weight=606.83165011927485 5.1604447555728248 319.02043934282847 378.0377077574376 46.376759440638125 5.1488091945648184 10.031657069921492 906.85644284076989 5.269910503178834 258.86278569488786 150.0119279101491 7.942715264856818 129.75286661833525 9.6133764609694463 19.334021538496017 198.23852568119764 446.85793293267488 0.58102764724753775 0.72280081268399954 0.25566794164478779
leaf_count=5485 1898 5357 6284 599 71 137 15212 75 4346 1431 78 1194 100 177 1898 4136 119 41 14
internal_value=-1.17447e-05 2.97972e-05 -0.000592486 0.00183596 0.0105235 0.000682485 -0.00130895 -0.00413122 -0.00052382 0.000795303 0.00216522 0.00176043 0.0191486 -0.000473184 -0.00329115 0.00163187 -0.0216371 0.00634655 -0.0304293
internal_weight=3504.91 3498.19 1929.6 439.595 51.5256 388.069 1490.01 324.29 1165.72 1568.58 754.141 736.585 17.5561 814.442 348.25 466.192 6.71994 1.5595 0.836696
internal_count=48652 46580 32081 7091 670 6421 24990 5432 19558 14499 6857 6679 178 7642 3329 4313 2072 174 133
is_linear=0
shrinkage=0.03


Tree=147
num_leaves=15
num_cat=0
split_feature=3 3 10 8 10 9 3 2 3 8 7 3 9 4
split_gain=1.81304 4.02741 2.81229 2.45104 2.50174 3.20124 1.90196 6.94889 6.19064 7.2789 5.97416 4.81809 3.6314 1.08352
threshold=6.2650000000000006 6.1950000000000012 0.36593107093920485 0.46912366775876385 0.30842748451624519 0.23460198065810359 5.8650000000000011 23.950000000000003 5.5650000000000004 0.41053140087593432 372.59255631871667 5.5250000000000012 0.29499185099391712 2.1450000000000005
decision_type=2 2 2 2 2 2 2 2 2 2 2 2 2 2
left_child=1 6 3 4 5 -2 8 10 11 -10 -8 -1 -9 -3
right_child=2 13 -4 -5 -6 -7 7 12 9 -11 -12 -13 -14 -15
leaf_value=-4.4497480796906179e-05 -0.02548678077372387 0.034229616967330019 0.011694168986833972 -0.033072149563932063 -0.026912307713056971 0.0048640992728917858 0.035963772901315638 -0.030701671119491802 0.01111386339554821 -0.0055497248775672617 -0.0012973379487060425 -0.013880915006851523 -0.0077852636992629971 0.011326824844905478
leaf_weight=3251.9216460637981 4.0810866588726773 3.5001627802848807 5.8405148629099122 3.9601648207753888 4.6859495155513278 13.387515733949838 4.3034939891658714 10.644209581892939 89.954563485225663 31.979629502631724 38.681907475460321 22.808979422785342 14.984012243803589 3.9651787225157022
leaf_count=45616 58 36 59 52 59 174 53 140 1057 393 450 289 172 44
internal_value=-1.166e-05 5.37937e-05 -0.00712486 -0.0113337 -0.00744792 -0.0022266 6.37456e-06 -0.00493872 0.000106267 0.00674351 0.00243307 -0.00014087 -0.0173032 0.0220649
internal_weight=3504.7 3472.74 31.9552 26.1147 22.1546 17.4686 3465.28 68.6136 3396.66 121.934 42.9854 3274.73 25.6282 7.46534
internal_count=48652 48250 402 343 291 232 48170 815 47355 1450 503 45905 312 80
is_linear=0
shrinkage=0.03


Tree=148
num_leaves=20
num_cat=0
split_feature=8 11 2 9 10 6 4 1 2 7 4 2 2 7 2 10 10 11 3
split_gain=1.77479 4.51488 5.86927 4.6392 4.32535 2.75092 1.91231 6.06021 10.2183 8.35387 6.69149 5.26719 4.88692 4.64755 6.20722 5.61194 4.07058 4.10021 2.38697
threshold=0.12711556797532012 0.87440405596428639 32.350000000000001 0.21599622743129346 0.26470876186486542 9.0118677792287851 2.4950000000000006 11.550000000000002 38.250000000000007 647.02084383996146 3.2250000000000005 36.650000000000013 18.450000000000003 509.82373651639216 29.650000000000002 0.15411875335609784 0.45054457668052472 0.94545907825026854 5.6450000000000005
decision_type=2 2 2 2 2 2 2 2 2 2 2 2 2 2 2 2 2 2 2
left_child=1 2 3 4 -1 -5 13 8 9 -8 12 -12 -9 14 15 -2 17 -15 -16
right_child=6 -3 -4 5 -6 -7 7 10 -10 -11 11 -13 -14 16 18 -17 -18 -19 -20
leaf_value=0.027299171982276063 0.028088802274664676 0.029242183100687616 0.02650957239346468 -0.0049928993486714947 -0.0217618636156835 -0.028391660689780728 0.0097963188484396797 0.012592975817401183 -0.029185583783476961 -0.0079779102911428455 -6.7008897104242786e-05 0.0058130338804813766 -0.0082409200904563201 -0.002227040558255667 -0.028806847904548339 0.0033855629633058326 0.023809372936688163 -0.012446053720247503 0.0027436431167340543
leaf_weight=3.9540913412347498 10.177020366536452 2.8728775533381841 3.5175414318218818 6.4615161647088852 2.7366384700872004 15.065536293317562 148.82741535292007 11.020100844325496 7.3327620122581711 28.328322081593797 2789.9420720976777 144.19333306257613 125.87221886240877 86.528470070566982 6.3724083504639548 44.319923168513924 4.1275491751730433 59.73002752638422 3.263295283075422
leaf_count=59 125 45 51 104 42 284 1826 138 96 351 39501 1912 1627 1071 79 540 43 720 38
internal_value=-1.14754e-05 -0.00677153 -0.0100317 -0.0145868 0.00723226 -0.0213683 5.59456e-05 0.000236728 0.00551768 0.00695411 -8.05194e-05 0.000221956 -0.00656375 -0.00268759 0.00407425 0.00799876 -0.0055712 -0.00640035 -0.0181217
internal_weight=3504.64 34.6082 31.7353 28.2178 6.69073 21.5271 3470.03 3255.52 184.488 177.156 3071.03 2934.14 136.892 214.519 64.1326 54.4969 150.386 146.258 9.6357
internal_count=48652 585 540 489 101 388 48067 45451 2273 2177 43178 41413 1765 2616 782 665 1834 1791 117
is_linear=0
shrinkage=0.03


Tree=149
num_leaves=20
num_cat=0
split_feature=12 3 3 8 9 2 3 2 8 10 7 7 9 3 7 3 7 2 5
split_gain=3.37008 1.76901 6.63896 8.76236 20.0973 9.12767 4.37329 8.1973 6.69216 4.31209 3.13477 5.10911 3.05977 1.73804 2.52053 4.71689e-05 4.81276e-06 1.43976e-06 1.25326e-06
threshold=57.000000000000007 5.035000000000001 4.9750000000000005 0.25492259279995633 0.29886038608229465 18.250000000000004 5.2650000000000006 18.050000000000004 0.53601802747732519 0.45783739552490627 1001.4142714313294 836.14903479041857 0.14671029074679307 5.2650000000000006 496.62198730537614 5.6050000000000013 36.71858579109945 33.650000000000013 69.500000000000014
decision_type=2 2 2 2 2 2 2 2 2 2 2 2 2 2 2 2 2 2 2
left_child=1 2 10 4 -4 -5 9 -8 -9 12 11 -1 -3 16 15 -15 -2 -18 -19
right_child=13 6 3 5 -6 -7 7 8 -10 -11 -12 -13 -14 14 -16 -17 17 18 -20
leaf_value=0.00016707867914934324 -0.030229217846205747 -0.01857677664358616 0.065040981733362493 0.055114927924088189 -0.0070410280274544835 0.001748345628765134 0.044416406693031575 -0.00056265233900752026 0.020200936445930091 0.024293011319471265 0.021956765210281597 -0.018093875360648486 -0.0041305372049035474 -0.030123380679588405 0.045829694956093181 -0.030594698626043235 -0.030079309441602413 -0.030098270531268675 -0.030199195125746339
leaf_weight=2694.7824555709958 0.21718147164210577 13.956154274288563 7.2772764912806434 3.0291812261566511 6.6735992534086108 60.371938227675855 3.7915515191853038 427.2070386740379 14.442538867704569 4.630425661802291 5.9043949842452994 13.860171358101068 242.06066994951107 0.30665444140322484 0.74962787376716733 0.50716536887921393 4.3068433222360909 0.31445265747606743 0.17092954111285508
leaf_count=36861 40 171 86 33 75 759 38 5129 167 51 64 190 2956 87 41 46 1724 103 31
internal_value=-1.14212e-05 2.89055e-05 0.000368185 0.0090345 0.0305595 0.0042981 -0.00131262 0.000493423 0.000116345 -0.0043991 0.000121235 7.36371e-05 -0.00491804 -0.0214728 0.00614103 -0.0304171 -0.0300911 -0.0300848 -0.0301338
internal_weight=3504.56 3497.99 2791.9 77.352 13.9509 63.4011 706.088 445.441 441.65 260.647 2714.55 2708.64 256.017 6.57285 1.56345 0.81382 5.00941 4.79223 0.485382
internal_count=48652 46580 38068 953 161 792 8512 5334 5296 3178 37115 37051 3127 2072 174 133 1898 1858 134
is_linear=0
shrinkage=0.03


end of trees

feature_importances:
elevation_m=460
prior_fire_density_h3=438
fuel_grass_fraction=250
wind_speed_kmh=248
fuel_forest_fraction=235
vpd_kpa=228
relative_humidity_pct=204
slope_degrees=164
fuel_shrub_fraction=156
hcfm_pct=144
temperature_c=139
fuel_total_fraction=114
pi_m0_pct=52

parameters:
[boosting: gbdt]
[objective: binary]
[metric: binary_logloss]
[tree_learner: serial]
[device_type: cpu]
[data_sample_strategy: bagging]
[data: ]
[valid: ]
[num_iterations: 150]
[learning_rate: 0.03]
[num_leaves: 20]
[num_threads: 0]
[seed: 42]
[deterministic: 0]
[force_col_wise: 0]
[force_row_wise: 0]
[histogram_pool_size: -1]
[max_depth: 5]
[min_data_in_leaf: 40]
[min_sum_hessian_in_leaf: 0.001]
[bagging_fraction: 1]
[pos_bagging_fraction: 1]
[neg_bagging_fraction: 1]
[bagging_freq: 0]
[bagging_seed: 400]
[bagging_by_query: 0]
[feature_fraction: 0.85]
[feature_fraction_bynode: 1]
[feature_fraction_seed: 30056]
[extra_trees: 0]
[extra_seed: 12879]
[early_stopping_round: 0]
[early_stopping_min_delta: 0]
[first_metric_only: 0]
[max_delta_step: 0]
[lambda_l1: 0]
[lambda_l2: 0]
[linear_lambda: 0]
[min_gain_to_split: 0]
[drop_rate: 0.1]
[max_drop: 50]
[skip_drop: 0.5]
[xgboost_dart_mode: 0]
[uniform_drop: 0]
[drop_seed: 17869]
[top_rate: 0.2]
[other_rate: 0.1]
[min_data_per_group: 100]
[max_cat_threshold: 32]
[cat_l2: 10]
[cat_smooth: 10]
[max_cat_to_onehot: 4]
[top_k: 20]
[monotone_constraints: ]
[monotone_constraints_method: basic]
[monotone_penalty: 0]
[feature_contri: ]
[forcedsplits_filename: ]
[refit_decay_rate: 0.9]
[cegb_tradeoff: 1]
[cegb_penalty_split: 0]
[cegb_penalty_feature_lazy: ]
[cegb_penalty_feature_coupled: ]
[path_smooth: 0]
[interaction_constraints: ]
[verbosity: -1]
[saved_feature_importance_type: 0]
[use_quantized_grad: 0]
[num_grad_quant_bins: 4]
[quant_train_renew_leaf: 0]
[stochastic_rounding: 1]
[linear_tree: 0]
[max_bin: 255]
[max_bin_by_feature: ]
[min_data_in_bin: 3]
[bin_construct_sample_cnt: 200000]
[data_random_seed: 175]
[is_enable_sparse: 1]
[enable_bundle: 1]
[use_missing: 1]
[zero_as_missing: 0]
[feature_pre_filter: 1]
[pre_partition: 0]
[two_round: 0]
[header: 0]
[label_column: ]
[weight_column: ]
[group_column: ]
[ignore_column: ]
[categorical_feature: ]
[forcedbins_filename: ]
[precise_float_parser: 0]
[parser_config_file: ]
[objective_seed: 16083]
[num_class: 1]
[is_unbalance: 0]
[scale_pos_weight: 1]
[sigmoid: 1]
[boost_from_average: 1]
[reg_sqrt: 0]
[alpha: 0.9]
[fair_c: 1]
[poisson_max_delta_step: 0.7]
[tweedie_variance_power: 1.5]
[lambdarank_truncation_level: 30]
[lambdarank_norm: 1]
[label_gain: ]
[lambdarank_position_bias_regularization: 0]
[eval_at: ]
[multi_error_top_k: 1]
[auc_mu_weights: ]
[num_machines: 1]
[local_listen_port: 12400]
[time_out: 120]
[machine_list_filename: ]
[machines: ]
[gpu_platform_id: -1]
[gpu_device_id: -1]
[gpu_device_id_list: ]
[gpu_use_dp: 0]
[num_gpu: 1]

end of parameters

pandas_categorical:null
