tree
version=v4
num_class=1
num_tree_per_iteration=1
label_index=0
max_feature_idx=12
objective=binary sigmoid:1
feature_names=temperature_c relative_humidity_pct wind_speed_kmh vpd_kpa hcfm_pct pi_m0_pct slope_degrees elevation_m fuel_forest_fraction fuel_shrub_fraction fuel_grass_fraction fuel_total_fraction prior_fire_density_h3
feature_infos=[16.100000000000001:42] [8:67.400000000000006] [18:60] [0.59999999999999998:7.54] [1.98:17.800000000000001] [9.0999999999999996:100] [0.00046538873327861552:35.442691215236231] [10:1945.4076470039288] [0:0.75414491344463597] [0:0.76795903735250137] [0:0.66589545951475793] [0.17769691623708539:1] [1:140]
tree_sizes=2207 2277 2254 2261 2247 2275 2262 2255 2267 2277 2266 2278 2286 2282 2286 2286 2285 2278 2284 2285 2281 2284 2281 2284 2290 2288 2286 2284 2292 2273 2272 2287 2280 2292 2281 2287 2285 2294 2290 2281 2279 2291 2293 2269 2284 2283 2292 2280 2281 2286 2278 2280 2274 2267 2281 2288 2277 2282 2288 2275 2284 2286 2285 2280

Tree=0
num_leaves=20
num_cat=0
split_feature=12 12 7 11 1 12 7 7 7 6 10 2 1 10 3 2 10 11 3
split_gain=294.619 51.9805 22.1642 19.8524 21.5177 17.0918 16.1546 15.5838 14.1573 16.0303 13.0114 32.0404 11.4087 11.0753 8.99452 12.6357 5.74104 4.38468 9.68488
threshold=3.5000000000000004 1.5000000000000002 234.24638419128331 0.64185726464969284 22.250000000000004 7.5000000000000009 227.17305282777406 470.92784626242155 485.54505676350578 15.545752358600893 0.055102833753959517 19.550000000000004 21.750000000000004 0.36593107093920485 5.6850000000000014 22.150000000000002 0.23855307516442023 0.52337691807905251 4.3650000000000011
decision_type=2 2 2 2 2 2 2 2 2 2 2 2 2 2 2 2 2 2 2
left_child=1 2 3 4 -1 17 -5 14 9 -9 11 -4 -12 -10 16 -16 -3 18 -2
right_child=5 7 10 6 -6 -7 -8 8 13 -11 12 -13 -14 -15 15 -17 -18 -19 -20
leaf_value=-3.9138176930124011 -4.1103884629357728 -4.0879037055938205 -3.8528922497028182 -4.0460144096275341 -4.0558935960263227 -4.1059263198243787 -3.9587636266312436 -4.0476054033404756 -4.0717093393385158 -3.9347294770468024 -4.0562610139643454 -4.0487192017833422 -4.0739248383346025 -4.0322302793787967 -3.9485066524106434 -4.0868671742269926 -4.0757067896033563 -4.0930439832366519 -3.9744876837294911
leaf_weight=2.2892517969012256 1.0138115100562561 62.709147436544299 0.93205251730978389 54.991098521277308 1.6515316534787414 208.42002430930734 1.97856762446463 4.3005230184644452 51.966015789657831 1.5370690636336801 126.92266033962369 3.8917280547320843 44.42783665843308 7.2929021529853335 1.1119223013520234 1.2754402868449686 77.85091289319098 140.10220997035503 0.88299712166190136
leaf_count=140 62 3835 57 3363 101 12746 121 263 3178 94 7762 238 2717 446 68 78 4761 8568 54
internal_value=-4.07988 -4.06368 -4.05408 -4.03848 -3.97336 -4.10046 -4.04298 -4.07463 -4.06246 -4.01788 -4.05947 -4.01088 -4.06084 -4.06685 -4.08017 -4.02243 -4.08115 -4.09243 -4.04712
internal_weight=795.548 445.129 237.085 60.9104 3.94078 350.419 56.9697 208.044 65.0965 5.83759 176.174 4.82378 171.35 59.2589 142.947 2.38736 140.56 141.999 1.89681
internal_count=48652 27222 14499 3725 241 21430 3484 12723 3981 357 10774 295 10479 3624 8742 146 8596 8684 116
is_linear=0
shrinkage=1


Tree=1
num_leaves=20
num_cat=0
split_feature=12 12 9 10 2 1 7 12 6 6 7 9 11 10 8 11 11 8 7
split_gain=278.32 46.6471 24.952 20.5865 35.7173 18.8473 22.0358 17.0411 15.6055 14.5875 14.3265 34.9792 11.6314 6.28834 6.97191 6.29485 4.08075 6.46822 3.28994
threshold=3.5000000000000004 1.5000000000000002 0.30685671571034173 0.055102833753959517 20.350000000000005 22.350000000000005 234.24638419128331 7.5000000000000009 22.533128582130029 20.690387189622033 470.92784626242155 0.07955525322719742 0.79442141322415505 0.20896553379866328 0.36890494135806612 0.57438856176922126 0.52337691807905251 0.18316859775527597 441.73780301031547
decision_type=2 2 2 2 2 2 2 2 2 2 2 2 2 2 2 2 2 2 2
left_child=1 2 5 4 -4 6 -1 16 -7 -5 13 -12 -13 15 -15 -3 17 -2 -18
right_child=7 10 3 9 -6 8 -8 -9 -10 -11 11 12 -14 14 -16 -17 18 -19 -20
leaf_value=0.07054046474453618 -0.030520426726126888 0.029612907371002344 0.23677597673171355 0.015107513870346192 0.022322541661241001 0.011773428623979888 0.033522799445023843 -0.025918270637727392 0.11105378805752367 -0.026795553400175812 0.20203839660010103 -0.0074097326073638862 0.021509164895213262 -0.0027424827631382302 0.013708221099782916 -0.012216910952714682 -0.016633777052324689 0.079156284205750951 -0.0071485366603906411
leaf_weight=18.105100136250257 0.86786284670233627 3.4931914974004021 1.0098166223615401 103.88523261807859 2.2706085741519928 36.178341751918197 72.139346837997437 203.23549962416291 1.4833503067493428 8.0569622665643674 0.90300038829445739 16.879303866997361 48.43697702139616 55.102890610694885 40.029341703280807 44.293870372697711 84.373742021620274 1.0939941145479677 53.956572107970715
leaf_count=1052 52 215 53 6207 134 2173 4309 12746 89 482 54 1018 2909 3361 2439 2727 5226 64 3342
internal_value=-1.00093e-05 0.0154524 0.0243882 0.0142623 0.088338 0.03351 0.0409494 -0.0203668 0.0156837 0.0120916 0.00506425 0.0165995 0.0140358 -0.000280427 0.00417958 -0.00915919 -0.0123247 0.0306388 -0.012934
internal_weight=795.795 452.267 243.129 115.223 3.28043 127.906 90.2444 343.528 37.6617 111.942 209.139 66.2193 65.3163 142.919 95.1322 47.7871 140.292 1.96186 138.33
internal_count=48652 27222 14499 6876 187 7623 5361 21430 2262 6689 12723 3981 3927 8742 5800 2942 8684 116 8568
is_linear=0
shrinkage=0.03


Tree=2
num_leaves=20
num_cat=0
split_feature=12 12 9 10 2 12 1 7 6 7 9 3 6 3 2 10 7 4 6
split_gain=263.066 41.955 21.8612 17.2462 20.804 16.9823 16.3549 18.6115 13.5743 13.18 26.0479 11.6444 10.2162 7.9461 9.8782 5.17215 4.09008 9.72478 31.9289
threshold=3.5000000000000004 1.5000000000000002 0.30685671571034173 0.060818935001453238 20.350000000000005 7.5000000000000009 21.750000000000004 185.85966064416274 20.690387189622033 470.92784626242155 0.07955525322719742 5.455000000000001 22.533128582130029 5.6850000000000014 22.150000000000002 0.23855307516442023 17.292602364115449 5.5450000000000008 10.713069501172379
decision_type=2 2 2 2 2 2 2 2 2 2 2 2 2 2 2 2 2 2 2
left_child=1 2 6 4 -4 16 7 -1 -5 13 -11 -12 -8 15 -15 -3 17 18 -2
right_child=5 9 3 8 -6 -7 12 -9 -10 10 11 -13 -14 14 -16 -17 -18 -19 -20
leaf_value=0.071458971994094109 0.19752380751330978 -0.0077104126567485399 0.17159325913746587 0.014305733169028691 0.026261183238553667 -0.025789366370427291 0.012641004641389628 0.032959821734442799 -0.026668211730529277 0.16083017127482482 0.0082178730556575139 0.043819867419280602 0.085557642740663339 0.11169255489899431 -0.0068206652332198272 0.0038890028714976383 -0.013425111385180488 -0.01138275097358475 -0.030492389216559015
leaf_weight=13.230939371511338 0.92098822258412694 61.869463115930557 1.3343820963054889 105.05558945424855 2.6409333478659391 198.20001079328358 39.614443438127637 77.480145348235965 7.8183940667659035 1.0967995580285776 56.527719534933567 9.6848019510507566 1.808270415291189 1.2651768848299974 1.2667262423783539 78.486983763054013 130.05235964618623 6.2794217150658369 1.3821921441704033
leaf_count=719 58 3835 57 6186 153 12746 2345 4461 480 54 3352 575 98 68 78 4761 8144 395 87
internal_value=-1.95187e-05 0.0147515 0.0230835 0.0136305 0.0750444 -0.0201556 0.031443 0.0385752 0.0114676 0.00488203 0.0158273 0.0134253 0.0158241 -0.000273865 0.0523997 -0.00122405 -0.0121014 0.00795722 0.060686
internal_weight=796.016 459.181 248.983 116.849 3.97532 336.835 132.134 90.7111 112.874 210.198 67.3093 66.2125 41.4227 142.888 2.5319 140.356 138.635 8.5826 2.30318
internal_count=48652 27222 14499 6876 210 21430 7623 5180 6666 12723 3981 3927 2443 8742 146 8596 8684 540 145
is_linear=0
shrinkage=0.03


Tree=3
num_leaves=20
num_cat=0
split_feature=12 12 12 7 11 8 1 7 7 8 10 5 3 3 8 0 7 7 4
split_gain=248.812 37.8304 16.9113 16.7566 14.6079 15.3408 14.1358 12.1413 12.2983 18.6784 10.2223 12.3295 10.0836 7.08387 8.69604 7.0106 5.32929 3.89197 8.55243
threshold=3.5000000000000004 1.5000000000000002 7.5000000000000009 243.26608754269316 0.64185726464969284 0.57736974159859378 22.250000000000004 470.92784626242155 622.21847016236745 0.51776888828845968 0.49116218793350852 69.500000000000014 4.4050000000000011 5.6850000000000014 0.29554657081960128 23.150000000000002 673.46467118223507 17.292602364115449 5.5450000000000008
decision_type=2 2 2 2 2 2 2 2 2 2 2 2 2 2 2 2 2 2 2
left_child=1 3 17 4 6 -6 -1 13 9 -9 12 -12 -5 15 -15 -3 -10 18 -2
right_child=2 7 -4 10 5 -7 -8 8 16 -11 11 -13 -14 14 -16 -17 -18 -19 -20
leaf_value=0.1227571204577146 0.054963922249031155 0.052252000026281137 -0.025658395433555782 0.0085124784333318517 0.028977923766540379 0.16338118087728651 0.018131110452319084 0.019226517839032016 -0.026300246213505782 0.11681080177044179 0.18912314730843405 0.011153184761331227 0.022712004800267992 0.13790615436215597 0.015464243420552257 -0.0020313861225576047 0.0069336383718962688 -0.013195289766606947 -0.011165478574379948
leaf_weight=3.1283353567123404 2.4562301356345397 2.1749765723943701 193.30939122289419 79.898000746034086 64.499333946965635 0.7734776996076097 1.8491968959569929 48.229512933641672 7.0889898687601116 1.8323875684291113 0.68289022147655376 0.71943972073495388 103.08048414438963 0.71229487843811456 1.9544644225388763 138.01727463118732 11.209123695269225 128.37364483997226 6.2106212042272091
leaf_count=145 145 133 12746 4637 3612 44 107 2808 415 106 40 41 5873 40 106 8463 652 8144 395
internal_value=-2.82407e-05 0.0140942 -0.0199433 0.0218805 0.0343483 0.0305706 0.0838876 0.00470763 0.0151054 0.0227983 0.0171301 0.0978189 0.0165117 -0.000267854 0.0481686 -0.00118922 -0.00594171 -0.0118817 0.00757593
internal_weight=796.2 465.85 330.35 254.631 70.2503 65.2728 4.97753 211.219 68.36 50.0619 184.381 1.40233 182.978 142.859 2.66676 140.192 18.2981 137.04 8.66685
internal_count=48652 27222 21430 14499 3908 3656 252 12723 3981 2914 10591 81 10510 8742 146 8596 1067 8684 540
is_linear=0
shrinkage=0.03


Tree=4
num_leaves=20
num_cat=0
split_feature=12 12 9 12 10 2 4 7 6 7 9 7 2 3 2 0 7 4 6
split_gain=235.44 34.188 18.635 16.8364 14.3126 20.2092 13.4272 14.4718 12.3825 11.1998 20.0752 12.5968 8.489 6.33153 7.78663 6.15311 3.72099 7.64932 22.7638
threshold=3.5000000000000004 1.5000000000000002 0.30685671571034173 7.5000000000000009 0.066417621941831984 20.350000000000005 5.6550000000000011 185.85966064416274 20.690387189622033 472.70143769989221 0.07955525322719742 485.54505676350578 20.150000000000002 5.6850000000000014 23.850000000000005 23.150000000000002 17.292602364115449 5.5450000000000008 10.713069501172379
decision_type=2 2 2 2 2 2 2 2 2 2 2 2 2 2 2 2 2 2 2
left_child=1 2 6 16 5 -4 7 -1 -6 13 -11 -12 -8 15 -15 -3 17 18 -2
right_child=3 9 4 -5 8 -7 12 -9 -10 10 11 -13 -14 14 -16 -17 -18 -19 -20
leaf_value=0.062056536355639617 0.14815043317746676 0.047478692733209024 0.14628361779340485 -0.025525319132902787 0.012664008829344589 0.017541626004875341 0.03421540184789134 0.029581632871337579 -0.026624926114060164 0.13157346204884882 0.055420617710940152 0.0083595311066441812 0.0055127386885420243 0.077881619813095493 -0.030526327754737251 -0.0019188991228353556 -0.012966544274795997 -0.010950056862542601 -0.030504592313656785
leaf_weight=14.5623582303524 1.1746022608131155 2.3072745986282817 1.6932591069489706 188.55960489623249 108.30612294189632 3.1182318814098835 13.433056743815539 81.293858585879207 7.7351951468735924 1.2936627380549897 5.5820001754909745 61.702561818063259 29.950661864131689 1.9349996745586389 0.86192602477967728 138.52690284140408 126.74408552888781 6.1438425919041038 1.415301091969013
leaf_count=708 58 134 62 12746 6164 173 762 4444 477 54 306 3577 1709 95 51 8506 8144 395 87
internal_value=-3.53606e-05 0.013476 0.0207667 -0.0197289 0.0121473 0.0628485 0.0282478 0.0345152 0.010045 0.00454028 0.0145144 0.0122638 0.0144 -0.00022198 0.0444736 -0.00110962 -0.0116614 0.00727858 0.0505211
internal_weight=796.34 472.302 260.093 324.037 120.853 4.81149 139.24 95.8562 116.041 212.209 68.5782 67.2846 43.3837 143.631 2.79693 140.834 135.478 8.73375 2.5899
internal_count=48652 27222 14499 21430 6876 235 7623 5152 6641 12723 3937 3883 2471 8786 146 8640 8684 540 145
is_linear=0
shrinkage=0.03


Tree=5
num_leaves=20
num_cat=0
split_feature=12 12 12 9 10 3 1 7 0 8 10 7 10 9 8 0 11 0 7
split_gain=222.892 30.9531 16.7502 16.5097 12.3388 14.1412 11.8124 11.4199 10.6723 10.9299 9.93727 7.95097 7.65892 11.8621 7.5167 4.65195 3.94091 9.84382 3.41421
threshold=3.5000000000000004 1.5000000000000002 7.5000000000000009 0.30685671571034173 0.066417621941831984 5.1750000000000007 22.350000000000005 234.24638419128331 35.250000000000007 0.56609798082264196 0.33507037042809368 196.46582927984278 0.23855307516442023 0.54305226578953814 0.44018760349761649 22.950000000000003 0.52337691807905251 34.150000000000013 441.73780301031547
decision_type=2 2 2 2 2 2 2 2 2 2 2 2 2 2 2 2 2 2 2
left_child=1 3 16 6 5 -5 7 -1 12 10 -10 -6 15 -14 -8 -3 17 -2 -18
right_child=2 8 -4 4 11 -7 14 -9 9 -11 -12 -13 13 -15 -16 -17 18 -19 -20
leaf_value=0.050967867538687116 -0.030498326835728645 0.055566482907435641 -0.025390104383846489 0.033768321576313716 0.024654817590945038 0.16322927038972751 0.0062119552667073774 0.026758522544972841 0.0073694523845862182 0.11069079906772826 0.038840120555401911 0.0055775032504350357 0.0051280139717782497 0.12223663364893558 0.038303356254807651 -0.0082184661675822109 -0.015933597320445133 0.10469466188197125 -0.0060450629165156198
leaf_weight=22.415163869038224 1.0685496013611544 1.0450412854552258 183.94669889099896 4.186042819172143 24.992877345532179 0.92764365673065174 31.824945753440261 80.569606749340892 45.907416813075542 1.0620424114167679 11.241450194269417 92.182019826956093 85.828128062188625 0.78556581027805705 8.2774128634482604 67.29247359931469 80.442755310796201 0.88718007691204537 51.57017452083528
leaf_count=1052 67 59 12746 195 1389 40 1799 4309 2699 61 646 5252 5097 47 463 4114 5226 49 3342
internal_value=-4.23237e-05 0.0128933 -0.0195134 0.0197314 0.0116373 0.0572531 0.026649 0.0320278 0.0043801 0.015332 0.0135599 0.00964661 0.000265768 0.00619016 0.0128358 -0.00724304 -0.0114444 0.0308294 -0.0120707
internal_weight=796.453 478.538 317.915 265.376 122.289 5.11369 143.087 102.985 213.162 58.2109 57.1489 117.175 154.951 86.6137 40.1024 68.3375 133.969 1.95573 132.013
internal_count=48652 27222 21430 14499 6876 235 7623 5361 12723 3406 3345 6641 9317 5144 2262 4173 8684 116 8568
is_linear=0
shrinkage=0.03


Tree=6
num_leaves=20
num_cat=0
split_feature=12 12 12 9 1 1 7 9 0 6 6 8 3 2 0 11 11 0 7
split_gain=211.098 28.0784 16.6586 14.6728 10.3878 11.5203 10.1966 16.0285 11.7811 9.01539 8.36518 8.36284 5.51429 6.62325 5.41684 4.37445 3.66646 8.36217 3.32201
threshold=3.5000000000000004 1.5000000000000002 7.5000000000000009 0.30685671571034173 21.750000000000004 18.750000000000004 470.92784626242155 0.07955525322719742 36.750000000000007 20.690387189622033 16.502942753475583 0.16542999768252437 5.6850000000000014 22.150000000000002 23.150000000000002 0.7525686439458652 0.52337691807905251 34.150000000000013 441.73780301031547
decision_type=2 2 2 2 2 2 2 2 2 2 2 2 2 2 2 2 2 2 2
left_child=1 3 16 4 5 -1 12 -8 -9 11 -6 -5 14 -14 -3 -11 17 -2 -18
right_child=2 6 -4 9 10 -7 7 8 -10 15 -12 -13 13 -15 -16 -17 18 -19 -20
leaf_value=0.02482175465225462 -0.030483361870463965 0.043028941805322123 -0.025252722389865815 -0.030562341158244959 0.0058041603418616484 0.048473172312919525 0.11135086389351367 0.0060612960896305771 0.039808413313329266 0.04982584421675286 0.036741757123759704 0.014786337103524014 0.081384681581856078 -0.0085393397828134373 -0.0020132115041511822 -0.026428841093903806 -0.01569976607999728 0.09168520735205811 -0.0058986856023512607
leaf_weight=78.464113716036081 1.0374706052243703 2.44558560848236 179.46683899126947 3.7837647069245568 33.825798874720931 24.267617218196392 1.4765756484121073 58.182967258617282 11.083675414323805 0.74561359081417133 10.249166233465074 111.7827772218734 1.6052705179899924 1.3631248623132703 137.9297149349004 7.3649560827761889 79.21044481638819 0.98108979314565647 51.269057638943195
leaf_count=3990 67 133 12746 210 1889 1190 54 3315 612 40 554 6168 68 78 8463 458 5226 49 3342
internal_value=-4.80555e-05 0.0123438 -0.0192961 0.0187685 0.0251817 0.0304088 0.0042266 0.0135463 0.0114613 0.0111558 0.0129984 0.0133016 -0.000372855 0.0400904 -0.0012285 -0.0194187 -0.0112279 0.0288948 -0.0118486
internal_weight=796.536 484.571 311.965 270.484 146.807 102.732 214.087 70.7432 69.2666 123.677 44.075 115.567 143.344 2.9684 140.375 8.11057 132.498 2.01856 130.48
internal_count=48652 27222 21430 14499 7623 5180 12723 3981 3927 6876 2443 6378 8742 146 8596 498 8684 116 8568
is_linear=0
shrinkage=0.03


Tree=7
num_leaves=20
num_cat=0
split_feature=12 12 12 9 7 9 0 7 7 7 6 7 3 7 0 11 7 4 6
split_gain=200.005 25.5159 16.559 13.0756 9.42444 13.2016 10.4722 9.41059 15.9063 11.7286 8.44782 8.04833 4.98526 6.19761 4.89963 4.32942 3.71837 7.04383 18.7549
threshold=3.5000000000000004 1.5000000000000002 7.5000000000000009 0.30685671571034173 470.92784626242155 0.07955525322719742 36.750000000000007 234.24638419128331 227.17305282777406 261.35715433997717 20.690387189622033 200.41636668963096 5.6850000000000014 363.19895700290579 23.150000000000002 0.74702942426718721 17.292602364115449 5.5450000000000008 10.713069501172379
decision_type=2 2 2 2 2 2 2 2 2 2 2 2 2 2 2 2 2 2 2
left_child=1 3 16 7 12 -6 -7 8 -1 -9 11 -5 14 -14 -3 -12 17 18 -2
right_child=2 4 -4 10 5 6 -8 9 -10 -11 15 -13 13 -15 -16 -17 -18 -19 -20
leaf_value=0.032506254427371963 0.12929729978640703 0.040020154069207052 -0.025113140203492704 0.027525388645860242 0.097107990267331315 0.0058446714897363392 0.037140649523528177 -0.020893951048848645 0.13320012523606239 0.021646606558248637 0.049469696094262321 0.0085509559508281877 0.1041327985207159 0.010288318697773365 -0.0019566788438762231 -0.02632978698422439 -0.012347523224832634 -0.010118777485950838 -0.030474189405088472
leaf_weight=39.411831928417087 1.3124281205236896 2.5489103216677895 175.11628594622016 25.809967825189233 1.6395930852740992 58.523951768875122 11.516491217538713 6.181745156645774 1.4643671121448267 103.34957962855697 0.74855665862560172 91.248975770547986 0.89004196599125807 2.196140905842185 137.66149682365358 7.2124939188361168 122.52551515307277 5.898692443035543 1.332688746973872
leaf_count=1870 58 133 12746 1365 54 3315 612 323 67 5363 38 5013 42 104 8463 460 8144 395 87
internal_value=-5.30668e-05 0.0118248 -0.0190774 0.0178705 0.00407917 0.0129604 0.0109906 0.0238299 0.0361136 0.0192457 0.0107009 0.0127346 -0.000363403 0.0373527 -0.00119357 -0.0192026 -0.0110132 0.00812205 0.0487997
internal_weight=796.59 490.404 306.186 275.428 214.977 71.68 70.0404 150.408 40.8762 109.531 125.02 117.059 143.297 3.08618 140.21 7.96105 131.069 8.54381 2.64512
internal_count=48652 27222 21430 14499 12723 3981 3927 7623 1937 5686 6876 6378 8742 146 8596 498 8684 540 145
is_linear=0
shrinkage=0.03


Tree=8
num_leaves=20
num_cat=0
split_feature=12 12 12 9 10 2 6 1 6 6 0 8 10 10 9 2 11 0 4
split_gain=189.561 23.2211 16.4491 11.682 10.3205 18.7864 10.4392 9.10771 11.0903 9.45966 8.80415 8.79321 8.67061 7.18337 9.80746 3.76762 3.4536 7.30897 3.27105
threshold=3.5000000000000004 1.5000000000000002 7.5000000000000009 0.30685671571034173 0.066417621941831984 19.250000000000004 20.690387189622033 22.350000000000005 10.476111835984199 22.533128582130029 35.250000000000007 0.56609798082264196 0.33507037042809368 0.23855307516442023 0.54305226578953814 33.750000000000007 0.52337691807905251 34.150000000000013 3.9350000000000005
decision_type=2 2 2 2 2 2 2 2 2 2 2 2 2 2 2 2 2 2 2
left_child=1 3 16 7 5 -5 -6 8 -1 -9 13 12 -12 15 -15 -3 17 -2 -4
right_child=2 10 18 4 6 -7 -8 9 -10 -11 11 -13 -14 14 -16 -17 -18 -19 -20
leaf_value=0.015515220430818112 -0.030466192932024436 -0.009120853272335248 -0.017787645630994307 0.14821581134956061 0.010667087794567707 0.019164359142935451 -0.026360727510429033 0.0075267228396273542 0.034797631888602257 0.074412892110913745 0.006261808130886593 0.09390382739747602 0.034902463863339998 0.0048371760909005114 0.10533538689229337 0.018086996226643871 -0.011423047229498575 0.082681863448693715 -0.027369401040706724
leaf_weight=44.829661291092634 0.99844489712268059 63.117164377123117 42.769777923822403 1.3376682400703419 113.47810536250472 4.211572265252471 7.2929721577092996 40.153014726936817 66.915930988267064 1.9977085720747698 47.262005290016532 1.2045292332768429 11.910640085116027 86.519236084073782 0.88285907916724582 4.939024379476904 127.62944761104882 1.0585606172680853 128.1216294169426
leaf_count=2148 67 3869 3190 37 6164 198 477 2173 3213 89 2699 61 646 5097 47 304 8568 49 9556
internal_value=-5.79124e-05 0.0113336 -0.0188577 0.0170302 0.0102692 0.0502728 0.0084311 0.0225797 0.027062 0.0106968 0.00393782 0.0136602 0.0120268 0.000161811 0.00585232 -0.0071463 -0.0108015 0.0277612 -0.0249713
internal_weight=796.63 496.052 300.578 280.217 126.32 5.54924 120.771 153.896 111.746 42.1507 215.835 60.3772 59.1726 155.458 87.4021 68.0562 129.686 2.05701 170.891
internal_count=48652 27222 21430 14499 6876 235 6641 7623 5361 2262 12723 3406 3345 9317 5144 4173 8684 116 12746
is_linear=0
shrinkage=0.03


Tree=9
num_leaves=20
num_cat=0
split_feature=12 12 12 7 8 10 7 7 8 0 8 4 10 8 2 10 7 4 6
split_gain=179.704 21.1639 16.3345 10.8979 9.79603 8.69017 8.6002 10.8421 13.8267 8.20875 7.65989 7.45198 5.13085 6.24924 5.09717 4.42712 3.58075 6.36887 15.4757
threshold=3.5000000000000004 1.5000000000000002 7.5000000000000009 243.26608754269316 0.57736974159859378 0.39569403774985662 470.92784626242155 622.21847016236745 0.51776888828845968 36.350000000000001 0.31482720111878076 5.1150000000000011 0.20896553379866328 0.36890494135806612 25.050000000000004 0.11863038976070193 17.292602364115449 5.5450000000000008 10.713069501172379
decision_type=2 2 2 2 2 2 2 2 2 2 2 2 2 2 2 2 2 2 2
left_child=1 3 16 4 10 11 12 8 -8 -7 -1 -5 15 -14 -9 -3 17 18 -2
right_child=2 6 -4 5 -6 9 7 14 -10 -11 -12 -13 13 -15 -16 -17 -18 -19 -20
leaf_value=0.036371151132449854 0.11228416259769214 0.0061629072009424489 -0.024827326141562037 0.014959033728048356 0.11866481269860801 0.023381210543175379 0.015976511616729701 -0.017222398219911499 0.093070865349985502 0.078602915254984737 0.017202591082093623 0.0022675615852620922 -0.0030782671627106557 0.012317016932274038 0.016552715774987681 -0.01440425057105691 -0.011927075353652233 -0.0096844161586093769 -0.030454733654844312
leaf_weight=29.978255075402558 1.4676650650799259 13.094085719436405 166.78998419456184 126.37323277257383 1.0040714442729939 12.225322751328347 51.549566265195608 13.484140433371069 2.1823392156511536 3.0214680582284918 50.14832070749253 62.098541556857526 55.759882120415568 41.310247324407101 5.7303966637700787 33.562227541580796 119.81282140128314 5.7780291261151433 1.2796397740021346
leaf_count=1428 58 824 12746 6445 44 636 2808 748 106 154 2436 3356 3361 2439 319 2118 8144 395 87
internal_value=-6.22606e-05 0.0108679 -0.0186363 0.0162428 0.0255412 0.0125397 0.00380183 0.0121914 0.0191077 0.0343245 0.0243742 0.0107774 -0.000456185 0.00347352 -0.00714957 -0.00863208 -0.0105904 0.00819529 0.0457992
internal_weight=796.65 501.522 295.128 284.849 81.1306 203.719 216.673 72.9464 53.7319 15.2468 80.1266 188.472 143.726 97.0701 19.2145 46.6563 128.338 8.52533 2.7473
internal_count=48652 27222 21430 14499 3908 10591 12723 3981 2914 790 3864 9801 8742 5800 1067 2942 8684 540 145
is_linear=0
shrinkage=0.03


Tree=10
num_leaves=20
num_cat=0
split_feature=12 12 12 9 10 2 6 0 10 6 9 6 4 2 2 0 7 6 4
split_gain=170.415 19.3212 16.2094 10.2884 9.32054 13.5836 8.88862 8.16169 19.3767 11.4019 10.8088 7.78755 7.83708 6.64803 14.8698 7.52067 3.40548 5.80761 10.7804
threshold=3.5000000000000004 1.5000000000000002 7.5000000000000009 0.30685671571034173 0.1065382853757624 18.950000000000003 20.690387189622033 34.250000000000007 0.32987895573731824 10.051680222690617 0.07955525322719742 0.89843295201949414 5.6550000000000011 26.650000000000002 26.850000000000005 23.350000000000005 17.292602364115449 11.555232545062212 5.5450000000000008
decision_type=2 2 2 2 2 2 2 2 2 2 2 2 2 2 2 2 2 2 2
left_child=1 3 16 11 5 -5 -6 13 10 -10 -9 -1 -13 15 -15 -3 17 18 -2
right_child=2 7 -4 4 6 -7 -8 8 9 -11 -12 12 -14 14 -16 -17 -18 -19 -20
leaf_value=-0.030653275959859463 0.090382422638391677 0.042494041905660924 -0.024680990001815815 0.10023220007794992 0.0087291317109543815 0.018917032588265718 -0.026172039458584838 0.091389905925800693 0.066781341759118859 0.019890277743520136 0.0016109418859754769 0.025812413320972439 0.011152557557242067 0.1282198965102451 0.0072070736476885396 -0.0068072391958459476 -0.011706007148433947 -0.016605313768216071 -0.0067478579533326345
leaf_weight=2.6242813784629098 1.7319365842267851 2.8725488903000942 162.80588855221868 2.285485887899994 110.63172816298902 9.6790450252592546 6.9819223005324593 1.2272499650716771 7.0865938533097532 13.669037908315657 72.773629519157112 110.43665838800371 46.697704276069999 0.94489842280745762 27.828859307803214 91.083593501709402 118.43433091510087 4.3346597403287888 2.5317309126257896
leaf_count=127 65 149 12746 86 5855 473 462 53 385 738 4215 5067 2429 56 1660 5467 8144 300 175
internal_value=-6.6135e-05 0.0104266 -0.0184141 0.015505 0.00922351 0.03445 0.00665729 0.0036705 0.0102845 0.0359003 0.00309986 0.0205998 0.0214557 -0.00143602 0.011181 -0.00529994 -0.0103825 0.0078474 0.0327073
internal_weight=796.662 506.823 289.839 289.337 129.578 11.9645 117.614 217.486 94.7565 20.7556 74.0009 159.759 157.134 122.73 28.7738 93.9561 127.033 8.59833 4.26367
internal_count=48652 27222 21430 14499 6876 559 6317 12723 5391 1123 4268 7623 7496 7332 1716 5616 8684 540 240
is_linear=0
shrinkage=0.03


Tree=11
num_leaves=20
num_cat=0
split_feature=12 12 12 7 11 7 8 7 7 6 12 7 10 10 3 11 8 4 4
split_gain=161.633 17.6687 16.0772 9.72932 8.2462 10.2824 8.2902 7.84711 10.6214 9.91139 9.80475 7.74679 8.55294 4.89906 6.28226 5.84346 4.15955 3.46114 5.09362
threshold=3.5000000000000004 1.5000000000000002 7.5000000000000009 243.26608754269316 0.64185726464969284 155.47076043946967 0.57736974159859378 472.70143769989221 485.54505676350578 12.511857760207333 2.5000000000000004 261.35715433997717 0.39569403774985662 0.20896553379866328 3.6750000000000003 0.57438856176922126 0.22307507824364456 3.9350000000000005 3.8950000000000005
decision_type=2 2 2 2 2 2 2 2 2 2 2 2 2 2 2 2 2 2 2
left_child=1 3 -2 4 5 -1 -6 13 10 -10 -9 16 -13 15 -15 -3 -5 18 -4
right_child=2 7 17 11 6 -7 -8 8 9 -11 -12 12 -14 14 -16 -17 -18 -19 -20
leaf_value=0.023882378496557242 -0.010176405183837686 0.028362967777172926 -0.018800206735683805 0.047561747381946899 0.019492044560880981 0.099870371737526928 0.10109981485066231 0.078854740495151024 0.018976187717994433 -0.0041501003145073996 0.0036173040277494928 0.010690980991273576 0.034014193756804027 -0.0079940109510507253 0.0083745744549102285 -0.011602501016810651 -0.026141467928932037 -0.027102178298754505 0.043502901564464978
leaf_weight=3.8342302907258263 125.76259534526616 3.5664219856262198 38.839054249227047 0.76776971109211345 76.543027672916651 2.7537085339426994 1.1369670927524556 3.8346388190984717 35.10972255654633 31.772083373740315 2.6266844142228365 186.59738732036203 15.312003079801796 30.627063075080514 67.858040027320385 42.889799198135734 6.7303851237520576 118.88003710657358 1.2180369421839703
leaf_count=146 8684 215 3093 41 3612 106 44 184 1907 1717 129 9442 755 1827 4007 2737 353 9556 97
internal_value=-7.00999e-05 0.0100068 -0.0181908 0.0148117 0.0234195 0.0556448 0.0206865 0.00354238 0.0115385 0.00799009 0.0482689 0.0113478 0.0124597 -0.000503828 0.00328424 -0.00853437 -0.0185947 -0.0245324 -0.0169057
internal_weight=796.66 511.96 284.7 293.675 84.2679 6.58794 77.68 218.284 73.3431 66.8818 6.46132 209.408 201.909 144.941 98.4851 46.4562 7.49815 158.937 40.0571
internal_count=48652 27222 21430 14499 3908 252 3656 12723 3937 3624 313 10591 10197 8786 5834 2952 394 12746 3190
is_linear=0
shrinkage=0.03


Tree=12
num_leaves=20
num_cat=0
split_feature=12 12 12 9 10 6 10 3 6 11 6 1 8 9 1 12 4 4 11
split_gain=153.336 16.1718 15.9421 9.04301 8.23942 8.34489 7.37615 12.4543 16.1901 8.25421 7.13024 7.04487 6.61995 5.98897 13.9326 3.97103 3.48436 4.75634 10.0924
threshold=3.5000000000000004 1.5000000000000002 7.5000000000000009 0.30685671571034173 0.1065382853757624 20.690387189622033 0.21869264667631524 5.5850000000000009 14.222383831438234 0.74336087310166266 0.89843295201949414 22.350000000000005 0.25792530596928126 0.1276880252762583 17.050000000000004 2.5000000000000004 3.9350000000000005 3.8950000000000005 0.84879537772577551
decision_type=2 2 2 2 2 2 2 2 2 2 2 2 2 2 2 2 2 2 2
left_child=1 3 -2 10 12 -6 13 9 -9 -8 -1 -12 -5 14 -3 -15 17 -4 -19
right_child=2 6 16 4 5 -7 7 8 -10 -11 11 -13 -14 15 -16 -17 -18 18 -20
leaf_value=-0.030642258740290168 -0.0099705950182677749 0.09984973987309001 -0.018578715697232406 0.078880742899689368 0.0078576620125257405 -0.02611799715127237 -0.019599010510946688 0.076815017377345932 -0.010921825549949837 0.0075979232052457712 0.023396660688483648 0.0093020151608121417 0.021439774124794076 -0.00040207623717542716 -0.016729753607172174 -0.014631757104875196 -0.027004083602684012 0.14134436381005624 -0.030403665464579722
leaf_weight=2.5801815725862971 124.52674626372755 1.6082780016586178 38.133758462034166 2.1878032814711323 113.09781250357628 6.9033273849636307 10.951506320387123 5.0233002584427577 3.0375116169452667 121.11119508184493 119.18843910470605 43.587711844593287 10.339985325932501 46.822613312862813 2.1641991464421153 28.329713543877006 115.77939297258854 0.52402347326278576 0.74673344939947128
leaf_count=127 8684 80 3093 95 5855 462 632 237 145 6932 5271 2225 464 2851 123 1723 9556 40 57
internal_value=-7.31837e-05 0.00960845 -0.0179658 0.0141586 0.00832004 0.00590314 0.00342064 0.00755223 0.0437536 0.00534257 0.0188381 0.0196224 0.031471 -0.00391461 0.0329703 -0.00576615 -0.0243816 -0.0166761 0.0404203
internal_weight=796.644 516.934 279.711 297.885 132.529 120.001 219.048 140.124 8.06081 132.063 165.356 162.776 12.5278 78.9248 3.77248 75.1523 155.184 39.4045 1.27076
internal_count=48652 27222 21430 14499 6876 6317 12723 7946 382 7564 7623 7496 559 4777 203 4574 12746 3190 97
is_linear=0
shrinkage=0.03


Tree=13
num_leaves=20
num_cat=0
split_feature=12 12 12 9 0 10 8 9 8 8 2 2 2 0 1 9 4 4 11
split_gain=145.496 15.8003 14.8244 8.39715 7.08415 16.5625 10.6685 8.75159 6.72263 9.56755 6.32166 6.19619 12.0242 7.00782 4.08059 10.7632 3.50541 4.43075 8.9643
threshold=3.5000000000000004 7.5000000000000009 1.5000000000000002 0.41867883575179676 34.250000000000007 0.32987895573731824 0.35594242769274581 0.066194025744749044 0.4494684093060462 0.40811319947239688 18.350000000000005 26.650000000000002 26.850000000000005 23.750000000000004 17.950000000000003 0.46089062681160664 3.9350000000000005 3.8950000000000005 0.84377638166249913
decision_type=2 2 2 2 2 2 2 2 2 2 2 2 2 2 2 2 2 2 2
left_child=2 -2 3 8 11 7 -7 -6 9 -1 -10 13 -13 -4 -5 -16 17 -3 -19
right_child=1 16 4 14 5 6 -8 -9 10 -11 -12 12 -14 -15 15 -17 -18 18 -20
leaf_value=0.015655111714844523 -0.0097669951704570102 -0.018355969781579117 0.035691200320403002 -0.011701587043006386 0.091853641988999202 0.012809819603379473 0.054763096544936829 0.001481273681601149 0.070792759878710879 -0.002361522147822637 0.023099635191823183 0.10913521378951303 0.0068293042679972039 -0.0068820280430952445 -0.011824956419649523 0.035862694020070349 -0.026904219469092119 0.12712631868635399 -0.030394499601585058
leaf_weight=193.60959185473621 123.32731515634805 37.449032901786268 3.6195669556036583 15.851752111688254 0.97713976912200351 11.742822758853437 10.188340242952107 73.980449580587447 2.6603037342429152 30.739235275425017 41.84333636239171 1.0734314080327774 28.105576157569885 90.106215329840779 9.5778228817507642 7.6714614583179346 112.76840460300446 0.57109761610627063 0.75500577222555876
leaf_count=9206 8684 3093 188 815 38 607 516 4230 123 1476 1988 56 1660 5428 496 395 9556 38 59
internal_value=-7.62169e-05 -0.0177401 0.00922962 0.013544 0.00330252 0.00936856 0.0322996 0.00265936 0.0152994 0.0131866 0.0259506 -0.00147949 0.0105929 -0.00523791 -0.000713836 0.00938369 -0.0242287 -0.0164476 0.0374432
internal_weight=796.618 274.871 521.747 301.954 219.794 96.8888 21.9312 74.9576 268.852 224.349 44.5036 122.905 29.179 93.7258 33.101 17.2493 151.544 38.7751 1.3261
internal_count=48652 21430 27222 14499 12723 5391 1123 4268 12793 10682 2111 7332 1716 5616 1706 891 12746 3190 97
is_linear=0
shrinkage=0.03


Tree=14
num_leaves=20
num_cat=0
split_feature=4 7 8 3 0 3 10 8 7 2 8 0 8 5 2 10 2 11 8
split_gain=15.5222 8.99303 15.7609 10.206 9.90255 8.07178 7.42085 16.1962 6.91572 5.40347 4.87815 4.82256 4.62843 15.6909 4.04347 8.73123 3.79208 2.10201 4.36537
threshold=6.2750000000000012 200.41636668963096 0.59154890407268446 4.3950000000000005 37.550000000000004 2.9550000000000005 0.066417621941831984 0.36890494135806612 178.53622889363695 19.650000000000002 0.22742513348092805 32.350000000000001 0.23156577362932657 44.300000000000004 18.250000000000004 0.35882012874387276 36.850000000000001 0.76101619724949876 0.16542999768252437
decision_type=2 2 2 2 2 2 2 2 2 2 2 2 2 2 2 2 2 2 2
left_child=1 2 4 5 8 -3 7 -5 -1 -8 17 -7 13 -12 15 -14 -16 -2 -19
right_child=10 3 -4 6 -6 11 9 -9 -10 -11 12 -13 14 -15 16 -17 -18 18 -20
leaf_value=0.0055111277806771976 -0.028157272235817949 0.094523105627566176 0.13487984579188428 0.057157718368000786 0.11154592818781811 0.00088940918968649424 -0.0041545123629313655 -0.013255351915007332 0.028762117817387429 0.005037830971078956 -0.030509891123602785 -0.010198552069303082 0.0012564402387498464 0.16346999359347561 -0.0077806027357521755 0.086955335150973118 0.013017359263647509 0.030053322594691692 -0.019551587093721116
leaf_weight=93.054294005036354 12.841657696291806 0.71975907776504655 0.9056515796110024 6.8292896226048452 0.84415420982986589 55.388924960047007 76.115698350593448 5.1624724455177784 13.138850815594195 235.98200904671103 0.95410842262208351 97.354679719544947 6.6045961473137131 0.6186392130330205 170.32499161176383 1.2768059046939013 8.2732788398861867 1.9816310247406352 8.2189820809289795
leaf_count=5368 849 46 45 365 48 3488 4502 278 737 14012 61 6010 419 40 11103 80 541 128 532
internal_value=-7.89815e-05 0.00243555 0.0102559 0.000667885 0.00920144 -0.00570546 0.0036858 0.0268448 0.00838788 0.00279596 -0.00705332 -0.00617776 -0.00545695 0.045792 -0.00588918 0.0151399 -0.00681717 -0.0200816 -0.00991505
internal_weight=796.59 585.496 107.943 477.553 107.037 153.463 324.089 11.9918 106.193 312.098 211.095 152.744 188.052 1.57275 186.48 7.8814 178.598 23.0423 10.2006
internal_count=48652 34899 6198 28701 6153 9544 19157 643 6105 18514 13753 9498 12244 101 12143 499 11644 1509 660
is_linear=0
shrinkage=0.03


Tree=15
num_leaves=20
num_cat=0
split_feature=4 7 8 0 9 7 0 0 8 2 8 9 10 8 9 7 0 11 8
split_gain=14.6753 8.34503 12.7385 12.359 9.73295 8.95763 6.65102 4.85322 4.74002 4.67813 4.37135 4.21373 7.72731 4.24752 13.17 3.95879 3.66135 2.09338 4.10536
threshold=6.2750000000000012 200.41636668963096 0.59154890407268446 37.650000000000013 0.22049881837083479 448.47588058953778 28.550000000000004 33.95000000000001 0.22742513348092805 19.450000000000003 0.19042167758432818 0.54305226578953814 0.23170452137316572 0.23156577362932657 0.28509781520534078 673.46467118223507 32.250000000000007 0.76101619724949876 0.16542999768252437
decision_type=2 2 2 2 2 2 2 2 2 2 2 2 2 2 2 2 2 2 2
left_child=1 2 3 4 -1 7 -7 16 17 -9 -8 13 -13 14 -10 -15 -3 -2 -19
right_child=8 5 -4 -5 -6 6 10 9 11 -11 -12 12 -14 15 -16 -17 -18 18 -20
leaf_value=0.024645903919777685 -0.028079038370196312 -0.00020263713882761694 0.11488670914693438 0.13073021265910298 0.0030919953051152752 0.096485416719274422 -0.012366852051869735 -0.010433327799692084 0.14093529610791763 0.0026495878571325452 0.0053931234645631723 -0.030488777517586593 0.10048737051467399 -0.0068867456091661929 -0.030539445740880612 0.0211764071514405 -0.013210115016369707 0.02830424495779104 -0.019332791264536131
leaf_weight=24.411856954917312 12.496331130154433 28.693818873725832 1.0292272930964816 0.7435507420450439 82.83909023180604 0.70834694243967433 13.192979348823426 31.308374579064548 0.69982556998729595 114.77297359332442 228.57554999366403 0.72742900811135658 0.91576897725462914 179.14263757877052 0.95079236663877964 4.6413120841607443 60.625215508975089 2.0400384617969385 8.0649824095889908
leaf_count=1323 849 1819 45 39 4791 42 785 1896 43 6960 13413 49 55 11757 58 282 3786 128 532
internal_value=-7.92285e-05 0.00235463 0.00984409 0.008843 0.00799797 0.000645973 0.00469292 -0.00352264 -0.00689171 -0.000154362 0.00442399 -0.00532391 0.0425054 -0.00574774 0.0421621 -0.00617803 -0.00903145 -0.0198688 -0.00971565
internal_weight=796.58 586.901 109.024 107.994 107.251 477.877 242.477 235.4 209.679 146.081 241.769 187.078 1.6432 185.435 1.65062 183.784 89.319 22.6014 10.105
internal_count=48652 34899 6198 6153 6114 28701 14240 14461 13753 8856 14198 12244 104 12140 101 12039 5605 1509 660
is_linear=0
shrinkage=0.03


Tree=16
num_leaves=20
num_cat=0
split_feature=12 12 12 10 3 6 11 3 1 10 3 12 11 4 4 11 10 11 0
split_gain=137.454 15.6264 13.5016 6.67623 10.4853 13.421 7.66921 5.11945 8.50553 20.8761 6.90507 3.61874 4.29681 3.47797 4.15062 8.14139 3.95173 3.33495 6.47966
threshold=3.5000000000000004 7.5000000000000009 1.5000000000000002 0.21869264667631524 5.5850000000000009 14.222383831438234 0.74336087310166266 1.6650000000000003 40.550000000000004 0.14106197315617708 2.8650000000000007 2.5000000000000004 0.6379634831952341 3.9350000000000005 3.8950000000000005 0.83865379535831408 0.11403351712684807 0.52337691807905251 34.150000000000013
decision_type=2 2 2 2 2 2 2 2 2 2 2 2 2 2 2 2 2 2 2
left_child=2 17 7 11 6 -6 -5 -1 10 -10 -9 12 -4 14 16 -16 -3 18 -2
right_child=1 13 3 4 5 -7 -8 8 9 -11 -12 -13 -14 -15 15 -17 -18 -19 -20
leaf_value=-0.022398557089123819 -0.03043312476051387 0.011915921560950265 0.022242434427817686 -0.019344825233772699 0.067196713056474039 -0.011108518433536066 0.0071243296712666859 -0.0031339861634283846 0.19134793461824465 0.025361910727012663 0.014003237559148958 -0.012156734830670814 -0.002578715669270819 -0.026784867069721413 0.11631441011247481 -0.030388653223121991 -0.021386861757322718 -0.010197084890455926 0.077328856514671584
leaf_weight=3.650716181844472 0.91665246896445696 3.5472874771803609 7.3836601031944147 10.712533040903507 5.5128339268267137 3.0652157980948687 122.60499596223235 22.927815264090896 0.81090800184756417 4.2879779525101185 274.55065445229411 29.411468389444053 41.875656690448523 109.34482181072235 0.61289789155125507 0.76591189578175545 33.406882081180811 120.05859620496631 1.1106516290456054
leaf_count=187 67 295 426 632 237 145 6932 1190 41 222 12859 1803 2548 9556 36 61 2798 8568 49
internal_value=-7.90949e-05 -0.0174939 0.00883879 0.00317972 0.00706605 0.0392157 0.00499744 0.0129148 0.0133409 0.0517597 0.0126824 -0.00382991 0.00114182 -0.0240589 -0.0162832 0.0348227 -0.0181901 -0.00955277 0.0286039
internal_weight=796.558 269.764 526.794 220.566 141.896 8.57805 133.318 306.228 302.577 5.09889 297.478 78.6708 49.2593 147.678 38.333 1.37881 36.9542 122.086 2.0273
internal_count=48652 21430 27222 12723 7946 382 7564 14499 14312 263 14049 4777 2974 12746 3190 97 3093 8684 116
is_linear=0
shrinkage=0.03


Tree=17
num_leaves=20
num_cat=0
split_feature=12 12 12 9 10 2 6 6 10 9 10 3 9 8 4 10 4 4 12
split_gain=130.477 15.5544 12.4003 7.60077 7.09646 10.1791 7.76438 6.53899 18.8278 9.62515 6.24025 9.3638 11.8183 7.41224 5.47449 19.0328 44.3269 8.42291 6.17604
threshold=3.5000000000000004 12.500000000000002 1.5000000000000002 0.30685671571034173 0.1065382853757624 18.950000000000003 20.690387189622033 10.898458319181028 0.34676267589107929 0.29103053565849663 0.21869264667631524 5.5850000000000009 0.40637755098522593 0.36596751962909035 3.7450000000000006 0.10384829034877617 3.4350000000000005 3.5350000000000006 5.5000000000000009
decision_type=2 2 2 2 2 2 2 2 2 2 2 2 2 2 2 2 2 2 2
left_child=2 14 3 7 5 -5 -6 8 -1 -9 -4 13 -13 -12 15 16 -2 -17 -16
right_child=1 -3 10 4 6 -7 -8 9 -10 -11 11 12 -14 -15 18 17 -18 -19 -20
leaf_value=0.0025158164905977978 0.0090813825173630906 -0.026701649335761905 -0.0037301949262201952 0.079935403406682218 0.0066708525599792181 0.01465535334075866 -0.0261078956736513 0.018158277382315829 0.042146476728441531 0.047283341240387342 -0.0014957842470913886 0.023325136413109768 0.12662087762551802 0.012703797263158085 -0.0074097038327339999 -0.014620138748809621 0.28860649796336069 0.024451514421590756 -0.020590769841135063
leaf_weight=59.57724779099226 2.2767317080870266 98.72473475895822 78.3827856015414 2.6984626222401848 116.63385579362512 10.572450284846125 6.8878432735800734 88.964557085186243 13.174813937395809 11.536373844370244 74.349992338567972 7.7650910615921003 1.1436736974865196 59.613887500949204 58.627362804487348 28.493115753866732 0.65819345321506251 6.013773337006568 70.42142094578594
leaf_count=2661 163 8728 4777 86 5855 473 462 3872 584 506 4281 333 49 3283 4217 2146 47 449 5680
internal_value=-8.14057e-05 -0.0172669 0.00849727 0.012369 0.00708274 0.0279292 0.00484304 0.0165427 0.00969261 0.0215015 0.00307185 0.00680358 0.0365859 0.00482303 -0.0116723 -0.00157291 0.0717684 -0.00781083 -0.0146026
internal_weight=796.516 265.215 531.301 310.046 136.793 13.2709 123.522 173.253 72.7521 100.501 221.255 142.873 8.90876 133.964 166.491 37.4418 2.93493 34.5069 129.049
internal_count=48652 21430 27222 14499 6876 559 6317 7623 3245 4378 12723 7946 382 7564 12702 2805 210 2595 9897
is_linear=0
shrinkage=0.03


Tree=18
num_leaves=20
num_cat=0
split_feature=12 12 12 7 8 9 9 7 7 7 8 1 4 10 1 4 12 7 6
split_gain=123.888 15.4588 11.3962 7.88449 12.7998 8.52422 8.47022 8.46307 6.73977 9.85003 10.8555 5.40671 5.27729 16.6411 31.5107 7.90921 6.0617 6.79311 4.63845
threshold=3.5000000000000004 12.500000000000002 1.5000000000000002 243.26608754269316 0.59154890407268446 0.41867883575179676 0.15834058714842694 261.35715433997717 470.92784626242155 622.21847016236745 0.51776888828845968 28.950000000000003 3.7450000000000006 0.10384829034877617 12.850000000000003 3.5350000000000006 5.5000000000000009 49.240224887627498 17.514105367720713
decision_type=2 2 2 2 2 2 2 2 2 2 2 2 2 2 2 2 2 2 2
left_child=2 12 3 4 6 7 -1 -5 18 10 -10 -7 13 14 -2 -15 17 -14 -4
right_child=1 -3 8 5 -6 11 -8 -9 9 -11 -12 -13 16 15 -16 -17 -18 -19 -20
leaf_value=-0.011690256655941162 -0.0021672671810214097 -0.02659606122888197 0.0016919020965756929 -0.021865197429261379 0.12995944444650206 -0.012862584241902003 0.020976670709163425 0.012068077573267125 0.013745650296647908 -0.0079791257176907038 0.077860442286212181 0.030384677622313158 0.022321365443175541 -0.014387866352288434 0.19909548597684079 0.023152388258021506 -0.0203842212442891 -0.010793262376439268 -0.012237781623670384
leaf_weight=7.8221215885132542 2.1217939341440792 96.181639612652361 119.18946675956249 6.8522944534197441 0.93088594637811084 21.943115292117003 82.360011898912489 190.87968881521374 54.096459653228521 19.893802588805556 2.4859292618930331 2.9516761321574441 6.2454645624384275 28.090654265135527 1.0449073724448679 6.1583989849314085 69.022205514833331 51.961410819552839 26.253542829304934
leaf_count=299 152 8728 7159 348 27 1123 3582 8961 2808 1067 106 159 414 2146 58 449 5680 3803 1583
internal_value=-8.47047e-05 -0.0170404 0.00817147 0.0118517 0.0192856 0.0088092 0.0181432 0.0108921 0.00296857 0.0101785 0.0165625 -0.00773493 -0.0114582 -0.00155403 0.0642428 -0.00763767 -0.0143708 -0.00724014 -0.000822509
internal_weight=796.485 260.826 535.659 313.74 91.113 222.627 90.1821 197.732 221.919 76.4762 56.5824 24.8948 164.645 37.4158 3.1667 34.2491 127.229 58.2069 145.443
internal_count=48652 21430 27222 14499 3908 10591 3881 9309 12723 3981 2914 1282 12702 2805 210 2595 9897 4217 8742
is_linear=0
shrinkage=0.03


Tree=19
num_leaves=20
num_cat=0
split_feature=12 12 12 7 8 9 7 9 7 7 6 1 7 10 1 6 6 6 2
split_gain=117.646 15.3564 10.4843 7.13228 10.2595 7.93096 7.95896 7.76388 6.26606 9.19861 9.99889 5.0383 4.94648 9.01581 18.6986 7.36124 4.58256 10.2315 7.2611
threshold=3.5000000000000004 12.500000000000002 1.5000000000000002 243.26608754269316 0.59154890407268446 0.41867883575179676 261.35715433997717 0.15834058714842694 472.70143769989221 622.21847016236745 12.101660062124047 28.950000000000003 451.83990960869386 0.11403351712684807 14.950000000000001 1.7357501311272305 17.514105367720713 16.820530310358837 20.450000000000003
decision_type=2 2 2 2 2 2 2 2 2 2 2 2 2 2 2 2 2 2 2
left_child=2 12 3 4 7 6 -5 -1 16 10 -10 -7 -2 14 -14 -15 17 -4 -18
right_child=1 -3 8 5 -6 11 -8 -9 9 -11 -12 -13 13 15 -16 -17 18 -19 -20
leaf_value=-0.011467361691041207 -0.01523807572371672 -0.026488536701766575 -7.5497353839440128e-05 -0.021666051658243361 0.11164271047592507 -0.012633934097177535 0.011569777168130502 0.019939322217600194 0.028558949460291097 -0.0078002518349297245 0.0033472755262987882 0.02861244456269748 0.094967465261289435 0.050965250982103666 -0.019570782111737659 -0.010016801179731432 0.009794052738465054 0.044686185796824138 -0.023544300031690661
leaf_weight=7.7362532690167418 102.86345284339041 93.712253152392805 115.26431604288518 6.7099812431260935 1.049077646806835 21.674151655286554 193.09312381222844 84.019364619627595 28.377611497417092 19.741838516667485 28.253254974260926 3.0390797620639196 2.3910301122814408 1.8435058947652567 2.7675403235480189 52.978820738382638 8.9318181220442074 4.7867332082241765 17.206727119162679
leaf_count=299 8082 8728 6906 348 27 1123 8961 3582 1424 1067 1446 159 158 143 213 4106 549 288 1043
internal_value=-8.72609e-05 -0.0168133 0.00786107 0.0113623 0.0183579 0.00847061 0.0104536 0.0172913 0.00286918 0.00983355 0.0159808 -0.00756171 -0.0112454 -0.00439834 0.0335184 -0.00796616 -0.000769158 0.00170926 -0.0121522
internal_weight=796.44 256.557 539.883 317.321 92.8047 224.516 199.803 91.7556 222.562 76.3727 56.6309 24.7132 162.844 59.9809 5.15857 54.8223 146.19 120.051 26.1385
internal_count=48652 21430 27222 14499 3908 10591 9309 3881 12723 3937 2870 1282 12702 4620 371 4249 8786 7194 1592
is_linear=0
shrinkage=0.03


Tree=20
num_leaves=20
num_cat=0
split_feature=12 12 9 9 2 0 2 7 1 7 0 12 7 7 1 7 7 9 8
split_gain=111.859 19.3362 9.21525 18.331 18.3078 10.9597 12.2858 8.31446 8.09303 7.57011 8.25569 6.21718 6.84865 9.34877 6.10294 5.34455 5.07809 4.93213 1.87037
threshold=5.5000000000000009 2.5000000000000004 0.22439588448858641 0.19988184057039332 33.750000000000007 36.050000000000004 28.750000000000004 1001.4142714313294 12.050000000000002 453.53954833728602 21.750000000000004 13.500000000000002 370.96572411162896 374.33210325407384 14.550000000000002 749.40835223607758 54.548522163477728 0.07955525322719742 0.52192033451603781
decision_type=2 2 2 2 2 2 2 2 2 2 2 2 2 2 2 2 2 2 2
left_child=1 2 3 8 -5 7 -7 -4 -1 10 -3 12 -2 -14 -15 17 -12 -11 -13
right_child=11 9 5 4 -6 6 -8 -9 -10 15 16 18 13 14 -16 -17 -18 -19 -20
leaf_value=-0.016141273913279117 -0.024637623425925643 0.091854557247529639 0.0038077711774677694 0.029058353615094235 0.11363051782168417 0.023559798126886761 -0.010233709497840573 0.077446082728370086 0.012514326633137353 0.067129895611958174 0.0082849725355001597 -0.027754804937711233 0.10233441519454492 0.004115147522185063 -0.017534803058867229 -0.030515410045502921 -0.011777753047955166 0.0062278890849748626 -0.0059114567481224943
leaf_weight=10.283477395772932 41.877484287135303 0.73533250577747722 284.69446675106883 30.118585302494466 2.4944913098588577 55.290536673739552 11.737779231742023 1.3866896107792843 64.54390546027571 1.2235515303909767 13.142448728904126 81.821710616350174 0.67822496686130662 18.251737767830491 32.736752377822995 3.5271012689918271 83.455009834840894 54.693956253118813 3.6870046537369481
leaf_count=455 3574 45 14256 1395 118 2579 558 66 3007 53 833 7823 58 1441 2802 221 5634 3382 352
internal_value=-8.91928e-05 0.00596602 0.00906382 0.016757 0.0355271 0.00672301 0.017642 0.00416471 0.00857621 -0.00313406 -0.00828584 -0.020966 -0.0156213 -0.00831325 -0.00978503 0.0053013 -0.00904814 0.00756051 -0.026813
internal_weight=796.38 617.327 460.55 107.44 32.6131 353.109 67.0283 286.081 74.8274 156.777 97.3328 179.053 93.5442 51.6667 50.9885 59.4446 96.5975 55.9175 85.5087
internal_count=48652 32602 22434 4975 1513 17459 3137 14322 3462 10168 6512 16050 7875 4301 4243 3656 6467 3435 8175
is_linear=0
shrinkage=0.03


Tree=21
num_leaves=20
num_cat=0
split_feature=12 12 9 9 2 0 2 10 9 7 0 12 4 4 2 6 10 9 6
split_gain=106.858 17.984 8.38828 16.2337 14.4226 10.0236 11.2204 8.89702 7.61947 7.16513 7.21723 6.22915 6.85776 13.3308 15.5656 7.48656 6.11759 7.45576 7.18231
threshold=5.5000000000000009 2.5000000000000004 0.22439588448858641 0.19988184057039332 33.750000000000007 36.050000000000004 28.750000000000004 0.016205299113520592 0.25513136681756104 453.53954833728602 21.750000000000004 13.500000000000002 3.7450000000000006 3.5350000000000006 30.750000000000004 3.4223810560883048 0.37190696326984291 0.46089062681160664 6.9099511321667224
decision_type=2 2 2 2 2 2 2 2 2 2 2 2 2 2 2 2 2 2 2
left_child=1 2 3 7 -5 8 -7 -1 -4 10 -3 12 13 15 -15 -2 17 -11 -18
right_child=11 9 5 4 -6 6 -8 -9 -10 16 -12 -13 -14 14 -16 -17 18 -19 -20
leaf_value=0.10174505596450298 0.053799729739504108 0.081440354658047248 -0.008141686461735553 0.027404542240519202 0.098741195545251959 0.022337265802761755 -0.010025793247767367 0.0071132105226216534 0.0059856594385717795 -0.0013212516864921425 -0.0088557396502633046 -0.026711171865791198 -0.020031476597262284 0.025410199283611764 0.20064550992737676 -0.017823948806457116 -0.030554155074056653 0.04654160997115607 0.045143960302282779
leaf_weight=0.90501045249402423 1.425482627004391 0.80334805604070325 39.902961031533778 30.964700063690543 2.7796813510358325 56.547310842201114 11.623515143990515 74.540101476944983 247.32412714883685 49.302409097552299 95.755707995966077 83.293917520903051 69.721796861849725 3.7604396715760222 0.51919683348387469 16.711066536605358 1.3923886828124512 3.1141360560432068 5.942542121745646
leaf_count=37 116 45 1879 1395 118 2579 558 3425 12443 3036 6467 8175 6095 279 36 1349 83 192 345
internal_value=-9.11018e-05 0.00575038 0.0087119 0.0159845 0.0332809 0.00647752 0.0168192 0.00824838 0.00402302 -0.00305187 -0.0081045 -0.0207656 -0.0153907 -0.000956388 0.0466694 -0.0121945 0.00511322 0.00152234 0.0307742
internal_weight=796.33 620.898 464.587 109.189 33.7444 355.398 68.1708 75.4451 287.227 156.311 96.5591 175.432 92.138 22.4162 4.27964 18.1365 59.7515 52.4165 7.33493
internal_count=48652 32602 22434 4975 1513 17459 3137 3462 14322 10168 6512 16050 7875 1780 315 1465 3656 3228 428
is_linear=0
shrinkage=0.03


Tree=22
num_leaves=20
num_cat=0
split_feature=12 12 9 9 9 3 7 7 7 9 12 7 7 4 1 7 9 7 9
split_gain=102.093 16.7366 7.64759 14.6003 9.98817 9.1857 28.6563 6.77801 6.7887 7.62767 6.23624 6.80911 8.25957 5.97326 5.61591 5.60047 5.13892 5.08959 4.42547
threshold=5.5000000000000009 2.5000000000000004 0.22439588448858641 0.17120779362280866 0.17554852681841829 5.5650000000000004 326.39094602451542 453.53954833728602 54.548522163477728 0.21899627127959162 13.500000000000002 370.96572411162896 374.33210325407384 3.7450000000000006 12.250000000000002 196.46582927984278 0.20904650891627322 749.40835223607758 0.12341672335612007
decision_type=2 2 2 2 2 2 2 2 2 2 2 2 2 2 2 2 2 2 2
left_child=1 2 3 14 -5 15 -7 8 9 -3 11 -2 -13 -14 -1 -4 -10 18 -9
right_child=10 7 5 4 -6 6 -8 17 16 -11 -12 12 13 -15 -16 -17 -18 -19 -20
leaf_value=-0.022140437595652061 -0.024381367586077517 0.056221754995617448 0.011848372372985999 0.071832654162608575 0.021683851290823921 0.15095225359068287 0.015552463449970598 0.043718490877189944 -0.026635002535564188 0.00033856376059445439 -0.026607436351424436 0.091953023100724729 0.0044613331214769575 -0.017140188927676471 0.006978157928370375 0.0026574636482125566 -0.00752570203857722 -0.030502652254884528 0.0051622441047643464
leaf_weight=6.9875681772828093 40.184881457127631 2.7671387251466504 78.247615367174149 3.8028418328613034 59.51197225600481 1.4854211807251001 26.572085106745362 2.8196748066693536 15.633602963760493 10.691899989731608 81.142631882801652 0.73559669218957324 18.0686294157058 31.791953819803894 40.576460037380457 251.31136891245842 66.71346533857286 3.4395913491025558 53.79549328610301
leaf_count=310 3574 176 3670 173 2639 62 1168 144 1059 674 8175 58 1421 2822 1853 12559 4603 221 3291
internal_value=-9.31044e-05 0.00554378 0.00837683 0.0152604 0.0246959 0.00624257 0.0227208 -0.00297196 -0.0079251 0.011828 -0.0205639 -0.0151621 -0.00783991 -0.00931216 0.00270038 0.00483967 -0.0111536 0.00492985 0.00708251
internal_weight=796.28 624.356 468.495 110.879 63.3148 357.616 28.0575 155.861 95.8061 13.459 171.924 90.7811 50.5962 49.8606 47.564 329.559 82.3471 60.0548 56.6152
internal_count=48652 32602 22434 4975 2812 17459 1230 10168 6512 850 16050 7875 4301 4243 2163 16229 5662 3656 3435
is_linear=0
shrinkage=0.03


Tree=23
num_leaves=20
num_cat=0
split_feature=12 12 9 9 2 6 10 8 7 7 6 12 7 7 4 10 9 6 10
split_gain=97.5325 15.5826 6.98442 13.6798 11.3586 7.91853 7.36526 6.56495 6.41536 6.42887 7.89196 6.24198 6.7132 7.21348 5.7446 5.51593 6.68839 6.44482 5.1377
threshold=5.5000000000000009 2.5000000000000004 0.22439588448858641 0.19988184057039332 33.750000000000007 20.851025406386963 0.016205299113520592 0.25792530596928126 453.53954833728602 54.548522163477728 18.159427916774661 13.500000000000002 370.96572411162896 374.33210325407384 3.7450000000000006 0.37190696326984291 0.46089062681160664 6.9099511321667224 0.090583419549142077
decision_type=2 2 2 2 2 2 2 2 2 2 2 2 2 2 2 2 2 2 2
left_child=1 2 3 6 -5 7 -1 -4 9 10 -3 12 -2 -14 -15 16 -10 -17 -7
right_child=11 8 5 4 -6 18 -8 -9 15 -11 -12 -13 13 14 -16 17 -18 -19 -20
leaf_value=0.087996982022094272 -0.024228882951211773 0.0024427622161476989 0.01615565196049026 0.024715006326630196 0.084684762408527389 0.038832007031560353 0.0064000074376031673 0.0052244910628331297 -0.0014300055625097116 -0.010938994609322523 0.070018795046940946 -0.026501749245833848 0.081446789719995097 0.0043084537850840085 -0.016911117927531728 -0.030539928005105701 0.042881379004368017 0.041565490757275128 -0.015077021713240204
leaf_weight=1.008819207549094 39.238984459079802 11.825962089933453 60.210219708271325 32.445506691932678 3.115449519827961 1.7200028477236653 75.942977560684085 276.61479840986431 49.481477967463434 81.463375266641378 1.7909533660858858 79.05382832698524 0.80442180763929982 18.14725551661104 31.263965042307973 1.3587601715698827 3.2682138951495281 6.2345939166843891 21.224577335640788
leaf_count=37 3574 733 2906 1395 118 72 3425 13344 3036 5662 117 8175 58 1421 2822 83 192 345 1137
internal_value=-9.46546e-05 0.00534553 0.0080571 0.0145808 0.0299689 0.00601689 0.00746972 0.00717853 -0.00289406 -0.00774965 0.0113306 -0.0203597 -0.0149318 -0.00766702 -0.00911781 0.00475671 0.0013154 0.0286629 -0.0110358
internal_weight=796.214 627.706 472.282 112.513 35.561 359.77 76.9518 336.825 155.423 95.0803 13.6169 168.508 89.4546 50.2156 49.4112 60.343 52.7497 7.59335 22.9446
internal_count=48652 32602 22434 4975 1513 17459 3462 16250 10168 6512 850 16050 7875 4301 4243 3656 3228 428 1209
is_linear=0
shrinkage=0.03


Tree=24
num_leaves=20
num_cat=0
split_feature=12 12 12 7 7 7 8 9 9 9 1 7 2 7 7 1 8 11 2
split_gain=93.1785 14.8081 6.24459 6.61532 16.3816 6.16585 8.25105 6.93251 7.33356 6.87424 5.74934 6.12919 5.44321 5.34538 5.31854 4.66577 2.02094 8.07459 2.26348
threshold=5.5000000000000009 1.5000000000000002 13.500000000000002 370.96572411162896 372.59255631871667 243.26608754269316 0.59154890407268446 0.41867883575179676 0.40798870364276835 0.15834058714842694 50.400000000000006 448.47588058953778 27.250000000000004 641.39160031669235 189.01998282138996 28.950000000000003 0.52192033451603781 0.95715297034561164 18.750000000000004
decision_type=2 2 2 2 2 2 2 2 2 2 2 2 2 2 2 2 2 2 2
left_child=1 5 3 -2 -5 6 9 8 -7 -1 11 14 -6 -13 -3 -9 -4 -18 -19
right_child=2 10 16 4 12 7 -8 15 -10 -11 -12 13 -14 -15 -16 -17 17 18 -20
leaf_value=-0.011913135695022607 -0.024074034808183764 0.0038097028513564071 -0.027436711483960149 0.17529624097327109 -0.014238275479487913 0.0078182877533494611 0.094299229372940385 -0.012904378295979287 0.045672292048396498 0.017276848735810351 0.079920796186930279 0.0084053329423367552 0.010237268415123547 -0.0081566224294057944 -0.0070725633025949201 0.025979477756572153 0.12565520790281157 0.047591493713141961 -0.030295214468827818
leaf_weight=7.9093283060938111 38.32055292557925 61.185013282112777 73.63573651202023 0.43737545423209567 39.06527600530535 203.94604520034045 1.1920101884752501 21.991375694051388 4.7125373883172861 88.589217353612185 0.81440449878573318 96.911204286850989 10.342850173823534 21.414214223623276 119.09930037893355 3.1787855252623549 0.3847394054755563 0.38517628982663188 2.6200699396431446
leaf_count=299 3574 3832 7823 29 3382 9085 27 1123 224 3582 45 5342 890 1224 7660 159 40 40 272
internal_value=-9.57236e-05 0.00515579 -0.0201537 -0.0147018 -0.00749655 0.00952362 0.0158534 0.00687913 0.00867322 0.0148843 0.000319782 0.000102685 -0.00911469 0.005408 -0.00337933 -0.00799367 -0.0263941 -0.00374632 -0.0203126
internal_weight=796.135 630.943 165.192 88.1661 49.8455 331.519 97.6906 233.829 208.659 96.4985 299.424 298.61 49.4081 118.325 180.284 25.1702 77.0257 3.38999 3.00525
internal_count=48652 32602 16050 7875 4301 14499 3908 10591 9309 3881 18103 18058 4272 6566 11492 1282 8175 352 312
is_linear=0
shrinkage=0.03


Tree=25
num_leaves=20
num_cat=0
split_feature=12 12 9 9 1 0 7 10 12 7 7 9 7 9 9 11 11 7 4
split_gain=89.0326 13.9114 6.46202 24.2364 9.98908 7.89094 11.2536 10.1377 6.24406 6.51426 13.1735 6.11859 5.84757 6.88458 8.04044 6.03902 5.75997 8.71417 5.63571
threshold=5.5000000000000009 2.5000000000000004 0.21599622743129346 0.21042420017888427 30.750000000000004 36.050000000000004 1001.4142714313294 0.45783739552490627 13.500000000000002 370.96572411162896 372.59255631871667 0.17120779362280866 492.89513403868779 0.12341672335612007 0.3167931307690422 0.74336087310166266 0.93896673037345701 17.292602364115449 3.7450000000000006
decision_type=2 2 2 2 2 2 2 2 2 2 2 2 2 2 2 2 2 2 2
left_child=1 2 3 11 -5 6 -4 -7 9 -2 -11 -1 16 15 -15 -14 -3 -18 -12
right_child=8 12 5 4 -6 7 -8 -9 -10 10 18 -13 13 14 -16 -17 17 -19 -20
leaf_value=0.0022864814200636695 -0.023916809880340666 -0.012484287938694992 0.0031483533695006614 0.073122069076945073 -0.030696388021653642 0.012960268775436899 0.083585027739885701 0.092960634274964205 -0.026284727906402204 0.14315437600007333 0.0043548896795717329 0.017653646101612703 0.02300513673115873 -0.0082802822451190344 0.017400912974806865 0.12441692605924357 0.04355016071480864 -0.0026003048684580003 -0.016723041273532694
leaf_weight=48.145387630909681 37.42880745138973 63.405971720814705 302.46155097335577 7.7925022663548571 0.93408465199172486 71.392434982582927 1.5735390912741412 1.4546555373817671 75.061889725737274 0.51806839182972808 18.123809352517128 45.221389098092914 1.6734371082857245 24.272191593423486 20.023864052258432 0.77242026105523098 4.0466670319437972 40.892622637562454 30.848931745626032
leaf_count=2163 3574 4385 14691 314 43 3157 68 60 8175 29 1425 1938 83 1485 1200 34 234 2747 2847
internal_value=-9.64446e-05 0.00497456 0.00750311 0.0141981 0.0620095 0.0056895 0.00356465 0.0145578 -0.0199465 -0.0144729 -0.00733059 0.00972943 -0.0028347 0.00603426 0.0033288 0.0550317 -0.00666092 0.00155543 -0.00892253
internal_weight=796.044 634.063 478.976 102.093 8.72659 376.882 304.035 72.8471 161.982 86.9196 49.4908 93.3668 155.087 46.7419 44.2961 2.44586 108.345 44.9393 48.9727
internal_count=48652 32602 22434 4458 357 17976 14759 3217 16050 7875 4301 4101 10168 2802 2685 117 7366 2981 4272
is_linear=0
shrinkage=0.03


Tree=26
num_leaves=20
num_cat=0
split_feature=12 12 12 7 7 0 1 7 8 10 7 7 11 7 0 9 7 4 0
split_gain=85.056 13.0686 6.23963 6.42845 5.83841 11.8966 8.34843 6.59196 7.82574 6.21869 5.06103 6.0575 7.35125 5.0294 9.04362 6.48481 4.49462 4.44589 3.84928
threshold=5.5000000000000009 1.5000000000000002 13.500000000000002 345.42423724731538 345.42423724731538 37.650000000000013 12.850000000000003 494.76286655622295 0.23156577362932657 0.45783739552490627 448.47588058953778 189.01998282138996 0.53655503073827127 641.39160031669235 37.95000000000001 0.40127570686160885 349.84817093797295 3.7450000000000006 28.750000000000004
decision_type=2 2 2 2 2 2 2 2 2 2 2 2 2 2 2 2 2 2 2
left_child=1 4 3 -2 5 6 -1 9 -9 -6 11 12 -3 15 -15 -12 -5 -18 -13
right_child=2 10 -4 16 7 -7 -8 8 -10 -11 13 18 -14 14 -16 -17 17 -19 -20
leaf_value=-0.021325980160664625 -0.02477314372147035 0.083164916626536467 -0.026172960828345904 0.076638215933861886 -0.0019368793909387348 0.09192221648088153 0.013844082391247372 -0.012639398857269135 0.013564553290814527 0.055333342972342249 0.0045765694286857284 -0.020825443510003639 0.0032963411705309808 -0.014872634201521516 0.048373195762227067 0.025760098146100301 0.0029186177792348759 -0.015247887007046448 -0.0048058165179239633
leaf_weight=6.3448749082162967 32.437856621108949 1.0550487991422404 73.149879940785468 0.56094607152044673 84.429506717249751 1.7101963823661197 142.47571673989296 11.598608226515351 88.699889235198498 1.7416105736047018 82.705740183591843 15.541234349831937 61.218016589060426 19.123639539815489 2.2770822858437887 15.432896394282578 18.905320950783789 33.802589423954487 102.75396248325706
leaf_count=264 3166 60 8175 54 3796 66 5918 508 3876 71 4516 1038 3810 1111 113 826 1490 3165 6629
internal_value=-9.7708e-05 0.00479921 -0.0197372 -0.0142444 0.00885386 0.0132487 0.0123446 0.00530604 0.0105343 -0.000779387 0.000246115 -0.00292372 0.0046495 0.00503426 -0.00814314 0.00790781 -0.00783292 -0.00873191 -0.00691042
internal_weight=795.965 637.108 158.857 85.7067 337 150.531 148.821 186.47 100.298 86.1711 300.108 180.568 62.2731 119.539 21.4007 98.1386 53.2689 52.7079 118.295
internal_count=48652 32602 16050 7875 14499 6248 6182 8251 4384 3867 18103 11537 3870 6566 1224 5342 4709 4655 7667
is_linear=0
shrinkage=0.03


Tree=27
num_leaves=20
num_cat=0
split_feature=12 12 12 7 7 7 2 11 0 3 9 0 7 0 8 10 2 10 2
split_gain=81.2545 12.4302 6.23303 6.34642 11.1175 6.07689 13.4078 12.3224 9.63971 8.46143 12.6547 12.3211 5.37578 6.09678 5.31899 4.90654 6.79662 5.60737 4.71316
threshold=5.5000000000000009 2.5000000000000004 13.500000000000002 370.96572411162896 372.59255631871667 200.41636668963096 32.350000000000001 0.71003314641650939 36.95000000000001 4.4050000000000011 0.54305226578953814 33.650000000000013 453.53954833728602 21.750000000000004 0.24118443597953276 0.36593107093920485 22.150000000000002 0.33383040250508234 22.650000000000002
decision_type=2 2 2 2 2 2 2 2 2 2 2 2 2 2 2 2 2 2 2
left_child=1 5 3 -2 -5 6 8 -8 -1 10 -7 -11 13 -3 -6 17 -17 -14 -15
right_child=2 12 -4 4 14 9 7 -9 -10 11 -12 -13 15 18 -16 16 -18 -19 -20
leaf_value=0.0083439854494720012 -0.023608280074386156 0.071067775842085429 -0.026059092552582323 0.12289069500377846 0.017097391221804727 -0.00059089382933739953 0.12234699984197629 0.031592984967615138 0.075243300818879241 0.048967001785184296 0.09896078577297765 0.0078484746280471692 0.0037502830256344339 -0.014287853087756602 -0.012428085430411106 0.051197705748463843 -0.0021231859961212329 -0.03058250719480134 -0.00069020909741053819
leaf_weight=98.167949296534061 35.78857702203095 0.88474952057003875 71.293516100384295 0.58617979101836581 6.3211509864777318 164.64247740618885 1.5655894316732872 9.6221582302823645 1.9775371719151724 6.779453605413436 1.157278899103402 201.40460543613881 48.120130961760879 50.092011707834899 41.830610334873199 4.3988917712122184 4.2111816480755806 4.6995022436603895 42.327555152587593
leaf_count=4302 3574 45 8175 29 559 8165 59 424 73 321 57 9033 2917 3513 3713 238 230 271 2954
internal_value=-9.82219e-05 0.00463142 -0.0195258 -0.0140154 -0.00697123 0.00699208 0.0131447 0.0442929 0.00966502 0.00516046 0.000103975 0.00918749 -0.0027727 -0.0073099 -0.00855211 0.00411875 0.0251185 0.000695604 -0.00806022
internal_weight=795.871 640.051 155.82 84.5265 48.7379 485.317 111.333 11.1877 100.145 373.984 165.8 208.184 154.734 93.3043 48.1518 61.4297 8.61007 52.8196 92.4196
internal_count=48652 32602 16050 7875 4301 22434 4858 483 4375 17576 8222 9354 10168 6512 4272 3656 468 3188 6467
is_linear=0
shrinkage=0.03


Tree=28
num_leaves=20
num_cat=0
split_feature=12 12 1 9 9 6 0 2 1 9 7 2 7 9 2 6 6 12 2
split_gain=77.6206 11.5975 6.29902 5.84054 10.8594 9.36706 7.67842 9.75826 6.94571 6.9427 5.11316 6.70156 16.2312 7.67674 6.16445 6.13636 5.96694 4.30829 7.27946
threshold=5.5000000000000009 2.5000000000000004 15.550000000000002 0.22439588448858641 0.19988184057039332 10.116078989611086 36.050000000000004 28.750000000000004 12.050000000000002 0.25513136681756104 492.89513403868779 22.150000000000002 527.6694620339166 0.48828298748044879 22.150000000000002 23.49638317234259 15.337510980175786 13.500000000000002 26.350000000000005
decision_type=2 2 2 2 2 2 2 2 2 2 2 2 2 2 2 2 2 2 2
left_child=1 3 17 4 8 -6 9 -8 -1 -5 14 12 -12 -13 15 -3 -16 18 -2
right_child=2 10 -4 6 5 -7 7 -9 -10 -11 11 13 -14 -15 16 -17 -18 -19 -20
leaf_value=-0.016477345510053129 -0.011038582214664854 -0.015363294294263575 -0.023289663565659049 -0.0087266514932355307 0.0066201911934727752 0.037267220539596857 0.018503835232985304 -0.010948576337267542 0.0097020282388744321 0.0045776280416815361 0.059505269892582709 -0.0086674335799808554 0.0022534317746310721 0.088493190404897309 0.007196748712662438 0.044167166006528716 -0.014906230176224033 -0.02085301364700563 0.025630993351916882
leaf_weight=10.511710910126565 20.165330611169342 51.647820092737675 107.17499691341072 40.922363599762321 14.415408235043286 23.786002146080136 60.874641221016645 12.144289677962659 68.939184410497546 256.98864593822509 5.9948641117662218 23.299055065028373 17.369909978471696 0.75561380200087924 38.225211806595325 1.6068710237741459 15.429441479966043 19.109517289325595 6.42451481334865
leaf_count=455 1702 3590 11674 1879 571 942 2579 558 3007 12443 348 1386 1028 40 2604 104 1068 2155 519
internal_value=-9.90916e-05 0.00446972 -0.0193132 0.00673428 0.0125583 0.0257025 0.004887 0.0136054 0.00623838 0.00275009 -0.00269953 0.00549968 0.0169429 -0.00561539 -0.00633628 -0.0135671 0.000840606 -0.00998747 -0.00217865
internal_weight=795.785 642.911 152.874 488.582 117.652 38.2014 370.93 73.0189 79.4509 297.911 154.329 47.4194 23.3648 24.0547 106.909 53.2547 53.6547 45.6994 26.5898
internal_count=48652 32602 16050 22434 4975 1513 17459 3137 3462 14322 10168 2802 1376 1426 7366 3694 3672 4376 2221
is_linear=0
shrinkage=0.03


Tree=29
num_leaves=20
num_cat=0
split_feature=3 9 9 3 4 6 2 0 10 7 9 9 4 2 10 8 8 7 8
split_gain=10.4726 5.06274 14.3976 10.0399 12.9623 6.77746 8.35413 5.54547 10.8867 9.48755 7.50434 8.27448 5.60857 4.77017 15.4022 20.4744 8.38972 15.0344 5.51535
threshold=2.9950000000000006 0.22049881837083479 0.21042420017888427 5.6050000000000013 5.5450000000000008 6.6588968213828945 19.650000000000002 36.250000000000007 0.45783739552490627 570.5323630949099 0.25513136681756104 0.30187487545093977 2.4950000000000006 18.650000000000002 0.11863038976070193 0.36890494135806612 0.27963179299090146 496.62198730537614 0.4896331080778602
decision_type=2 2 2 2 2 2 2 2 2 2 2 2 2 2 2 2 2 2 2
left_child=13 2 5 4 -4 -2 -7 10 12 -10 -3 -12 -9 14 15 -1 17 -16 -15
right_child=1 7 3 -5 -6 6 -8 8 9 -11 11 -13 -14 18 16 -17 -18 -19 -20
leaf_value=0.0078552153530518226 -0.01239524286651076 -0.010998826461828096 0.010095515132490063 0.11047417003716221 0.065773145280147854 -0.0091036980120968083 0.010310984181375497 -0.0081586554408640682 0.02120674273637288 0.15532333213176208 0.0073783070594935296 -0.0027000389394011386 0.0089016997776398318 -0.012716015027023443 -0.0014010368940783073 0.24851491882710008 -0.01685538929911503 0.14969438317886624 0.011538559842742225
leaf_weight=0.78040144965052494 22.999495732598007 64.240559817291796 15.417700752615934 1.2745951265096653 4.9784337710589162 26.437229610048234 81.256065451540053 22.62229326274246 1.1553139314055432 0.80582217127084721 101.85638139862567 261.66711607668549 74.312085648067296 94.428610575385392 2.060249811969697 0.53715309035032988 8.7692355839535576 0.83204779960215081 9.2657350348308665
leaf_count=57 1316 3859 780 64 293 1499 4593 1114 64 35 6098 16631 4152 6651 141 32 595 49 629
internal_value=-9.97151e-05 0.00132694 0.00614304 0.0287903 0.0236857 0.00238781 0.00554495 -6.63706e-05 0.00633598 0.0763147 -0.00154654 0.000123833 0.0049202 -0.00840263 0.00874316 0.10597 -0.00224177 0.0420657 -0.0105487
internal_weight=795.697 679.023 152.364 21.6707 20.3961 130.693 107.693 526.66 98.8955 1.96114 427.764 363.523 96.9344 116.673 12.9791 1.31755 11.6615 2.8923 103.694
internal_count=48652 40498 8545 1137 1073 7408 6092 31953 5365 99 26588 22729 5266 8154 874 89 785 190 7280
is_linear=0
shrinkage=0.03


Tree=30
num_leaves=20
num_cat=0
split_feature=3 11 10 2 1 8 6 7 8 2 2 9 9 2 6 3 9 3 8
split_gain=9.93529 5.25065 6.86438 19.3572 6.52196 6.19208 4.97464 6.8517 18.3042 4.71008 5.91626 4.45232 15.4544 10.4642 8.29947 4.99045 8.04481 4.89799 4.20601
threshold=2.9950000000000006 0.7561916611819649 0.11863038976070193 19.250000000000004 23.750000000000004 0.16542999768252437 20.510023202783589 70.589610008270157 0.45814626445964929 34.750000000000007 39.150000000000013 0.22049881837083479 0.21042420017888427 36.95000000000001 20.041064322030731 4.4050000000000011 0.54305226578953814 4.4150000000000009 0.27315245347475797
decision_type=2 2 2 2 2 2 2 2 2 2 2 2 2 2 2 2 2 2 2
left_child=1 9 3 -3 -4 -6 11 8 18 -1 -11 12 14 -14 -2 16 -13 -17 -8
right_child=6 2 4 -5 5 -7 7 -9 -10 10 -12 15 13 -15 -16 17 -18 -19 -20
leaf_value=-0.024822561034305361 0.001746291911507838 0.14564354906619348 0.075935826133600282 -0.00065525612578760353 0.054525110659335088 -0.0088532954683729001 0.048825056206478291 -0.011210585011817426 0.15804789092635033 0.08993640440327845 -0.030485239997609485 -0.0032552334658528443 0.025404585486687715 0.11579614703185177 0.07459280114106015 0.042306720538462142 0.056067556956465571 0.002980568291713425 -0.019791728529930018
leaf_weight=21.102287230547521 118.46993041178212 1.0206459295004595 0.84464387968182464 4.0194428050890565 1.4101611739024509 85.889233755413443 1.1321398299187415 46.424821212887764 0.79464330710470665 0.74684589263051637 0.72229112824425101 217.47296858020127 19.235847923904661 1.2261064331978548 1.4245118321850885 2.8812162773683658 2.0770331202074876 266.00707564875484 2.7738511273637414
leaf_count=1518 6694 62 49 285 88 6050 66 2903 41 49 53 13860 995 50 80 177 127 15332 173
internal_value=-9.98236e-05 -0.00822441 -0.00507981 0.0289711 -0.00702685 -0.00782953 0.00128338 -0.00771593 0.0267983 -0.0212066 0.0307319 0.00201508 0.0067243 0.030821 0.00261181 0.000661856 -0.00269402 0.00340196 9.66419e-05
internal_weight=795.676 115.756 93.1841 5.04009 88.144 87.2994 679.92 51.1255 4.70063 22.5714 1.46914 628.795 140.356 20.462 119.894 488.438 219.55 268.888 3.90599
internal_count=48652 8154 6534 347 6187 6138 40498 3183 280 1620 102 37315 7819 1045 6774 29496 13987 15509 239
is_linear=0
shrinkage=0.03


Tree=31
num_leaves=20
num_cat=0
split_feature=12 12 12 7 2 7 7 7 8 10 1 7 1 1 6 7 7 4 8
split_gain=73.8482 10.934 6.27359 6.28826 5.55856 23.1352 5.2558 5.89019 7.16432 5.41234 4.85454 4.72841 4.6813 10.2343 6.38726 4.63225 4.59085 4.35548 2.21339
threshold=5.5000000000000009 1.5000000000000002 13.500000000000002 345.42423724731538 18.250000000000004 405.52372940704424 345.42423724731538 494.76286655622295 0.23156577362932657 0.45783739552490627 50.400000000000006 448.47588058953778 12.850000000000003 15.450000000000001 6.0096064001239551 641.39160031669235 189.01998282138996 3.7450000000000006 0.52192033451603781
decision_type=2 2 2 2 2 2 2 2 2 2 2 2 2 2 2 2 2 2 2
left_child=1 6 3 -2 5 -5 12 9 -9 -8 11 16 14 -14 -1 -13 -3 -6 -4
right_child=2 10 18 4 17 -7 7 8 -10 -11 -12 15 13 -15 -16 -17 -18 -19 -20
leaf_value=0.055460058678854854 -0.024353845528225174 0.0034307052717557195 -0.027009764582087332 0.22717037498602974 0.0024838070133043105 -0.012186632400777697 -0.00223617136407676 -0.012700033330888665 0.01229674659585224 0.049361837264792138 0.069885627126308567 0.0072037732858238794 0.036068337106109627 0.010444436611443182 -0.025408275346014385 -0.0081695989999514326 -0.0066728239383323481 -0.01595559466542958 -0.00093091067598476216
leaf_weight=1.043826650828122 30.267610006034374 61.849077369086444 64.742003471590579 0.46589292213320677 18.242821164429188 1.6525284470990298 85.285617307759821 11.634960056282578 91.256517739966512 1.8697347193956364 0.89514551684260268 99.926836244761944 15.692327715456484 132.31032424326986 5.5675251670181751 21.421378578059375 117.12241890374571 31.325271033681929 3.0678261360153547
leaf_count=44 3166 3832 7823 41 1440 152 3796 508 3876 71 45 5342 615 5360 229 1224 7660 3076 352
internal_value=-9.94155e-05 0.00430169 -0.0190797 -0.0134946 -0.00713539 0.0404539 0.00795073 0.00460925 0.00947011 -0.00112924 0.000126331 -8.15968e-05 0.012058 0.0131613 -0.0126405 0.00448994 -0.00318124 -0.00916924 -0.0258299
internal_weight=795.64 645.876 149.764 81.9541 51.6865 2.11842 344.661 190.047 102.891 87.1554 301.215 300.32 154.614 148.003 6.61135 121.348 178.971 49.5681 67.8098
internal_count=48652 32602 16050 7875 4709 193 14499 8251 4384 3867 18103 18058 6248 5975 273 6566 11492 4516 8175
is_linear=0
shrinkage=0.03


Tree=32
num_leaves=20
num_cat=0
split_feature=12 12 12 7 7 3 3 3 2 1 2 7 11 11 1 1 3 11 12
split_gain=70.5524 10.2743 6.25438 6.18357 5.55404 13.8999 7.28819 10.1018 6.95178 6.93913 5.0574 17.3455 5.00748 11.2874 13.0049 5.32462 4.7022 4.4573 5.71274
threshold=5.5000000000000009 2.5000000000000004 13.500000000000002 345.42423724731538 317.02175832807461 5.6650000000000009 4.4150000000000009 4.455000000000001 19.350000000000005 12.850000000000003 18.250000000000004 401.8242518659851 0.71003314641650939 0.72636436435014684 22.150000000000002 48.050000000000004 5.2150000000000007 0.57438856176922126 4.5000000000000009
decision_type=2 2 2 2 2 2 2 2 2 2 2 2 2 2 2 2 2 2 2
left_child=1 4 3 -2 5 9 8 -8 -6 -1 11 -5 17 14 -14 -15 -12 18 -3
right_child=2 12 -4 10 6 -7 7 -9 -10 -11 16 -13 13 15 -16 -17 -18 -19 -20
leaf_value=-0.021278053502728784 -0.024202914929121105 -0.0062343989458140091 -0.025709719551720408 0.17994795523171389 0.012338549939316304 0.10832127811145682 0.052962749802527832 0.0064314364179994532 -0.0055766321842211997 0.010610977956991247 -0.013587836125690648 -0.012083636307353398 0.099092000258277788 -0.0023873783921568061 -0.030464685472988258 0.07166833901633321 0.0097043523242307909 -0.024539047109795632 0.082273334422658009
leaf_weight=6.3506683818995944 29.553490148391575 3.6981203211471465 66.109904028940946 0.57020118366926853 24.402388361282647 1.2911671064794052 4.3022308768704525 175.06996771227568 96.910212769173086 186.34390919841826 39.400671934243292 1.6435833228752015 2.0838608853518958 130.1984163923189 1.0480036390945313 0.87970790825784106 9.7260584812611324 15.159222346730528 0.79795137140899886
leaf_count=290 3166 221 8175 40 1184 41 195 7634 4811 8279 3724 153 142 8581 73 47 792 1049 55
internal_value=-9.96991e-05 0.00415377 -0.0188647 -0.0132707 0.0062597 0.0102174 0.00370643 0.00754749 -0.00197294 0.00956001 -0.0069777 0.0373777 -0.00261669 -0.000545554 0.055739 -0.00189037 -0.00897647 -0.0167588 0.00947373
internal_weight=795.54 648.536 147.004 80.894 494.671 193.986 300.685 179.372 121.313 192.695 51.3405 2.21378 153.865 134.21 3.13186 131.078 49.1267 19.6553 4.49607
internal_count=48652 32602 16050 7875 22434 8610 13824 7829 5995 8569 4709 193 10168 8843 215 8628 4516 1325 276
is_linear=0
shrinkage=0.03


Tree=33
num_leaves=20
num_cat=0
split_feature=12 12 12 7 7 2 9 3 3 8 8 7 0 9 8 1 8 0 8
split_gain=67.3925 9.70082 6.23222 6.1007 9.28281 5.31089 5.08941 4.88637 8.1452 4.73655 8.12804 7.40831 4.31903 27.0404 6.58298 4.15029 3.92752 3.29643 2.25382
threshold=5.5000000000000009 1.5000000000000002 13.500000000000002 370.96572411162896 372.59255631871667 27.250000000000004 0.41867883575179676 4.7150000000000007 4.4050000000000011 0.44778215141436356 0.40811319947239688 90.206717245577622 36.850000000000001 0.48828298748044879 0.40924615537289283 50.400000000000006 0.19042167758432818 38.650000000000013 0.52192033451603781
decision_type=2 2 2 2 2 2 2 2 2 2 2 2 2 2 2 2 2 2 2
left_child=1 6 3 -2 -5 -6 9 8 -8 10 -1 -11 15 14 -14 16 -3 -9 -4
right_child=2 12 18 4 5 -7 7 17 -10 11 -12 -13 13 -15 -16 -17 -18 -19 -20
leaf_value=0.0090107212582678283 -0.022975277787816963 -0.016350447309126024 -0.026824101658895132 0.10558912975619897 -0.013031706043341185 0.011657874244063487 -0.0046872997295586824 -0.022866743193428362 0.037586611441440987 0.047887866148503044 -0.0067758328324360436 0.012761632505914331 0.015212873050389939 0.17558741881876963 -0.016396638091602387 0.060213384842541053 -0.00046724896719257529 0.037321302676146022 -0.00014582760143772396
leaf_weight=225.28120705299079 32.815524381585419 14.821434973739086 61.470117500517517 0.66007119975983997 36.391342758201063 9.9947660993784648 18.462130461819473 11.461408164352175 5.2738000266253939 6.086220769211649 33.750627550296485 48.193637383170426 20.260956292971976 0.87154476810246606 8.3830879451706988 0.98961654305457969 256.41350571811199 0.88198908045888025 2.9885655855759969
leaf_count=9206 3574 924 7823 29 3382 890 879 536 251 214 1419 1954 1017 37 411 45 15669 40 352
internal_value=-0.000100296 0.00401073 -0.018648 -0.0130472 -0.00612222 -0.00771187 0.00741365 -0.0032562 0.00470539 0.00864233 0.00695381 0.0167002 7.04159e-05 0.0109706 0.0059619 -0.00111143 -0.00133517 -0.018566 -0.0255872
internal_weight=795.452 651.131 144.32 79.8617 47.0462 46.3861 349.391 36.0793 23.7359 313.312 259.032 54.2799 301.74 29.5156 28.644 272.225 271.235 12.3434 64.4587
internal_count=48652 32602 16050 7875 4301 4272 14499 1706 1130 12793 10625 2168 18103 1465 1428 16638 16593 576 8175
is_linear=0
shrinkage=0.03


Tree=34
num_leaves=20
num_cat=0
split_feature=12 12 1 9 9 10 0 7 10 9 11 8 1 9 11 11 0 9 11
split_gain=64.3672 9.20622 6.25009 5.0486 16.6673 7.91488 5.57802 9.34963 6.61098 5.18615 4.9407 11.5923 18.5597 8.44215 4.7751 10.0561 11.5706 9.90734 4.34859
threshold=5.5000000000000009 2.5000000000000004 15.550000000000002 0.21599622743129346 0.21042420017888427 0.20122052746153654 36.050000000000004 1001.4142714313294 0.45783739552490627 0.1498532158406726 0.72844059505384584 0.33948195193378655 14.250000000000002 0.3195719061086158 0.71003314641650939 0.72636436435014684 34.850000000000001 0.07955525322719742 0.57438856176922126
decision_type=2 2 2 2 2 2 2 2 2 2 2 2 2 2 2 2 2 2 2
left_child=1 3 10 4 9 -6 7 -5 -8 -1 11 13 -13 -2 18 16 -16 -17 -3
right_child=2 14 -4 6 5 -7 8 -9 -10 -11 -12 12 -14 -15 15 17 -18 -19 -20
leaf_value=-0.0018688082029831659 -0.019062311589221795 0.0092420152525907497 -0.022625787371174825 0.0020868945960040093 0.085932740683133113 0.029677144561779265 0.010087144774376947 0.071461812554063878 0.067957655040684073 0.01271247807649502 -0.013620545715835559 0.023055200725688986 0.25746627701329511 0.087723924480978474 0.089669290886649752 0.094300636952234285 -0.030517647254385251 -0.0025600870684347296 -0.024376899256075571
leaf_weight=33.204902748577297 5.3087795027531675 4.5218442743644145 98.166205019224435 311.99191747326404 3.3344776295125467 6.926624758169055 76.302322834730148 1.7582178497686971 1.8189685828983773 64.785200294107199 35.933108660858124 1.1231368584558366 0.41679836157709349 0.76191902579739679 2.2469358872622247 0.95739712566137214 1.0614873757585881 129.94319643545896 14.784718191251157
leaf_count=1433 504 276 11674 14691 114 243 3157 68 60 2668 3660 107 37 68 149 45 66 8583 1049
internal_value=-0.00010049 0.00387331 -0.0184297 0.00584588 0.0115807 0.0479581 0.00426167 0.00247566 0.0114346 0.00777147 -0.00896988 0.012988 0.0865008 -0.00565982 -0.0025529 -0.000546131 0.051108 -0.00185165 -0.0165029
internal_weight=795.348 653.638 141.71 500.123 108.251 10.2611 391.871 313.75 78.1213 97.9901 43.5437 7.61063 1.53994 6.0707 153.516 134.209 3.30842 130.901 19.3066
internal_count=48652 32602 16050 22434 4458 357 17976 14759 3217 4101 4376 716 144 572 10168 8843 215 8628 1325
is_linear=0
shrinkage=0.03


Tree=35
num_leaves=20
num_cat=0
split_feature=12 12 12 7 2 7 9 3 3 3 7 7 2 7 0 2 1 9 5
split_gain=61.4797 8.61238 6.31201 6.05613 4.71645 14.2133 4.65316 4.71056 7.37002 4.5273 4.06052 5.2285 6.56197 4.37926 8.00688 5.81676 3.73327 6.58499 5.29705
threshold=5.5000000000000009 1.5000000000000002 13.500000000000002 345.42423724731538 18.250000000000004 398.25720163461716 0.41867883575179676 4.7150000000000007 4.4050000000000011 5.2150000000000007 448.47588058953778 189.01998282138996 33.850000000000001 641.39160031669235 37.95000000000001 18.650000000000002 22.250000000000004 0.089832668764965456 58.500000000000007
decision_type=2 2 2 2 2 2 2 2 2 2 2 2 2 2 2 2 2 2 2
left_child=1 6 3 -2 5 -5 16 8 -8 -6 11 12 -3 15 -15 -12 17 -1 -18
right_child=2 10 -4 4 9 -7 7 -9 -10 -11 13 -13 -14 14 -16 -17 18 -19 -20
leaf_value=-0.024636830637141768 -0.02376674767219893 0.0013244538470774136 -0.025369410329423039 0.15489283844693433 -0.012932662856219019 -0.011655155149809101 -0.0046249288550323188 -0.018437019836343868 0.035009186193783334 0.010098249990960716 0.027657803924525704 -0.0066054108157505252 0.037695521039633924 -0.014696363022080099 0.043055044798815598 0.0043601276754192293 0.0051803581903540254 0.010795709861556441 -0.019970586860313225
leaf_weight=4.8208559136837712 27.657416845671833 58.389363615773618 61.706292489543557 0.64681257866322939 37.939623584970832 1.6067568995058534 18.419119663536552 12.220414184965191 5.4784508123993865 9.6319419005885702 10.80221185646951 116.789661151357 4.8340208865702143 18.914353164844218 2.4392747087404123 90.025744631886482 77.692814717069268 226.89453630708158 8.3460611430928093
leaf_count=182 3166 3589 8175 38 3724 155 879 576 251 792 555 7667 281 1111 113 4787 3456 8795 360
internal_value=-0.000101155 0.00374088 -0.0182106 -0.0125094 -0.00626059 0.0361469 0.00691724 -0.00328642 0.00446108 -0.00826953 2.13483e-05 -0.00284362 0.00410536 0.00424237 -0.00809929 0.00685613 0.00807705 0.0100585 0.00274063
internal_weight=795.256 656.067 139.189 77.4826 49.8251 2.25357 353.872 36.118 23.8976 47.5716 302.195 180.013 63.2234 122.182 21.3536 100.828 317.754 231.715 86.0389
internal_count=48652 32602 16050 7875 4709 193 14499 1706 1130 4516 18103 11537 3870 6566 1224 5342 12793 8977 3816
is_linear=0
shrinkage=0.03


Tree=36
num_leaves=20
num_cat=0
split_feature=12 12 12 4 2 10 10 2 1 9 9 2 6 0 10 1 11 11 1
split_gain=58.7162 8.26534 6.27902 5.55755 7.88193 13.2835 5.75857 10.3444 5.53035 4.6493 14.518 6.85504 6.70947 6.79885 6.31658 5.76462 4.58384 8.98398 10.6908
threshold=5.5000000000000009 2.5000000000000004 13.500000000000002 4.3950000000000005 26.350000000000005 0.11403351712684807 0.40179188949197392 20.450000000000003 16.750000000000004 0.21599622743129346 0.21042420017888427 25.850000000000005 20.510023202783589 36.050000000000004 0.20122052746153654 21.050000000000004 0.71003314641650939 0.72636436435014684 22.150000000000002
decision_type=2 2 2 2 2 2 2 2 2 2 2 2 2 2 2 2 2 2 2
left_child=1 9 3 4 8 -6 -5 -8 -2 10 11 -1 13 -11 -12 -14 -3 18 -18
right_child=2 16 -4 6 5 -7 7 -9 -10 12 14 -13 15 -15 -16 -17 17 -19 -20
leaf_value=0.0024915283465022325 -0.013406702574869213 -0.016278087296288209 -0.025240613266172739 -0.021791175717099522 0.12956469688912814 0.0091023572903199401 0.10921942347917878 -0.015254374877284363 0.085851426324718053 0.0029675954390724832 0.076162114325445854 0.02020644706036363 -0.020562318804487167 0.013122619834693644 0.027610931386829872 0.0077967798377931953 0.082681022210608524 -0.0018042341364795269 -0.030488683103365333
leaf_weight=72.079624918289483 23.008270759601153 19.008882603608072 60.183581967372447 42.389757008291781 0.9366623954847445 6.8409475004300475 0.85974530410021488 1.9956826814450321 0.51654113503172894 293.05700747482479 3.6349835582077485 27.032706037163734 17.729790671728555 74.399480623193085 7.1664419416338205 10.140759361907838 2.3845307668671007 130.68069231789559 1.096820557489991
leaf_count=3014 2102 1325 8175 4744 59 601 91 223 55 13594 114 1087 870 2986 243 526 142 8628 73
internal_value=-0.00010097 0.00361406 -0.0179902 -0.0122898 -0.00257143 0.0236097 -0.0190134 0.0222236 -0.0112273 0.00546479 0.0109226 0.00732324 0.00394734 0.0050237 0.0439498 -0.0102438 -0.00249063 -0.00053714 0.0470262
internal_weight=795.143 658.412 136.731 76.5476 31.3024 7.77761 45.2452 2.85543 23.5248 505.241 109.914 99.1123 395.327 367.456 10.8014 27.8706 153.171 134.162 3.48135
internal_count=48652 32602 16050 7875 2817 660 5058 314 2157 22434 4458 4101 17976 16580 357 1396 10168 8843 215
is_linear=0
shrinkage=0.03


Tree=37
num_leaves=20
num_cat=0
split_feature=12 12 12 7 7 7 3 10 3 0 2 2 11 11 11 2 7 9 2
split_gain=56.0782 7.72925 6.24116 5.97602 7.83857 5.09319 13.9305 7.70614 6.19186 9.42979 6.38227 5.02413 4.56396 9.12913 14.4678 8.79449 5.30469 6.48953 6.23849
threshold=5.5000000000000009 2.5000000000000004 13.500000000000002 370.96572411162896 372.59255631871667 317.02175832807461 5.7150000000000007 0.10922056351910832 4.4150000000000009 33.650000000000013 19.350000000000005 27.250000000000004 0.93896673037345701 0.94675982096911826 0.94413899174299176 35.150000000000013 487.32536670728189 0.12341672335612007 25.450000000000003
decision_type=2 2 2 2 2 2 2 2 2 2 2 2 2 2 2 2 2 2 2
left_child=1 5 3 -2 -5 6 7 -1 10 -10 -7 -6 16 14 -14 -15 18 -18 -3
right_child=2 12 -4 4 11 8 -8 -9 9 -11 -12 -13 13 15 -16 -17 17 -19 -20
leaf_value=0.027476722405766648 -0.022367736387941439 -0.018268392859505721 -0.025109477061825005 0.092312477517049824 -0.012148638657113454 0.011131163261791279 0.12187257821080449 0.0066132519874334906 0.042996244276834357 0.005068401423592479 -0.0058278338846590519 0.012092297893639976 0.014893717531598271 -0.001484224729307248 0.16959357914000764 0.047849542989240774 0.048551648733009878 -0.00077798250765164954 0.002842803552508513
leaf_weight=17.468423738144338 30.375176263507456 41.884047575294971 58.705339060164988 0.73044653423130412 34.651566368993372 25.093345718458295 0.97930776514112849 181.30953511409461 6.1006663171574464 179.07152244448662 97.853638182394207 9.8914904454722983 1.9838297925889485 57.866656891070306 0.74969484563916911 3.4457571748644105 2.6419802559539702 26.222360889427364 18.016971061937511
leaf_count=700 3574 3046 8175 29 3382 1184 27 7883 261 7568 4811 890 135 3708 50 225 119 1616 1269
internal_value=-0.000101214 0.00349173 -0.0177696 -0.0120736 -0.00516702 0.00527161 0.00900278 0.00844671 0.00285265 0.00631797 -0.00236652 -0.00676556 -0.00242379 0.00367987 0.0573216 0.00128833 -0.0068277 0.0037372 -0.0119186
internal_weight=795.042 660.688 134.354 75.6487 45.2735 507.876 199.757 198.778 308.119 185.172 122.947 44.5431 152.811 64.0459 2.73352 61.3124 88.7654 28.8643 59.901
internal_count=48652 32602 16050 7875 4301 22434 8610 8583 13824 7829 5995 4272 10168 4118 185 3933 6050 1735 4315
is_linear=0
shrinkage=0.03


Tree=38
num_leaves=20
num_cat=0
split_feature=12 12 1 11 8 8 2 9 3 3 8 8 7 9 8 3 0 2 6
split_gain=53.5403 7.32136 6.2574 4.72145 9.92638 15.0443 10.0433 4.2466 4.52403 6.68813 4.19719 7.40222 6.36246 3.98783 8.00637 3.90871 7.90113 6.15293 3.85094
threshold=5.5000000000000009 1.5000000000000002 15.550000000000002 0.72844059505384584 0.33948195193378655 0.38279757729561609 31.750000000000004 0.41867883575179676 4.7150000000000007 4.5250000000000012 0.44778215141436356 0.40811319947239688 90.206717245577622 0.54305226578953814 0.44018760349761649 3.4250000000000003 30.450000000000003 26.450000000000003 8.4379158160146588
decision_type=2 2 2 2 2 2 2 2 2 2 2 2 2 2 2 2 2 2 2
left_child=1 7 3 4 6 -6 -2 10 9 -9 11 -1 -12 15 -15 17 -17 -3 -5
right_child=2 13 -4 18 5 -7 -8 8 -10 -11 12 -13 -14 14 -16 16 -18 -19 -20
leaf_value=0.0077051631864851304 -0.018764395671127199 -0.012015421462538277 -0.021966417994137309 0.0031404147728554691 0.15386132163113148 -0.030452732758818851 0.10524887446480496 -0.0027421224866642233 -0.018379623857869617 0.040707272382936581 0.042684861366282807 -0.0072134796029298589 0.011153718992243327 0.0017109932235494143 0.11388931315613642 0.083436168234497052 0.0010738944578721024 0.0090022320331577897 -0.019108396739712447
leaf_weight=232.72559453547001 5.178865384310483 50.286642252467573 90.559653785545379 9.8660435765050334 0.97658097278326728 0.67338701477274299 0.6629786449484526 20.393384875729684 12.165079257450996 3.7793421922251573 6.5094109736382952 34.350805496796966 49.997163169085979 1.8543625958263867 0.82842205185443152 1.0530269388109434 232.26004412025213 16.698738722130656 24.115355396643281
leaf_count=9206 521 3232 11674 1057 83 61 51 963 576 167 214 1419 1954 97 37 66 13631 1040 2603
internal_value=-0.000101372 0.00337329 -0.0175467 -0.00789597 0.0136617 0.0786388 -0.00469039 0.00626594 -0.00345822 0.00405108 0.00735795 0.00578636 0.014786 -6.29899e-05 0.0363507 -0.0003883 0.00144563 -0.00677595 -0.0126488
internal_weight=794.935 662.902 132.033 41.4732 7.49181 1.64997 5.84184 359.921 36.3378 24.1727 323.583 267.076 56.5066 302.981 2.68278 300.298 233.313 66.9854 33.9814
internal_count=48652 32602 16050 4376 716 144 572 14499 1706 1130 12793 10625 2168 18103 134 17969 13697 4272 3660
is_linear=0
shrinkage=0.03


Tree=39
num_leaves=20
num_cat=0
split_feature=12 12 12 7 7 3 10 10 0 3 7 7 0 1 9 2 4 6 4
split_gain=51.1248 6.93451 6.29523 5.91367 4.60609 11.3043 6.95922 6.07112 13.6623 6.12581 4.48624 4.33004 6.70679 30.5907 7.01189 5.72076 5.81899 5.73427 3.65667
threshold=5.5000000000000009 2.5000000000000004 13.500000000000002 345.42423724731538 317.02175832807461 5.7150000000000007 0.4079493191280264 0.45783739552490627 36.350000000000001 4.4150000000000009 349.84817093797295 492.89513403868779 32.350000000000001 17.850000000000005 0.07955525322719742 22.150000000000002 2.5450000000000004 23.49638317234259 3.7450000000000006
decision_type=2 2 2 2 2 2 2 2 2 2 2 2 2 2 2 2 2 2 2
left_child=1 4 3 -2 5 6 -1 9 -9 -6 -5 15 13 -13 -14 17 -17 -3 -12
right_child=2 11 -4 10 7 -7 -8 8 -10 -11 18 12 14 -15 -16 16 -18 -19 -20
leaf_value=0.0093520941208509369 -0.023207562149740308 -0.014752861246497931 -0.024877800541794181 0.080556702246776454 -0.0032532869404284805 0.10409114830819163 -0.013861124577129603 0.0083665540220789758 0.11157044652125919 0.0054615399502436195 0.0042473904020422946 0.16594801824570057 0.06934988464518535 0.0088912171345053997 -0.0047729067478703086 0.064850909273574592 -0.00043011064372284493 0.042036792954031663 -0.012881792992475754
leaf_weight=189.00487658940256 25.540745896287262 49.687621029093862 56.254282239824533 0.54107013437896867 120.36289595719427 1.106155877932905 12.385034784674643 5.357310824096202 1.4715581014752386 182.90126250684261 18.183345093391836 1.221514681354164 1.1906056450679887 12.938147303648291 32.566954897716641 1.2586840102449048 51.930930119939148 1.6534822341054667 29.274396410677582
leaf_count=8067 3166 3590 8175 54 5881 27 516 215 43 7685 1490 74 36 797 1895 84 3588 104 3165
internal_value=-0.000101228 0.00326004 -0.0173237 -0.0115452 0.00493068 0.00844985 0.00792453 0.0026326 0.030606 0.0020027 -0.00533947 -0.00235729 0.00511034 0.0224401 -0.00215865 -0.00578047 0.00111471 -0.0129239 -0.00631878
internal_weight=794.831 665.037 129.794 73.5396 512.589 202.496 201.39 310.093 6.82887 303.264 47.9988 152.448 47.9172 14.1597 33.7576 104.531 53.1896 51.3411 47.4577
internal_count=48652 32602 16050 7875 22434 8610 8583 13824 258 13566 4709 10168 2802 871 1931 7366 3672 3694 4655
is_linear=0
shrinkage=0.03


Tree=40
num_leaves=20
num_cat=0
split_feature=12 12 12 4 2 10 10 2 1 9 8 10 6 3 11 11 8 3 6
split_gain=48.7978 6.51838 6.24979 5.22567 7.08408 9.98922 5.766 9.07324 5.19481 4.07364 6.02768 5.60006 5.34364 5.29921 3.88855 7.623 7.51869 5.52051 10.2722
threshold=5.5000000000000009 1.5000000000000002 13.500000000000002 4.3950000000000005 26.350000000000005 0.11403351712684807 0.40179188949197392 20.450000000000003 16.750000000000004 0.30685671571034173 0.16542999768252437 0.066417621941831984 0.89843295201949414 5.8050000000000006 0.71003314641650939 0.57438856176922126 0.20851313889091724 5.5650000000000004 11.083154085302601
decision_type=2 2 2 2 2 2 2 2 2 2 2 2 2 2 2 2 2 2 2
left_child=1 9 3 4 8 -6 -5 -8 -2 12 -11 -12 -1 -14 15 16 -3 -16 -19
right_child=2 14 -4 6 5 -7 7 -9 -10 10 11 -13 13 -15 17 -17 -18 18 -20
leaf_value=-0.030779664018673214 -0.012677716269249578 -0.015765897503327936 -0.02474016159090588 -0.021124689358934946 0.10682365026181848 0.0090696102690492296 0.10110862151226885 -0.014255003952968026 0.08200236232399602 -0.030694814859934399 0.028483119862539531 0.001941325193204312 0.010285919112505541 -0.012415156211601637 2.8750396478639285e-05 -0.016366939905382304 0.038790261701606002 0.041912089020618319 -0.0034437982455642973
leaf_weight=3.0529835354536763 22.073743551503874 4.051333327777682 54.890876847784966 39.385778162628412 1.0907120015472163 6.84582215314731 0.91251918952912037 1.8729153270833192 0.53416955284774204 4.8564324369654051 7.5279573313891879 144.1853154329583 194.47793960571289 9.7170766256749612 246.2889157216996 29.654517349787056 5.1809114888310432 8.242952764034273 9.8813819885253888
leaf_count=127 2102 239 8175 4744 59 601 91 223 55 226 229 6421 7159 337 14890 1899 268 351 456
internal_value=-0.000101398 0.00314984 -0.0170986 -0.0113302 -0.0018805 0.0225039 -0.0181747 0.0235386 -0.0104407 0.00585743 0.00220517 0.00325832 0.00861661 0.00920564 -9.80116e-05 -0.00895569 0.0148497 0.00120467 0.0171841
internal_weight=794.724 667.118 127.607 72.7157 30.5444 7.93653 42.1712 2.78543 22.6079 363.818 156.57 151.713 207.248 204.195 303.3 38.8868 9.23224 264.413 18.1243
internal_count=48652 32602 16050 7875 2817 660 5058 314 2157 14499 6876 6650 7623 7496 18103 2406 507 15697 807
is_linear=0
shrinkage=0.03


Tree=41
num_leaves=20
num_cat=0
split_feature=12 12 12 7 7 8 11 11 1 9 7 3 11 10 3 9 3 11 12
split_gain=46.5881 6.24278 6.19798 5.81171 7.13407 5.50665 4.2947 8.16538 9.142 7.86951 4.27674 5.90107 7.52806 6.32888 5.16814 10.1414 8.69288 4.15038 4.94426
threshold=5.5000000000000009 2.5000000000000004 13.500000000000002 370.96572411162896 372.59255631871667 0.24118443597953276 0.71003314641650939 0.72636436435014684 22.150000000000002 0.07955525322719742 200.41636668963096 3.9150000000000005 0.71419736881054041 0.43199765416663372 4.4050000000000011 0.54305226578953814 4.6950000000000012 0.57438856176922126 4.5000000000000009
decision_type=2 2 2 2 2 2 2 2 2 2 2 2 2 2 2 2 2 2 2
left_child=1 10 3 -2 -5 -6 17 8 -8 -9 11 12 -1 -13 15 -12 -16 18 -3
right_child=2 6 -4 4 5 -7 7 9 -10 -11 14 13 -14 -15 16 -17 -18 -19 -20
leaf_value=0.030522875988396241 -0.021740379024366367 -0.0061224076046201732 -0.024600101153447244 0.0864393269027319 0.021260755319127324 -0.01014021553512413 0.074524956738549392 0.078489586254775173 -0.030471952918761692 -0.0023404670084086489 -0.0014760335513206097 0.01739633833630546 -0.0021595757835335626 -0.030911141397625425 0.016516532351019995 0.081501529706998699 0.0027603959833591785 -0.023981060752979025 0.073636092471396464
leaf_weight=7.3285213531926265 28.19764801254496 3.6792957391589907 53.567341564688832 0.76659690216183562 5.8127214265987268 37.148193906992674 2.5684502981603141 1.0932293077930797 1.0520224794745443 128.93504792544991 169.46037246473134 63.942519994452596 47.169058310799301 2.5377188380807629 54.562575003132224 1.3360713105648745 170.65776508208364 13.924890668131409 0.8637109613046049
leaf_count=299 3574 221 8175 29 559 3713 142 45 73 8583 8165 2427 2035 97 2347 57 7007 1049 55
internal_value=-0.000101085 0.0030448 -0.0168746 -0.0111209 -0.00427291 -0.00589158 -0.00229734 -0.000423533 0.0440154 -0.00166088 0.00461663 0.00955336 0.00223537 0.0155523 0.00310853 -0.000826934 0.006093 -0.0158578 0.00904118
internal_weight=794.604 669.111 125.493 71.9252 43.7275 42.9609 152.117 133.649 3.62047 130.028 516.995 120.978 54.4976 66.4802 396.017 170.796 225.22 18.4679 4.54301
internal_count=48652 32602 16050 7875 4301 4272 10168 8843 215 8628 22434 4858 2334 2524 17576 8222 9354 1325 276
is_linear=0
shrinkage=0.03


Tree=42
num_leaves=20
num_cat=0
split_feature=12 1 12 11 8 6 2 11 1 11 6 9 2 6 10 1 11 3 3
split_gain=44.4623 6.16934 5.84731 4.43916 8.67108 12.7498 8.36756 4.28027 8.42393 8.4489 5.36786 8.02681 6.11077 4.16658 6.57133 16.9472 7.41929 4.2368 11.3463
threshold=5.5000000000000009 15.550000000000002 2.5000000000000004 0.72844059505384584 0.33948195193378655 12.271947753054596 31.750000000000004 0.93896673037345701 48.050000000000004 0.94675982096911826 7.9119116707676627 0.33155469368393048 25.450000000000003 20.510023202783589 0.40179188949197392 22.950000000000003 0.76101619724949876 4.4050000000000011 4.6950000000000012
decision_type=2 2 2 2 2 2 2 2 2 2 2 2 2 2 2 2 2 2 2
left_child=2 3 13 4 6 -6 -2 10 9 -9 11 -4 -12 17 16 -16 -15 -1 -19
right_child=1 -3 7 -5 5 -7 -8 8 -10 -11 12 -13 -14 14 15 -17 -18 18 -20
leaf_value=0.0024029208990927978 -0.018181237867945396 -0.02127046337769857 -0.0037809175116026469 -0.011724839478558218 0.00022780824231986534 0.16330246411834959 0.089354860646737699 0.052761378897998389 0.11326276723423281 0.00018968701661556362 -0.016809060778672349 0.038889691765333474 0.0031943699611798578 0.014565159406556036 -0.012724078885728742 0.15473371419605358 -0.016761949695409003 0.018603025561344917 0.0040068291777915974
leaf_weight=241.67475161608309 4.933487274684011 83.689273421652615 16.845472801476721 32.308889358304441 0.97495986754074671 0.77407570602372289 0.75026337103918184 2.8822070118039838 0.62493140436708827 60.578652878291905 46.079432804137468 5.1899908408522597 19.586842574179173 9.2394425859674794 1.6604727534577244 0.80887271463870991 25.812596609815955 66.167651049792767 173.90699448622763
leaf_count=10991 521 11674 1154 3660 79 65 51 185 29 3904 3229 358 1309 375 73 39 1269 2707 6980
internal_value=-0.000100761 -0.0166486 0.00294296 -0.00691574 0.0139885 0.0724002 -0.00398632 -0.00223666 0.00365669 0.00257734 -0.00654307 0.00626925 -0.0108425 0.00445701 -0.00517208 0.0421293 -0.00850437 0.00520698 0.00802973
internal_weight=794.489 123.431 671.058 39.7417 7.43279 1.74904 5.68375 151.788 64.0858 63.4609 87.7017 22.0355 65.6663 519.271 37.5214 2.46935 35.052 481.749 240.075
internal_count=48652 16050 32602 4376 716 144 572 10168 4118 4089 6050 1512 4538 22434 1756 112 1644 20678 9687
is_linear=0
shrinkage=0.03


Tree=43
num_leaves=20
num_cat=0
split_feature=12 12 0 2 12 12 7 3 2 3 3 1 2 9 7 9 7 0 3
split_gain=42.5069 9.05156 4.41719 9.99008 11.0723 17.3861 3.99099 5.43976 11.5663 3.55957 8.31839 11.3517 9.75041 7.05416 6.87279 6.7963 3.44678 5.19372 3.61058
threshold=7.5000000000000009 3.5000000000000004 35.550000000000004 30.150000000000002 12.500000000000002 9.5000000000000018 17.292602364115449 3.8150000000000004 23.550000000000004 4.4050000000000011 4.7650000000000006 10.950000000000001 27.350000000000005 0.54305226578953814 216.9330790850546 0.56763453155218879 441.73780301031547 34.250000000000007 4.9850000000000012
decision_type=2 2 2 2 2 2 2 2 2 2 2 2 2 2 2 2 2 2 2
left_child=1 9 -2 -4 5 -5 7 -3 -9 13 11 -11 -12 14 -1 -15 18 -18 -8
right_child=2 6 3 4 -6 -7 16 8 -10 10 12 -13 -14 15 -16 -17 17 -19 -20
leaf_value=0.0069737897121208061 -0.023262479470664437 -0.0076371661019982457 -0.015824567524066951 -0.030372125282908224 -0.0099712704610690362 0.19756541574906045 -0.015766008784479934 0.0884906860274116 -0.030639640131743587 0.06395559131817867 0.0059596676520043872 0.011103534082394683 -0.010455640423599326 0.10840297702151087 -0.0023863680408887818 0.0094903169343591495 0.0090567612080782092 -0.011504701230783187 0.007107422973652207
leaf_weight=111.9998024282977 69.034203117713332 3.9497326747514299 16.636321252677593 0.48699689470231466 1.4813283099792895 0.78928086441010237 45.24203682737425 2.0153255378827457 1.1531999595463274 3.8001886969432226 154.14096975885332 97.387622272595763 41.289704005233943 1.0776135828346005 191.00101232528687 1.4891158873215318 22.046109017916024 22.179845279082656 7.1992596648633471
leaf_count=4940 10239 335 2178 47 212 70 4162 133 72 164 6408 4208 1753 45 9642 62 1752 1628 602
internal_value=-0.00010078 0.00235525 -0.0197086 -0.00705839 0.045827 0.11059 -0.00582726 0.0158521 0.0451326 0.00376548 0.00610653 0.0130884 0.00249152 0.001493 0.00107348 0.0510177 -0.00742365 -0.00125506 -0.0126259
internal_weight=794.4 705.972 88.4281 19.3939 2.75761 1.27628 103.786 7.11826 3.16853 602.186 296.618 101.188 195.431 305.568 303.001 2.56673 96.6673 44.226 52.4413
internal_count=48652 35906 12746 2507 329 117 8684 540 205 27222 12533 4372 8161 14689 14582 107 8144 3380 4764
is_linear=0
shrinkage=0.03


Tree=44
num_leaves=20
num_cat=0
split_feature=12 12 3 2 10 8 8 6 11 10 8 6 8 10 9 3 8 9 9
split_gain=40.7233 8.52058 4.38533 5.56966 10.326 8.60422 3.75472 8.1265 15.0696 6.33893 3.53832 8.83824 8.10735 11.2359 8.0568 6.58123 3.27645 2.57475 11.2912
threshold=7.5000000000000009 3.5000000000000004 4.6850000000000014 30.150000000000002 0.11403351712684807 0.31375507655560869 0.34507489543521763 3.4223810560883048 0.80338016146204216 0.1065382853757624 0.22082447873401886 1.0942358308805844 0.25792530596928126 0.016205299113520592 0.22439588448858641 5.5650000000000004 0.090340648934080989 0.25840615142191864 0.25281330122127427
decision_type=2 2 2 2 2 2 2 2 2 2 2 2 2 2 2 2 2 2 2
left_child=1 10 16 17 -5 -6 7 8 -3 -9 11 -1 13 -12 -14 -13 -2 18 -4
right_child=2 6 3 4 5 -7 -8 9 -10 -11 12 15 14 -15 -16 -17 -18 -19 -20
leaf_value=0.0825062051258562 0.079467795320023904 -0.030378564879160463 -0.011148876276719523 0.15203557496915557 0.069595888318465846 -0.030270470450813807 -0.011233017273748782 0.034529875880080309 0.093434567333721588 -0.0064548722647737068 0.13305347094340556 -0.007804485093627047 0.0099541688824493907 0.014373699503805445 0.0010809687436536819 0.030318947089367328 -0.024595098630818921 -0.02241072078534536 0.12678724982292053
leaf_weight=1.0600697398185719 0.27357067819684644 1.4888992439955466 7.8475575968623215 0.4923718362115318 1.2010063873603942 2.1964934803545475 53.232932438142598 3.6904818038456133 2.1802895492874086 42.616144075524062 0.72904938738793035 53.593399397097528 122.04233083873987 47.182816392742097 375.33793375175446 4.4107629992067805 58.835523437242955 15.323364819400011 0.5731124379672109
leaf_count=51 44 129 1019 39 135 273 4486 275 177 3617 21 2489 5009 2111 17372 169 9112 2048 76
internal_value=-0.000100797 0.00227759 -0.0195014 -0.00963604 0.0236394 0.005032 -0.00568879 0.000216783 0.0431931 -0.00318853 0.00363805 -0.00333665 0.00439352 0.0161796 0.00325819 -0.0049055 -0.0241135 -0.0150874 -0.00176092
internal_weight=794.308 707.565 86.743 27.6339 3.88987 3.3975 103.209 49.9758 3.66919 46.3066 604.356 59.0642 545.292 47.9119 497.38 58.0042 59.1091 23.744 8.42067
internal_count=48652 35906 12746 3590 447 408 8684 4198 306 3892 27222 2709 24513 2132 22381 2658 9156 3143 1095
is_linear=0
shrinkage=0.03


Tree=45
num_leaves=20
num_cat=0
split_feature=12 12 3 7 6 4 11 6 9 6 3 3 7 8 6 7 12 12 6
split_gain=39.0119 8.02183 4.34539 3.76873 5.72143 8.9636 4.76119 4.43288 8.14581 4.06355 3.34978 9.68285 10.2415 5.65984 4.53767 4.08992 3.24257 16.0883 2.9944
threshold=7.5000000000000009 3.5000000000000004 4.6850000000000014 17.292602364115449 11.555232545062212 5.5450000000000008 0.76286341446813355 3.4223810560883048 0.42680320681905426 12.215417842536608 3.1650000000000005 3.2250000000000005 307.68545660055662 0.24118443597953276 2.4912529379062014 622.21847016236745 35.500000000000007 33.500000000000007 16.895595284776942
decision_type=2 2 2 2 2 2 2 2 2 2 2 2 2 2 2 2 2 2 2
left_child=1 10 -2 4 5 -3 -6 8 -5 -9 13 12 -12 -1 -15 -13 17 18 -4
right_child=2 3 16 7 6 -7 -8 9 -10 -11 11 15 -14 14 -16 -17 -18 -19 -20
leaf_value=-0.020812416710068497 -0.023962139575811822 0.091485281409491817 -0.002353847891665325 0.003192476770352129 0.058613441495687896 -0.0013174536099943698 -0.030394265921326828 -0.015627471604101491 0.098232858653493252 -0.0027475155433010772 -0.0033891288573270652 0.0050452407255237412 0.082323960434053572 -0.03063478252782512 0.0028184050710752312 -0.0030714163730256169 -0.030198411995850993 0.17600137448955536 -0.030262679640073994
leaf_weight=12.221746609546242 57.720822491683066 1.7156797302886837 17.18341562524439 6.2529848790727547 0.67426745733246241 2.0630859341472387 2.734172239433974 42.679522071965039 0.93269841512665141 45.598857022821903 2.1998147284612051 447.95301351137459 2.9199670124799013 3.8399072038009754 73.485322809778154 63.835322177968919 5.4345787521451703 0.4364748066291203 4.3322678534314027
leaf_count=644 9156 65 2135 518 64 175 236 3638 72 3916 110 19726 144 197 3722 2679 842 68 545
internal_value=-0.00010069 0.00220276 -0.0192928 -0.00555291 0.0153967 0.0408179 -0.0127865 -0.00713014 0.0155287 -0.00897453 0.00351552 0.00444352 0.0454956 -0.00184135 0.00115715 0.00403285 -0.00945161 -0.00431543 -0.0079734
internal_weight=794.214 709.106 85.1076 102.651 7.18721 3.77877 3.40844 95.4641 7.18568 88.2784 606.455 516.908 5.11978 89.547 77.3252 511.788 27.3867 21.9522 21.5157
internal_count=48652 35906 12746 8684 540 240 300 8144 590 7554 27222 22659 254 4563 3919 22405 3590 2748 2680
is_linear=0
shrinkage=0.03


Tree=46
num_leaves=20
num_cat=0
split_feature=12 12 3 2 10 1 8 10 8 12 10 2 2 9 12 0 7 8 8
split_gain=37.3595 7.55456 4.3068 5.26984 8.20113 8.09658 3.58883 5.45054 7.80879 4.09023 3.50854 4.72544 12.6827 8.95752 3.35591 6.08462 4.88407 3.06296 2.66336
threshold=7.5000000000000009 3.5000000000000004 4.6850000000000014 30.150000000000002 0.11403351712684807 18.250000000000004 0.34507489543521763 0.22267051186659945 0.26184729746819996 6.5000000000000009 0.32987895573731824 20.850000000000005 19.750000000000004 0.23829234424804616 1.5000000000000002 23.150000000000002 1001.4142714313294 0.090340648934080989 0.52602188970694741
decision_type=2 2 2 2 2 2 2 2 2 2 2 2 2 2 2 2 2 2 2
left_child=1 10 17 -4 -5 -6 7 8 -3 -9 14 12 -12 -13 16 -16 -1 -2 -19
right_child=2 6 3 4 5 -7 -8 9 -10 -11 11 13 -14 -15 15 -17 -18 18 -20
leaf_value=0.0036139076579718649 0.073611546285184168 -0.010840805070445308 -0.014720289935504992 0.12866209391749261 -0.010564293480960453 0.14220392447654009 -0.010904148168362755 -0.012019189652753151 0.028046318237908867 0.019960226438075546 0.0046561765872152328 0.018265159232788163 0.036486329085027809 -0.003166001450278197 0.042232323842096041 -0.0017381541314877387 0.031496420959214268 -0.02571619326972097 0.0060875515454524506
leaf_weight=286.2862944919616 0.28897378779947658 7.6663353634066906 23.190564795397226 0.56414386769756619 3.040554055012763 0.34796465002000321 52.347420683596283 26.117175726220015 11.801991094835101 4.1749644861556581 35.531825978308916 25.031927082687616 16.496931682340801 58.744203165173531 2.8782557360827914 177.75907712802291 5.7679795399308196 53.603318622335792 2.4794401829130939
leaf_count=11171 44 646 3143 39 360 48 4486 2155 982 415 1508 991 706 2637 130 9868 211 8737 375
internal_value=-0.000100201 0.00213053 -0.0190808 -0.00926298 0.0227554 0.00512337 -0.00542059 0.000348049 0.0127332 -0.00761168 0.00339763 0.00764761 0.0147487 0.00323753 0.00217661 -0.00103753 0.00416458 -0.0238082 -0.0243101
internal_weight=794.119 710.604 83.515 27.1432 3.95266 3.38852 102.108 49.7605 19.4683 30.2921 608.496 135.805 52.0288 83.7761 472.692 180.637 292.054 56.3717 56.0828
internal_count=48652 35906 12746 3590 447 408 8684 4198 1628 2570 27222 5842 2214 3628 21380 9998 11382 9156 9112
is_linear=0
shrinkage=0.03


Tree=47
num_leaves=20
num_cat=0
split_feature=12 12 0 2 6 12 7 6 4 11 6 9 9 0 9 10 11 11 10
split_gain=35.7763 7.11096 4.26691 8.24472 9.20182 7.89077 3.55056 5.20156 7.47254 4.37611 4.18026 7.07706 3.98228 3.30864 13.0927 3.25608 6.32632 7.53939 3.19631
threshold=7.5000000000000009 3.5000000000000004 35.550000000000004 30.150000000000002 5.8097401019397408 11.500000000000002 17.292602364115449 11.555232545062212 5.5450000000000008 0.76286341446813355 3.4223810560883048 0.40316059393879528 0.044680710029218064 35.850000000000001 0.20480926357369181 0.32987895573731824 0.80894703668026924 0.82405120153702383 0.51544304687497255
decision_type=2 2 2 2 2 2 2 2 2 2 2 2 2 2 2 2 2 2 2
left_child=1 15 18 13 -5 -6 7 8 -3 -9 11 -8 -12 14 -4 -1 -17 -18 -2
right_child=2 6 3 4 5 -7 10 9 -10 -11 12 -13 -14 -15 -16 16 17 -19 -20
leaf_value=0.0021065175271312289 -0.023044746432257002 0.082020100196647114 0.15750124817630562 0.16128280680285539 0.075981400203676497 -0.030247813249808169 0.00041227257423059009 0.053175036928098884 -0.0010790378392565034 -0.030379027947974032 0.067671322458578806 0.075040464853785613 -0.0092080380336297379 -0.021125415772053985 -0.016084916598227229 -0.01723968539860133 0.063890329305839419 0.0080860099908195461 0.079954011050087995
leaf_weight=473.66478505451232 62.908777543343604 1.8581399414688342 0.47938150400296153 0.46859158994629924 1.1267874762415888 1.425459614023566 5.8437374066561452 0.71793081052601371 2.0465851193293929 2.6337906178086996 0.61067752912640472 1.4219134151935575 86.445813002530485 13.163937892299144 2.1225101365707815 8.8027419103309494 2.2173418467864385 125.78034472092986 0.27233484154567023
leaf_count=21380 10197 65 66 44 92 193 486 64 175 236 39 104 7515 1804 308 363 92 5387 42
internal_value=-9.95522e-05 0.00206104 -0.0188684 -0.00631603 0.0390864 0.0166512 -0.00528852 0.014933 0.0384653 -0.0124819 -0.00684421 0.0150173 -0.00866875 -0.0150154 0.0158972 0.00328398 0.00736088 0.00905272 -0.0226008
internal_weight=794.012 712.044 81.9678 18.7867 3.02084 2.55225 101.579 7.25645 3.90473 3.35172 94.3221 7.26565 87.0565 15.7658 2.60189 610.465 136.8 127.998 63.1811
internal_count=48652 35906 12746 2507 329 285 8684 540 240 300 8144 590 7554 2178 374 27222 5842 5479 10239
is_linear=0
shrinkage=0.03


Tree=48
num_leaves=20
num_cat=0
split_feature=12 12 4 4 11 10 7 8 6 7 10 10 3 3 1 9 7 9 10
split_gain=34.2638 6.69786 4.26721 6.48089 10.9666 3.84943 10.9864 3.42515 6.64819 12.919 5.74543 3.28987 3.22849 7.54804 9.68545 6.26856 6.34465 5.37748 5.0741
threshold=7.5000000000000009 3.5000000000000004 3.9350000000000005 3.8950000000000005 0.81584345901878397 0.11403351712684807 515.64444764022426 0.34507489543521763 3.4223810560883048 451.83990960869386 0.1065382853757624 0.51544304687497255 4.4050000000000011 4.7650000000000006 10.950000000000001 0.54305226578953814 216.9330790850546 0.56763453155218879 0.055102833753959517
decision_type=2 2 2 2 2 2 2 2 2 2 2 2 2 2 2 2 2 2 2
left_child=1 12 3 5 -5 6 -2 8 9 -3 -10 -4 15 14 -14 16 -1 -17 -15
right_child=2 7 11 4 -6 -7 -8 -9 10 -11 -12 -13 13 18 -16 17 -18 -19 -20
leaf_value=0.006226942164249182 -0.030339552177495548 -0.0055609782782826533 -0.023725204959014728 0.18145410455666472 -0.030223273120343484 -0.015731329534502299 0.087304788906674813 -0.010579202915650095 0.032510984751763443 0.10554724169346665 -0.0059827710969711529 0.081559804840210803 0.057181532803627103 0.026541605067034426 0.010078420112706892 0.093704412326404932 -0.0026938524269443601 0.0087718768692720741 0.0010169164889302466
leaf_weight=114.20309111941606 1.6319388821721141 2.4157786299474533 55.747180096339434 0.42453873157501121 0.4578162538819015 20.672012435737997 1.2707167039625344 51.499174969270825 3.8075663000345221 1.5436884798109529 41.797068859450519 0.26839451398700376 4.0898720575496545 7.2760375905781975 99.776270136237144 1.2038677670061579 193.03995906654745 1.5155485961586237 191.27411369606853
leaf_count=4940 186 203 9517 32 65 2798 109 4486 275 103 3617 39 164 250 4208 45 9642 62 7911
internal_value=-9.89987e-05 0.00199414 -0.018656 -0.00820105 0.0716238 -0.0111887 0.0211625 -0.00516109 0.000468553 0.0377571 -0.0027689 -0.0232207 0.00317499 0.00538027 0.0119332 0.0010234 0.000622032 0.046371 0.00195229
internal_weight=793.915 713.442 80.4726 24.457 0.882355 23.5747 2.90266 101.063 49.5641 3.95947 45.6046 56.0156 612.379 302.416 103.866 309.962 307.243 2.71942 198.55
internal_count=48652 35906 12746 3190 97 3093 295 8684 4198 306 3892 9556 27222 12533 4372 14689 14582 107 8161
is_linear=0
shrinkage=0.03


Tree=49
num_leaves=20
num_cat=0
split_feature=12 12 3 2 3 4 6 8 8 11 6 8 3 4 4 3 9 10 8
split_gain=32.8069 6.31111 4.24456 4.62258 6.19496 11.3817 3.85164 6.03285 18.7967 8.88252 3.89215 7.71791 4.99982 3.78759 3.88804 14.394 4.43928 3.5617 2.97691
threshold=7.5000000000000009 2.5000000000000004 4.6850000000000014 30.150000000000002 4.9850000000000012 3.4350000000000005 20.510023202783589 0.45627773902529678 0.46689237928905408 0.76101619724949876 16.035132142958563 0.4131587375737476 5.5650000000000004 2.2350000000000008 5.4750000000000005 3.9650000000000003 0.33558584863254887 0.51544304687497255 0.090340648934080989
decision_type=2 2 2 2 2 2 2 2 2 2 2 2 2 2 2 2 2 2 2
left_child=1 6 17 -4 -5 -6 10 9 -9 -8 12 -12 -1 -3 15 -15 -16 18 -2
right_child=2 13 3 4 5 -7 7 8 -10 -11 11 -13 -14 14 16 -17 -18 -19 -20
leaf_value=0.0019946599119877581 0.070832450860938798 -0.02578529302990391 -0.014012026898976472 -0.03028026415138646 -0.0097357989919435832 0.11385051440105341 0.013391219762176419 0.13463165393311546 -0.0023575715556267921 -0.021281202499198747 0.015020485476568717 -0.0041972521725190375 0.014270937640928093 0.035992240470991532 -0.013165387955624766 -0.0019810731723089296 0.0022839129963780169 0.089473511545299769 -0.024431230724948998
leaf_weight=366.88384048640728 0.29690551431849499 6.2753710336983195 22.188510830514137 1.4126369105651964 1.4542109761387112 1.2447218853048978 9.4749469058588165 1.0874202083796252 5.2717731958255172 22.302331451326609 68.720247828401625 25.894852713681757 32.50344380363822 9.9258408220484835 45.20064144115895 94.670576228760183 26.584402082953602 0.25061463611200352 52.168171394616365
leaf_count=15610 44 397 3143 175 154 118 372 44 232 1108 2853 1060 1155 717 3641 6658 2059 34 9078
internal_value=-9.85885e-05 0.00192915 -0.018442 -0.00859795 0.0206197 0.047261 0.00358068 -0.00560531 0.0210675 -0.010943 0.00428983 0.00976085 0.00299374 -0.00288232 -0.00206747 0.00162246 -0.007444 -0.0233532 -0.0238921
internal_weight=793.811 714.796 79.0158 26.3001 4.11157 2.69893 532.139 38.1365 6.35919 31.7773 494.002 94.6151 399.387 182.657 176.381 104.596 71.785 52.7157 52.4651
internal_count=48652 35906 12746 3590 447 272 22434 1756 276 1480 20678 3913 16765 13472 13075 7375 5700 9156 9122
is_linear=0
shrinkage=0.03


Tree=50
num_leaves=20
num_cat=0
split_feature=12 12 4 4 9 10 7 7 6 4 11 6 9 6 8 6 8 1 9
split_gain=31.4043 6.04955 4.2137 5.80277 9.79329 3.60459 9.48583 3.35331 4.69381 6.1054 4.10241 3.68811 5.86091 4.01433 3.16944 7.62194 7.34028 8.86774 7.19824
threshold=7.5000000000000009 3.5000000000000004 3.9350000000000005 3.8950000000000005 0.25732570302455049 0.11403351712684807 515.64444764022426 17.292602364115449 11.555232545062212 5.5450000000000008 0.76286341446813355 3.4223810560883048 0.40316059393879528 12.215417842536608 0.22082447873401886 1.0942358308805844 0.25792530596928126 28.950000000000003 0.22439588448858641
decision_type=2 2 2 2 2 2 2 2 2 2 2 2 2 2 2 2 2 2 2
left_child=1 14 3 5 -5 6 -2 8 9 -3 -10 12 -9 -13 15 -1 17 -16 -18
right_child=2 7 -4 4 -6 -7 -8 11 10 -11 -12 13 -14 -15 16 -17 18 -19 -20
leaf_value=0.072474218918426855 -0.030335084581082021 0.073255729484947227 -0.022901584187592562 0.16339618129363365 -0.030260875215998618 -0.015304271030816829 0.077393119663143842 3.5326049426969835e-05 0.04951912694673332 -0.00061569020141946673 -0.030363186381420604 -0.015032993754962158 0.065315704021173565 -0.002022776251418426 0.01933877475042502 -0.0051087598163867144 0.0088436272846702437 -0.020254056663486484 0.00055761514082075081
leaf_weight=1.162325982004403 1.5685297795571451 2.0126059688627711 53.61584159033373 0.46386452252045174 0.47638141084462404 20.089082729071379 1.3853473416529594 5.9144677012227467 0.75057638715952668 2.0151599631644785 2.5252859480679035 41.064869580790401 1.5653778724372385 44.447021533269435 43.648903016000986 58.439636373892426 125.37175960838795 5.7634812043979755 381.43460392765701
leaf_count=51 186 65 9556 35 62 2798 109 486 64 175 236 3638 104 3916 1840 2658 5009 292 17372
internal_value=-9.81675e-05 0.00186619 -0.018226 -0.0077736 0.0652786 -0.0107544 0.0201887 -0.00496628 0.0146073 0.0362966 -0.0120603 -0.00650361 0.0136972 -0.0082706 0.00297895 -0.00359578 0.00368347 0.0147207 0.00260738
internal_weight=793.715 716.116 77.599 23.9832 0.940246 23.043 2.95388 100.295 7.30363 4.02777 3.27586 92.9917 7.47985 85.5119 615.821 59.602 556.219 49.4124 506.806
internal_count=48652 35906 12746 3190 97 3093 295 8684 540 240 300 8144 590 7554 27222 2709 24513 2132 22381
is_linear=0
shrinkage=0.03


Tree=51
num_leaves=20
num_cat=0
split_feature=12 12 3 2 12 12 8 6 11 12 4 8 8 3 6 9 3 0 8
split_gain=30.059 5.69833 4.18895 4.348 5.95174 9.63133 3.27094 5.74643 10.9888 4.53853 3.15191 2.97443 6.76397 8.15082 6.73896 6.69466 5.92426 2.78691 8.95617
threshold=7.5000000000000009 3.5000000000000004 4.6850000000000014 30.150000000000002 12.500000000000002 9.5000000000000018 0.34507489543521763 3.4223810560883048 0.80338016146204216 6.5000000000000009 4.495000000000001 0.22082447873401886 0.25792530596928126 2.8350000000000004 1.0942358308805844 0.22439588448858641 5.5650000000000004 34.850000000000001 0.37971453264803362
decision_type=2 2 2 2 2 2 2 2 2 2 2 2 2 2 2 2 2 2 2
left_child=1 11 -2 17 5 -5 7 8 -3 -9 -6 14 13 -13 -1 -14 -16 18 -4
right_child=2 6 3 4 10 -7 -8 9 -10 -11 -12 12 15 -15 16 -17 -18 -19 -20
leaf_value=0.065558697283176315 -0.023037669747108806 -0.030388653859488243 -0.030223835855095152 -0.030439674867927966 -0.030241139444756222 0.10419768333474219 -0.010205603318050427 -0.006342484700825309 0.071052910538504474 0.020853326956588338 0.078665850350473965 -0.024080306820180232 0.0085059722568687941 0.017912584311034999 -0.0077885197252454815 0.00054059530546299946 0.027663398031736924 -0.017591510319876803 0.082555198472509805
leaf_weight=1.2450304441153992 50.438815404661 1.5053043020889152 1.568252829369164 0.74618631368502919 1.8129478311166169 1.3314079577103255 50.556206163018942 38.652348690200597 2.6583441318944097 6.4433663929812601 0.27551564527675498 4.5783076947554937 126.42173750326037 45.528957166709006 53.549489330500364 381.63706255052239 4.6072471737861624 18.985405922401696 1.0634976294822989
leaf_count=51 9156 129 227 64 257 87 4486 3255 177 637 39 238 5009 1894 2489 17372 169 2765 151
internal_value=-9.74885e-05 0.00180565 -0.0180094 -0.00817273 0.0198903 0.0558415 -0.00484498 0.000656781 0.0343782 -0.00245669 -0.0158738 0.00288057 0.00355977 0.0140757 -0.00350152 0.00252264 -0.00497998 -0.013581 0.0153505
internal_weight=793.605 717.383 76.222 25.7832 4.16606 2.07759 99.8156 49.2594 4.16365 45.0957 2.08846 617.568 558.166 50.1073 59.4018 508.059 58.1567 21.6172 2.63175
internal_count=48652 35906 12746 3590 447 151 8684 4198 306 3892 296 27222 24513 2132 2709 22381 2658 3143 378
is_linear=0
shrinkage=0.03


Tree=52
num_leaves=20
num_cat=0
split_feature=12 12 7 6 12 2 11 7 4 4 11 3 3 6 2 2 7 0 5
split_gain=28.7698 5.42019 4.74333 7.0438 8.15845 5.17389 4.25489 9.86347 4.14221 5.30925 7.29512 3.6858 13.4107 10.7885 5.34357 11.8562 5.00639 4.22174 3.60859
threshold=7.5000000000000009 1.5000000000000002 446.66143801192112 1.9459002802613938 4.5000000000000009 18.250000000000004 0.53655503073827127 80.995031211033563 3.9350000000000005 3.8950000000000005 0.81584345901878397 4.7150000000000007 4.5150000000000006 18.797412975442647 26.850000000000005 26.450000000000003 555.01789265481909 35.250000000000007 14.450000000000001
decision_type=2 2 2 2 2 2 2 2 2 2 2 2 2 2 2 2 2 2 2
left_child=1 11 6 4 -4 -5 7 -3 9 -2 -11 12 17 -14 15 -13 -16 -1 -8
right_child=8 2 3 5 -6 -7 18 -9 -10 10 -12 14 13 -15 16 -17 -18 -19 -20
leaf_value=0.0039239804043585402 -0.0103532428119033 0.12144588601637835 0.018622997218103645 0.029052905944564163 0.11186965077737823 0.00060748507172055522 0.068671821810296518 0.0039210969252359441 -0.022571237729265579 0.13393987708742375 -0.03021770490600259 0.0018581959859968219 0.02893572621898708 -0.018702373692585164 -0.020054803028011298 0.069459838292229251 0.005493655149168419 -0.030883850879857313 -0.0048629908068125987
leaf_weight=206.18024627212435 22.566240921150897 0.78859765455126662 4.2583294939249745 6.0263064224272958 1.0533604072406886 127.76195389963686 0.60247563011944194 3.4740919112227857 51.335107415914536 0.54654145985841651 0.43962046504020691 100.6454024175182 33.063616089522839 4.9144790256395927 19.357919576577846 2.3903889358043662 10.728904375806449 3.1844685571268192 194.18368750950322
leaf_count=8165 3093 39 209 321 68 7290 24 201 9556 32 65 3650 1154 188 725 85 413 119 13255
internal_value=-9.6834e-05 0.00174721 -0.00101644 0.00323391 0.0371147 0.00188877 -0.00398669 0.0256632 -0.0177922 -0.00737565 0.0607602 0.00420349 0.00636973 0.0227712 0.000178606 0.00342653 -0.0109443 0.00339455 -0.00463555
internal_weight=793.502 718.614 338.149 139.1 5.31169 133.788 199.049 4.26269 74.8875 23.5524 0.986162 380.465 247.343 37.9781 133.123 103.036 30.0868 209.365 194.786
internal_count=48652 35906 21407 7888 277 7611 13519 240 12746 3190 97 14499 9626 1342 4873 3735 1138 8284 13279
is_linear=0
shrinkage=0.03


Tree=53
num_leaves=20
num_cat=0
split_feature=12 12 0 2 3 7 8 9 9 3 0 9 7 2 2 7 9 6 10
split_gain=27.5203 5.26403 4.12979 6.68885 6.68511 11.7687 4.0432 7.46002 18.9609 3.58548 3.43582 10.7107 3.17599 4.75804 7.95903 3.26336 6.65332 5.61912 3.04355
threshold=7.5000000000000009 3.5000000000000004 35.550000000000004 30.150000000000002 5.455000000000001 394.90434988129977 0.52192033451603781 0.23933693457087499 0.19988184057039332 4.6950000000000012 35.850000000000001 0.20480926357369181 17.292602364115449 23.550000000000004 19.950000000000003 441.73780301031547 0.044680710029218064 1.7357501311272305 0.32987895573731824
decision_type=2 2 2 2 2 2 2 2 2 2 2 2 2 2 2 2 2 2 2
left_child=1 18 6 10 5 -5 -2 8 -8 -9 11 -4 13 14 -3 16 -14 -17 -1
right_child=2 12 3 4 -6 -7 7 9 -10 -11 -12 -13 15 -15 -16 17 -18 -19 -20
leaf_value=0.0015853428634962623 -0.02340084384094241 -0.015090301641335575 0.13691573416877745 -0.030265387339612961 -0.030424120520988175 0.11333821569083398 -0.030186994449382259 -0.030177580583381783 0.2882822829626846 0.092405199414352157 -0.020278290272464212 -0.014545935279543523 0.10376841353181498 -0.018840718452003406 0.063613771885102893 0.051207442439251155 -0.012544937942845304 -0.0024692328967598331 0.006619088841049889
leaf_weight=481.04446539562196 53.122753825038671 1.9394972268491972 0.53818960534408988 0.79383583879098285 1.0049488763324914 1.4550522235222159 0.41592843225225751 1.7590970997698607 0.28255648957565427 0.24461073148995627 12.053888291120527 1.9166524703614412 0.44665390532463689 2.554033110383898 2.8640588591806591 1.8341454444453109 48.892818425316364 40.806337455753237 139.43965807557106
leaf_count=21380 9784 151 66 101 99 129 69 308 44 34 1804 308 30 191 198 108 4734 3272 5842
internal_value=-9.63798e-05 0.00169006 -0.0175711 -0.00497183 0.0339023 0.0626475 -0.0215799 0.0142175 0.0986426 -0.0152128 -0.01369 0.0186599 -0.00472169 0.0142446 0.031836 -0.00623883 -0.011492 -0.000160375 0.00271656
internal_weight=793.409 719.822 73.5875 17.7626 3.25384 2.24889 55.8249 2.70219 0.698485 2.00371 14.5087 2.45484 99.3375 7.35759 4.80356 91.98 49.3395 42.6405 620.484
internal_count=48652 35906 12746 2507 329 230 10239 455 113 342 2178 374 8684 540 349 8144 4764 3380 27222
is_linear=0
shrinkage=0.03


Tree=54
num_leaves=20
num_cat=0
split_feature=12 12 7 7 6 1 7 9 5 4 4 9 7 3 1 10 6 7 8
split_gain=26.3494 5.00643 5.1756 5.64017 7.05604 5.28329 4.46192 9.02107 4.55363 4.09501 4.77337 12.3104 3.6989 9.03433 6.37214 5.04823 9.83185 4.36347 3.51465
threshold=7.5000000000000009 2.5000000000000004 450.07317474263562 641.39160031669235 8.6545600013720776 34.750000000000007 54.548522163477728 0.12341672335612007 79.500000000000014 3.9350000000000005 3.8950000000000005 0.22562341990604037 317.02175832807461 5.7150000000000007 12.850000000000003 0.45783739552490627 11.14145946528267 465.40956185226491 0.37971453264803362
decision_type=2 2 2 2 2 2 2 2 2 2 2 2 2 2 2 2 2 2 2
left_child=1 12 6 4 -4 -5 7 -3 -8 10 18 -12 13 14 -1 17 -17 -14 -2
right_child=9 2 3 5 -6 -7 8 -9 -10 -11 11 -13 15 -15 -16 16 -18 -19 -20
leaf_value=-0.02233092623436338 -0.019311206622728529 0.12275774090000915 0.022304809880248185 -0.020033042610957327 0.00042599813440902929 0.072622098120105602 -0.012500732111232479 0.0030208479252505039 0.0067977342109692349 -0.022243447162892081 0.17929610083050448 -0.030325752465330973 -0.0036513880295341631 0.085711039935729261 0.00662314401439483 0.06139413317504927 -0.0076658926232474568 0.0034779690080921273 0.0053375465666080603
leaf_weight=7.0752797015011302 13.631718796677893 0.58696585940197366 18.722318171523511 11.473921543918546 45.525474285706878 0.58196253702044565 75.434231539256871 16.0823909137398 12.883523935917763 49.249701380264014 0.42806618940085062 0.61350924195721745 132.9044503280893 1.2765375915914763 206.44204456545413 3.5701242797076693 3.8627737816423178 184.55205113161355 8.4236045414581877
leaf_count=297 1911 39 1168 795 2968 40 6371 1125 966 9556 24 73 6046 27 8286 119 139 7520 1182
internal_value=-9.59591e-05 0.00163597 -0.0026773 0.00326848 0.00680166 -0.0155604 -0.00699864 0.00723706 -0.00968553 -0.0173556 -0.00693332 0.0558245 0.00308489 0.00613943 0.0056637 0.00106545 0.0255046 0.000493235 -0.00989709
internal_weight=793.321 720.974 181.291 76.3037 64.2478 12.0559 104.987 16.6694 88.3178 72.3466 23.0969 1.04158 539.683 214.794 213.517 324.889 7.4329 317.457 22.0553
internal_count=48652 35906 13472 4971 4136 835 8501 1164 7337 12746 3190 97 22434 8610 8583 13824 258 13566 3093
is_linear=0
shrinkage=0.03


Tree=55
num_leaves=20
num_cat=0
split_feature=12 12 3 12 12 6 8 6 11 12 8 8 11 8 8 11 3 3 6
split_gain=25.2012 4.75754 4.08704 3.38557 14.0537 3.13806 3.12392 4.8037 9.35291 4.25076 3.02526 2.97639 10.8291 2.82299 7.97014 9.46403 6.95765 13.7807 8.27902
threshold=7.5000000000000009 3.5000000000000004 4.6850000000000014 35.500000000000007 33.500000000000007 16.895595284776942 0.34507489543521763 3.4223810560883048 0.80338016146204216 6.5000000000000009 0.090340648934080989 0.52602188970694741 0.9557834264423638 0.22742513348092805 0.25792530596928126 0.96212782969800237 5.5650000000000004 5.9150000000000009 1.7357501311272305
decision_type=2 2 2 2 2 2 2 2 2 2 2 2 2 2 2 2 2 2 2
left_child=1 13 10 4 5 -4 7 8 -3 -9 -2 -12 -13 16 15 -15 18 -18 -1
right_child=2 6 3 -5 -6 -7 -8 9 -10 -11 11 12 -14 14 -16 -17 17 -19 -20
leaf_value=0.051105804112125487 0.075034643037204682 -0.030392798876206963 6.8784838363730282e-05 -0.030178086955210293 0.1593561777731094 -0.030246308977504868 -0.0098405587887099178 -0.0059536021629417006 0.061944072608129383 0.020268748320335792 -0.024691932135926607 0.18659595755053496 -0.014328775120074962 0.010879547289602104 0.0022117035487454555 0.057146471112644426 0.066782253154191562 -0.03091425059276403 -0.0082042377744039711
leaf_weight=2.1959187760949126 0.28507343959063192 1.4920884473249305 15.781326815020302 4.7146386709064236 0.47473977273329993 3.8163440665230146 49.666470729280263 38.041555958334357 2.9181269286200404 6.5168394539505234 43.882918182294816 0.27673564711585563 1.8916650363244116 38.815403789281845 512.68310969136655 4.4335209075361481 3.3726366264745584 2.1139076109975576 59.84033193718642
leaf_count=88 44 129 2135 842 68 545 4486 3255 177 637 8737 41 334 1608 22381 184 116 77 2768
internal_value=-9.53244e-05 0.00158289 -0.0171336 -0.00730102 -0.00192763 -0.00583461 -0.00453926 0.000837594 0.0307042 -0.00211848 -0.0223934 -0.0229966 0.0113136 0.00255146 0.003255 0.0156224 -0.00324095 0.0291408 -0.00610482
internal_weight=793.213 722.09 71.1234 24.787 20.0724 19.5977 98.6351 48.9686 4.41022 44.5584 46.3364 46.0513 2.1684 623.455 555.932 43.2489 67.5228 5.48654 62.0363
internal_count=48652 35906 12746 3590 2748 2680 8684 4198 306 3892 9156 9112 375 27222 24173 1792 3049 193 2856
is_linear=0
shrinkage=0.03


Tree=56
num_leaves=20
num_cat=0
split_feature=12 12 10 1 3 2 3 3 2 1 9 7 2 8 11 2 7 0 7
split_gain=24.3473 7.01149 4.34473 15.5426 21.3656 9.85421 2.75335 6.61266 8.59285 8.26931 5.56258 5.65905 4.86307 2.72115 9.18655 3.45028 2.64431 3.84404 3.19962
threshold=12.500000000000002 3.5000000000000004 0.10922056351910832 15.550000000000002 5.0650000000000004 18.650000000000002 4.4050000000000011 4.7650000000000006 27.350000000000005 10.950000000000001 0.54305226578953814 216.9330790850546 23.850000000000005 0.52192033451603781 0.95464172185791984 18.650000000000002 636.45379877027869 38.150000000000013 487.32536670728189
decision_type=2 2 2 2 2 2 2 2 2 2 2 2 2 2 2 2 2 2 2
left_child=1 6 3 4 -3 -5 10 9 -9 -8 11 -1 -12 -2 -15 -16 18 -18 -4
right_child=13 2 16 5 -6 -7 7 8 -10 -11 12 -13 -14 14 15 -17 17 -19 -20
leaf_value=0.0053282636602602317 -0.023631517229872234 0.12475996908496012 -0.0090194564182727588 0.081896171014852012 -0.0058972329873397903 -0.030339908145762273 0.050723385406591569 0.0044435059532300638 -0.010802879138161798 0.0087705949857087295 0.074197375549046526 -0.0030165614384385733 -0.0051897050052042825 0.16083135445648497 0.089167365875395171 -0.0301739235880659 -0.030353286791256824 0.034443285691345436 0.0026902852445093812
leaf_weight=116.96003355551511 41.352672283537686 2.1222854410298151 75.996520113665611 0.80104310298338521 2.4004097767174244 5.8141400064341724 4.4095936398953191 160.56347870826721 41.964790845289826 102.98504882212728 1.7118857074528926 195.21425043512136 1.1685011992231009 0.31400913465768021 0.2513454006984831 1.6448728749528525 7.5088664609938842 0.92556806886568654 29.021206079982221
leaf_count=4940 8349 132 8318 79 147 629 164 6408 1753 4208 62 9642 45 41 42 296 713 80 2604
internal_value=-9.48493e-05 0.0011723 -0.00532618 0.0125538 0.055414 -0.0167491 0.00246778 0.00447542 0.00128438 0.0104932 0.000492839 0.000109933 0.041992 -0.0218981 0.0105338 -0.0143551 -0.0070815 -0.0232427 -0.00578352
internal_weight=793.131 749.568 124.59 11.1379 4.5227 6.61518 624.978 309.923 202.528 107.395 315.055 312.174 2.88039 43.5629 2.21023 1.89622 113.452 8.43443 105.018
internal_count=48652 39924 12702 987 279 708 27222 12533 8161 4372 14689 14582 107 8728 379 338 11715 793 10922
is_linear=0
shrinkage=0.03


Tree=57
num_leaves=20
num_cat=0
split_feature=12 12 0 7 0 9 8 1 7 7 11 9 8 7 7 8 11 2 7
split_gain=23.403 6.61818 2.92093 2.94386 6.19214 4.54745 2.69468 7.98676 2.67545 8.11608 12.3515 5.96081 6.55081 3.85048 3.49631 2.64202 7.37967 3.10675 2.298
threshold=12.500000000000002 3.5000000000000004 26.450000000000003 451.83990960869386 34.250000000000007 0.044680710029218064 0.4494684093060462 44.650000000000013 622.21847016236745 543.19096911169288 0.7525686439458652 0.20480926357369181 0.28958321328334041 196.46582927984278 865.23281263560079 0.52192033451603781 0.95464172185791984 18.650000000000002 810.62192810094984
decision_type=2 2 2 2 2 2 2 2 2 2 2 2 2 2 2 2 2 2 2
left_child=1 8 6 5 -5 -4 -3 -8 9 13 -11 12 -10 -1 -13 18 -17 -18 -2
right_child=15 2 3 4 -6 -7 7 -9 11 10 -12 14 -14 -15 -16 16 17 -19 -20
leaf_value=0.005908185366915745 -0.024160693104978041 -0.030312379235886713 0.077412396015485718 0.013459677456608294 -0.0080472817926621441 -0.0087687430241183122 -0.030275529681571951 0.13755240849647873 -0.021245961286903946 -0.013786734456894722 0.019700310568608565 -0.010813781891944308 0.029160662993352796 7.5737787554258878e-05 0.0064505526158989811 0.13286282001051147 0.079095868020504889 -0.030168756920403262 0.05100672591731701
leaf_weight=144.31117610260844 40.027522320859134 6.710903597995638 0.55562980240210791 21.898264071904123 26.785478530917317 66.759692125022411 0.89373652962967731 0.3571990872733295 3.1271618884056798 12.301061717793344 51.065599456429482 46.582179985940456 8.9942802069708687 346.41099610738456 13.65117723867297 0.36775619955733341 0.27446414204314362 1.5965287974104283 0.36942182388156553
leaf_count=5845 8288 771 42 2064 2274 7408 110 33 126 497 2090 2019 344 15791 510 41 42 296 61
internal_value=-9.45069e-05 0.00113392 -0.00519955 -0.00399307 0.00162669 -0.00805739 -0.0227772 0.017647 0.00238719 0.00309566 0.0131996 -0.00303825 0.0161565 0.00179094 -0.00690102 -0.0217153 0.0100077 -0.0141403 -0.0234733
internal_weight=793.04 750.405 123.961 115.999 48.6837 67.3153 7.96184 1.25094 626.444 554.089 63.3667 72.3548 12.1214 490.722 60.2334 42.6357 2.23875 1.87099 40.3969
internal_count=48652 39924 12702 11788 4338 7450 914 143 27222 24223 2587 2999 470 21636 2529 8728 379 338 8349
is_linear=0
shrinkage=0.03


Tree=58
num_leaves=20
num_cat=0
split_feature=12 12 10 1 3 10 11 11 10 10 9 7 0 3 8 11 10 7 4
split_gain=22.4936 6.24123 4.07614 13.9186 16.8245 2.69044 5.67403 6.39974 3.07349 7.14867 4.75265 2.61165 3.7203 3.10936 2.56737 6.10276 3.3897 2.56549 2.24828
threshold=12.500000000000002 3.5000000000000004 0.10922056351910832 15.550000000000002 5.0650000000000004 0.32987895573731824 0.80894703668026924 0.82405120153702383 0.30264953585038173 0.30164531784547971 0.33875406952377979 636.45379877027869 38.150000000000013 5.1950000000000012 0.52192033451603781 0.95464172185791984 0.36044134805350431 76.157742350885556 3.9350000000000005
decision_type=2 2 2 2 2 2 2 2 2 2 2 2 2 2 2 2 2 2 2
left_child=1 5 3 4 -3 8 17 -8 9 -1 -10 13 -13 -4 18 -16 -17 -7 -2
right_child=14 2 11 -5 -6 6 7 -9 10 -11 -12 12 -14 -15 15 16 -18 -19 -20
leaf_value=0.0017914887572813964 -0.012309444266264772 0.10728089613972626 -0.0074114298491482376 -0.016458995052394048 -0.0055479941788340705 0.02702604336661496 0.055813745254448092 0.00659406299578241 -0.011453729383853015 0.052416067178284773 0.0079785237218817587 -0.030342389087112624 0.032786760332454479 0.0086558668433861508 0.11291037218406931 -0.030172524883169367 0.087772715464010317 -0.023205803739485397 -0.02797186430499311
leaf_weight=429.93218128569424 11.741073193028567 2.389451911672948 91.576608906500041 6.4787731990218163 2.3684120308607817 1.0364988353103379 2.4215996302664271 130.66057712677866 37.197606692090631 2.5251558469608417 16.287250376306474 7.2847325135953707 0.94968689186498512 12.295363378245382 0.41887715365737599 1.5919779757969079 0.25433834875002514 7.810823050327599 27.729103298857808
leaf_count=18941 2059 132 9826 708 147 43 92 5387 1565 113 761 713 80 1096 41 292 46 320 6290
internal_value=-9.35991e-05 0.00109736 -0.00507217 0.0121539 0.0511159 0.00230935 0.00594308 0.00748968 0.00124804 0.00208709 -0.0055362 -0.00679877 -0.0230616 -0.00550954 -0.0215303 0.00952923 -0.013925 -0.0173209 -0.0233128
internal_weight=792.95 751.215 123.343 11.2366 4.75786 627.872 141.929 133.082 485.942 432.457 53.4849 112.106 8.23442 103.872 41.7354 2.26519 1.84632 8.84732 39.4702
internal_count=48652 39924 12702 987 279 27222 5842 5479 21380 19054 2326 11715 793 10922 8728 379 338 363 8349
is_linear=0
shrinkage=0.03


Tree=59
num_leaves=20
num_cat=0
split_feature=12 12 10 1 1 4 8 0 1 7 7 0 3 8 8 7 4 4 7
split_gain=21.6161 5.88906 3.81866 12.4865 14.5963 2.68579 6.38181 5.47909 5.23261 3.73632 2.5465 3.57428 2.93787 2.49593 5.84531 2.32699 2.2552 10.7223 3.27349
threshold=12.500000000000002 3.5000000000000004 0.10922056351910832 15.550000000000002 12.850000000000003 6.2750000000000012 0.22742513348092805 28.450000000000003 23.950000000000003 673.46467118223507 636.45379877027869 38.150000000000013 5.1950000000000012 0.52192033451603781 0.53059307540800382 276.26599818487449 3.9350000000000005 3.8950000000000005 810.62192810094984
decision_type=2 2 2 2 2 2 2 2 2 2 2 2 2 2 2 2 2 2 2
left_child=1 5 3 4 -3 7 -7 -1 -9 -8 12 -12 -4 16 -15 -16 17 18 -2
right_child=13 2 10 -5 -6 6 9 8 -10 -11 11 -13 -14 14 15 -17 -18 -19 -20
leaf_value=0.066448616485148423 -0.021744671349380983 -0.0057626558312770856 -0.0072421708829404404 -0.016228093700845714 0.096797819214118633 -0.02027333148552277 -0.0001822944086422525 0.0029424617973058797 0.054904351548082451 0.029271586634231551 -0.030332178514834437 0.030788404014313858 0.0083245600938888584 0.10833300371543483 0.055737712933252394 -0.030215772591068391 -0.027907296066846048 0.10489918541831873 0.086675833625282417
leaf_weight=1.2330435812473286 10.677919225301588 2.4231213247403485 90.9155283132568 6.3754044924862683 2.5771816694177687 14.482932478189467 122.88162525277585 484.90986039675772 1.7504742797464121 4.0024149324744931 7.0717800054699165 0.98049797024577845 12.399539149831979 0.43308197986334507 0.34908757591620077 1.5081149595789609 26.970912554301322 0.66469298675656396 0.25665230490267354
leaf_count=48 1954 165 9826 708 114 772 5942 20193 75 192 713 80 1096 73 60 246 6290 66 39
internal_value=-9.27826e-05 0.00106187 -0.00494919 0.0116073 0.0470975 0.00223439 -0.0014067 0.00328939 0.00312936 0.000746795 -0.00664036 -0.0228897 -0.0053739 -0.0213433 0.00908427 -0.0140596 -0.0231501 -0.0120884 -0.0191999
internal_weight=792.864 752.003 122.743 11.3757 5.0003 629.26 141.367 487.893 486.66 126.884 111.367 8.05228 103.315 40.8605 2.29028 1.8572 38.5702 11.5993 10.9346
internal_count=48652 39924 12702 987 279 27222 6906 20316 20268 6134 11715 793 10922 8728 379 306 8349 2059 1993
is_linear=0
shrinkage=0.03


Tree=60
num_leaves=20
num_cat=0
split_feature=12 12 0 8 8 12 8 1 7 7 11 9 2 6 7 8 11 1 4
split_gain=20.7762 5.55655 2.82868 2.93937 10.8701 3.852 2.66168 8.05828 2.55982 7.43871 11.3609 5.54682 6.29769 4.1314 3.30934 2.42823 5.05645 2.90932 2.25834
threshold=12.500000000000002 3.5000000000000004 26.450000000000003 0.38921472350996644 0.3870573720920526 11.500000000000002 0.4494684093060462 45.050000000000004 622.21847016236745 543.19096911169288 0.73246898020530149 0.20480926357369181 21.350000000000005 24.482037532769706 865.23281263560079 0.52192033451603781 0.95464172185791984 13.550000000000002 3.9350000000000005
decision_type=2 2 2 2 2 2 2 2 2 2 2 2 2 2 2 2 2 2 2
left_child=1 8 6 4 -4 -5 -3 -8 9 13 -11 12 -10 -1 -13 18 -17 -18 -2
right_child=15 2 3 5 -6 -7 7 -9 11 10 -12 14 -14 -15 -16 16 17 -19 -20
leaf_value=0.0019827530827038562 -0.011880735500366184 -0.030298153641996152 -0.0015022360881020832 -0.012272755247160528 0.10359829783647861 0.041224932927408857 -0.030270424623149397 0.13850618747622914 -0.008917916303067052 -0.016362414634851882 0.017943789551514461 -0.010734013993211477 0.034172150324538381 -0.018074522155019597 0.005991749842899418 0.095921311842925294 0.073452198757355647 -0.030166889836023978 -0.027841260341734054
leaf_weight=484.11189483758062 11.46590562770143 6.4083694890141478 75.821615701075643 36.517618766054511 0.89612255338579316 1.2528795260004688 0.89992821030318715 0.35504881059750915 5.4648438775911909 10.349360066466032 54.112875856459141 46.404299228452146 6.9155382076278329 9.4225352825596911 13.816577167250214 0.47508221585303467 0.28939803922548901 1.5500585376285014 26.234953634440899
leaf_count=21207 2059 771 7685 3825 97 181 114 29 210 423 2164 2019 260 429 510 41 45 293 6290
internal_value=-9.19608e-05 0.00102779 -0.00482854 -0.00364742 -0.000274581 -0.0104982 -0.0224741 0.0174786 0.0021622 0.00285166 0.012436 -0.00313679 0.0151517 0.00159982 -0.00689659 -0.0211561 0.00866997 -0.0138647 -0.0229872
internal_weight=792.765 752.75 122.152 114.488 76.7177 37.7705 7.66335 1.25498 630.598 557.997 64.4622 72.6013 12.3804 493.534 60.2209 40.0154 2.31454 1.83946 37.7009
internal_count=48652 39924 12702 11788 7782 4006 914 143 27222 24223 2587 2999 470 21636 2529 8728 379 338 8349
is_linear=0
shrinkage=0.03


Tree=61
num_leaves=20
num_cat=0
split_feature=12 12 0 7 0 9 8 0 3 3 7 8 8 7 8 8 7 3 0
split_gain=19.9595 5.24087 2.7485 2.80589 6.07208 3.99912 2.58572 6.94916 2.54304 8.58778 8.47548 4.94013 4.387 3.51904 2.36205 4.86706 2.43482 2.27362 5.49083
threshold=12.500000000000002 3.5000000000000004 26.450000000000003 451.83990960869386 34.250000000000007 0.044680710029218064 0.4494684093060462 23.850000000000005 3.1650000000000005 3.2250000000000005 307.68545660055662 0.24118443597953276 0.24831592314143064 622.21847016236745 0.52192033451603781 0.53059307540800382 261.35715433997717 4.745000000000001 34.550000000000004
decision_type=2 2 2 2 2 2 2 2 2 2 2 2 2 2 2 2 2 2 2
left_child=1 8 6 5 -5 -4 -3 -8 11 10 -10 -1 -13 -11 17 -16 -17 -2 -19
right_child=14 2 3 4 -6 -7 7 -9 9 13 -12 12 -14 -15 15 16 -18 18 -20
leaf_value=-0.020549794802787329 -0.027779334862647814 -0.030289285120215698 0.069624115148588184 0.013669577145831937 -0.0077275140548166204 -0.0082829827108063889 0.12090589750860209 -0.030297700135759168 -0.0042569239161223725 0.0034052011651611804 0.07138901666144408 0.05175692119861882 -0.00079628380254321521 -0.0039962458907565456 0.092438811927574152 0.059055502823609142 -0.030220929705350008 0.082342708347594565 -0.01627254724351071
leaf_weight=11.910916320048271 25.538248862838373 6.2207669625058761 0.59843208268284698 21.791906957514584 26.392646444495767 65.305156582035124 0.39632664527744033 0.88311690604314208 2.2696217698976389 468.79876279085875 3.2302239397540689 1.4561795573681582 78.290334566496313 65.946904986165464 0.48905886011198108 0.33603801066055883 1.5121393222361801 0.53328570397570629 10.781263916287569
leaf_count=644 6230 771 42 2064 2274 7408 36 107 110 19726 144 75 3844 2679 73 55 251 100 2019
internal_value=-9.10499e-05 0.000994615 -0.00470917 -0.00355269 0.00194952 -0.00757555 -0.0223008 0.0165399 0.00209212 0.00287602 0.0401722 -0.00252834 0.000163343 0.00249243 -0.0209647 0.008281 -0.0139886 -0.0228195 -0.0116245
internal_weight=792.681 753.491 121.588 114.088 48.1846 65.9036 7.50021 1.27944 631.903 540.246 5.49985 91.6574 79.7465 534.746 39.19 2.33724 1.84818 36.8528 11.3145
internal_count=48652 39924 12702 11788 4338 7450 914 143 27222 22659 254 4563 3919 22405 8728 379 306 8349 2119
is_linear=0
shrinkage=0.03


Tree=62
num_leaves=20
num_cat=0
split_feature=12 12 7 7 6 11 3 1 6 5 11 7 11 8 1 12 1 2 3
split_gain=19.1741 4.98918 4.77046 6.24822 7.94395 4.86725 3.48078 7.20495 11.8784 3.38823 3.10659 8.38919 3.43576 2.29847 4.46693 7.00501 2.79381 2.31373 2.63649
threshold=12.500000000000002 1.5000000000000002 451.83990960869386 641.39160031669235 1.9459002802613938 0.89488677384295701 1.6650000000000003 40.550000000000004 14.411465336277852 36.800000000000004 0.53655503073827127 36.71858579109945 0.71600951880592112 0.52192033451603781 29.350000000000005 28.500000000000004 12.950000000000001 18.050000000000004 4.745000000000001
decision_type=2 2 2 2 2 2 2 2 2 2 2 2 2 2 2 2 2 2 2
left_child=1 6 10 4 -4 -5 -1 9 -9 -8 11 -3 -12 17 16 -16 -15 -2 -19
right_child=13 2 3 5 -6 -7 7 8 -10 -11 12 -13 -14 14 15 -17 -18 18 -20
leaf_value=-0.023677544098228122 0.052974213661804645 0.12778387016262699 0.042820012457157199 0.0023468849586431449 0.0038247635464791724 -0.023693160249265405 -0.011411293192595949 0.0053815474619076957 0.091534313753385471 0.0036421389268542696 -0.01525791321473571 0.0049116859910391525 -0.0035360352224771355 0.069889667965738117 0.19095459752973878 -0.030195277723161454 -0.030225231077612144 -0.028901729823730068 -0.011292729306529801
leaf_weight=4.2509185178205362 0.36047132080420752 0.56738570146262546 4.8961784336715928 12.747396501712503 118.37315983185545 13.097952067386357 13.971438974142073 4.1476731281727544 2.2066075624898076 365.39769004750997 25.626986974151805 4.2169710118323565 184.70426187990233 0.2995699187740678 0.27122956747189153 0.24566435068845749 1.5430445610545573 24.554762752726674 11.117005513748152
leaf_count=187 78 29 259 837 7153 870 627 173 90 13422 2043 258 13976 41 43 44 251 6166 2105
internal_value=-8.99988e-05 0.000962757 -0.00156201 0.00256171 0.00537363 -0.0108497 0.00332085 0.00361839 0.0352992 0.00308775 -0.00442051 0.0194833 -0.00496424 -0.0207713 0.00791376 0.0858486 -0.0139487 -0.0226497 -0.0234139
internal_weight=792.596 754.205 364.23 149.115 123.269 25.8453 389.974 385.723 6.35428 379.369 215.116 4.78436 210.331 38.3917 2.35951 0.516894 1.84261 36.0322 35.6718
internal_count=48652 39924 25425 9119 7412 1707 14499 14312 263 14049 16306 287 16019 8728 379 87 292 8349 8271
is_linear=0
shrinkage=0.03


Tree=63
num_leaves=20
num_cat=0
split_feature=12 12 10 1 1 7 0 3 10 0 3 6 6 7 7 6 10 3 0
split_gain=18.4187 4.81903 3.57646 11.2978 12.5053 2.47922 3.5218 2.80083 2.47806 5.01999 6.52946 2.84382 6.76319 4.86569 2.29174 5.1942 13.0993 2.92131 4.76042
threshold=12.500000000000002 3.5000000000000004 0.10922056351910832 15.550000000000002 11.350000000000003 636.45379877027869 38.150000000000013 5.1950000000000012 0.33936798122406625 37.750000000000007 4.9150000000000009 18.797412975442647 14.800324161033652 302.8178884183182 17.292602364115449 10.713069501172379 0.24245494517395388 4.745000000000001 34.850000000000001
decision_type=2 2 2 2 2 2 2 2 2 2 2 2 2 2 2 2 2 2 2
left_child=1 8 3 4 -3 7 -7 -4 11 10 -10 12 -1 -13 15 16 -2 -16 -19
right_child=14 2 5 -5 -6 6 -8 -9 9 -11 -12 13 -14 -15 17 -17 -18 18 -20
leaf_value=-0.0001032925352600397 0.29491760939822392 -0.030516391575323862 -0.0068308470437945298 -0.015865671607542323 0.073108818054564192 -0.030317297163966157 0.030322639454040522 0.008397117368355439 0.003407327735949595 -0.018576665327661845 0.020188006885278359 0.005520157877531501 0.0087579910354309114 -0.011493059493125835 -0.027714289976952466 -0.030122874747025755 -0.030120836860258245 0.048720187463249194 -0.015827192492591832
leaf_weight=344.01156912278384 0.18455987749621161 1.4561567641794662 89.341171800624579 6.2166254306212068 3.740242822561413 6.7588476575911036 0.98796066129580129 12.376263785175977 92.05395117867738 7.2048056041821829 26.986984154209495 24.73687026463449 100.06594201084226 38.952651621773839 24.844607447274029 0.71903961896896362 0.2822344892192632 1.1405933341011394 10.447388175409285
leaf_count=14939 43 101 9826 708 178 713 80 1096 3879 236 983 1071 4282 1832 6246 182 72 203 1982
internal_value=-8.91489e-05 0.000931809 -0.00455773 0.0114235 0.0440705 -0.00622398 -0.0225838 -0.00497802 0.00197841 0.00573984 0.00721156 0.00104321 0.00189346 -0.00488516 -0.0205767 0.020466 0.098392 -0.0219126 -0.00947386
internal_weight=792.508 754.89 120.877 11.413 5.1964 109.464 7.74681 101.717 634.013 126.246 119.041 507.767 444.078 63.6895 37.6184 1.18583 0.466794 36.4326 11.588
internal_count=48652 39924 12702 987 279 11715 793 10922 27222 5098 4862 22124 19221 2903 8728 297 115 8431 2185
is_linear=0
shrinkage=0.03


end of trees

feature_importances:
elevation_m=184
prior_fire_density_h3=179
fuel_shrub_fraction=116
fuel_forest_fraction=108
wind_speed_kmh=89
vpd_kpa=89
fuel_grass_fraction=89
slope_degrees=85
fuel_total_fraction=76
temperature_c=70
relative_humidity_pct=67
hcfm_pct=58
pi_m0_pct=6

parameters:
[boosting: gbdt]
[objective: binary]
[metric: binary_logloss]
[tree_learner: serial]
[device_type: cpu]
[data_sample_strategy: bagging]
[data: ]
[valid: ]
[num_iterations: 150]
[learning_rate: 0.03]
[num_leaves: 20]
[num_threads: 0]
[seed: 42]
[deterministic: 0]
[force_col_wise: 0]
[force_row_wise: 0]
[histogram_pool_size: -1]
[max_depth: 5]
[min_data_in_leaf: 40]
[min_sum_hessian_in_leaf: 0.001]
[bagging_fraction: 1]
[pos_bagging_fraction: 1]
[neg_bagging_fraction: 1]
[bagging_freq: 0]
[bagging_seed: 400]
[bagging_by_query: 0]
[feature_fraction: 0.85]
[feature_fraction_bynode: 1]
[feature_fraction_seed: 30056]
[extra_trees: 0]
[extra_seed: 12879]
[early_stopping_round: 0]
[early_stopping_min_delta: 0]
[first_metric_only: 0]
[max_delta_step: 0]
[lambda_l1: 0]
[lambda_l2: 0]
[linear_lambda: 0]
[min_gain_to_split: 0]
[drop_rate: 0.1]
[max_drop: 50]
[skip_drop: 0.5]
[xgboost_dart_mode: 0]
[uniform_drop: 0]
[drop_seed: 17869]
[top_rate: 0.2]
[other_rate: 0.1]
[min_data_per_group: 100]
[max_cat_threshold: 32]
[cat_l2: 10]
[cat_smooth: 10]
[max_cat_to_onehot: 4]
[top_k: 20]
[monotone_constraints: ]
[monotone_constraints_method: basic]
[monotone_penalty: 0]
[feature_contri: ]
[forcedsplits_filename: ]
[refit_decay_rate: 0.9]
[cegb_tradeoff: 1]
[cegb_penalty_split: 0]
[cegb_penalty_feature_lazy: ]
[cegb_penalty_feature_coupled: ]
[path_smooth: 0]
[interaction_constraints: ]
[verbosity: -1]
[saved_feature_importance_type: 0]
[use_quantized_grad: 0]
[num_grad_quant_bins: 4]
[quant_train_renew_leaf: 0]
[stochastic_rounding: 1]
[linear_tree: 0]
[max_bin: 255]
[max_bin_by_feature: ]
[min_data_in_bin: 3]
[bin_construct_sample_cnt: 200000]
[data_random_seed: 175]
[is_enable_sparse: 1]
[enable_bundle: 1]
[use_missing: 1]
[zero_as_missing: 0]
[feature_pre_filter: 1]
[pre_partition: 0]
[two_round: 0]
[header: 0]
[label_column: ]
[weight_column: ]
[group_column: ]
[ignore_column: ]
[categorical_feature: ]
[forcedbins_filename: ]
[precise_float_parser: 0]
[parser_config_file: ]
[objective_seed: 16083]
[num_class: 1]
[is_unbalance: 0]
[scale_pos_weight: 1]
[sigmoid: 1]
[boost_from_average: 1]
[reg_sqrt: 0]
[alpha: 0.9]
[fair_c: 1]
[poisson_max_delta_step: 0.7]
[tweedie_variance_power: 1.5]
[lambdarank_truncation_level: 30]
[lambdarank_norm: 1]
[label_gain: ]
[lambdarank_position_bias_regularization: 0]
[eval_at: ]
[multi_error_top_k: 1]
[auc_mu_weights: ]
[num_machines: 1]
[local_listen_port: 12400]
[time_out: 120]
[machine_list_filename: ]
[machines: ]
[gpu_platform_id: -1]
[gpu_device_id: -1]
[gpu_device_id_list: ]
[gpu_use_dp: 0]
[num_gpu: 1]

end of parameters

pandas_categorical:null
