tree
version=v4
num_class=1
num_tree_per_iteration=1
label_index=0
max_feature_idx=12
objective=binary sigmoid:1
feature_names=temperature_c relative_humidity_pct wind_speed_kmh vpd_kpa hcfm_pct pi_m0_pct slope_degrees elevation_m fuel_forest_fraction fuel_shrub_fraction fuel_grass_fraction fuel_total_fraction prior_fire_density_h3
feature_infos=[14.699999999999999:42] [8:70.099999999999994] [18:60] [0.53000000000000003:7.54] [1.98:18.460000000000001] [8.5:100] [0.00058928862581630881:37.968734323688906] [10:1973.4006634889486] [0:0.81524837053765631] [0:0.75046369949556735] [0:0.68493990177282682] [0.14088272546841485:1] [1:140]
tree_sizes=3448 3495 3497 3500 3489 3512 3491 3502 3500 3509 3514 3513 3518 3521 3497 3483 3505 3528 3492 3520 3489 3493 3537 3514 3530 3524 3540 3516 3529 3478 3486 3506 3512 3495 3539 3524 3512 3510 3509 3535 3506 3499 3512 3532 3509 3484 3497 3482 3530

Tree=0
num_leaves=31
num_cat=0
split_feature=12 12 12 3 12 12 7 7 7 3 2 1 12 11 1 7 8 3 12 11 10 2 6 7 8 6 8 6 7 8
split_gain=4086.98 493.023 382.53 48.7545 45.6123 43.0627 25.3797 19.6314 13.2444 11.027 10.7006 9.96843 9.34086 8.59781 8.52602 9.32145 8.18523 8.4115 7.24563 6.97541 8.70057 6.95669 6.96013 6.92926 8.22272 6.71702 6.29278 5.98015 5.81112 5.77472
threshold=2.5000000000000004 1.5000000000000002 6.5000000000000009 3.0350000000000006 3.5000000000000004 13.500000000000002 647.45697350247019 366.02023863433777 289.842079981425 4.0250000000000012 33.45000000000001 24.950000000000003 4.5000000000000009 0.62834016982438767 10.250000000000002 528.36976766600731 0.29849259138283329 5.7750000000000012 28.500000000000004 0.59899857709390414 0.084650766612369019 18.250000000000004 13.054698621370797 397.98984263002245 0.37007761703499575 27.993223012750395 0.42638852430711377 6.4449167144447967 278.70775580774517 0.36815685993645469
decision_type=2 2 2 2 2 2 2 2 2 2 2 2 2 2 2 2 2 2 2 2 2 2 2 2 2 2 2 2 2 2
left_child=1 3 4 8 -2 -4 7 -5 11 -9 12 -1 -6 -14 15 21 -17 -18 25 -8 -21 -3 -23 -16 -25 27 -26 -7 -13 -12
right_child=2 14 5 6 10 18 19 9 -10 -11 29 28 13 -15 23 16 17 -19 -20 20 -22 22 -24 24 26 -27 -28 -29 -30 -31
leaf_value=-0.67146863623865771 -0.6853925622592536 -0.75755386005921366 -0.668395580148893 -0.71086293328520755 -0.68067546062759299 -0.6686585671521551 -0.72397981002427525 -0.71985806481458758 -0.72356164742785067 -0.71406797016921475 -0.67435607015352916 -0.71687907850478472 -0.68969710775735837 -0.67489230850921467 -0.69452260082726081 -0.69754068949831249 -0.66549623042846473 -0.69112557369332284 -0.65809620667538371 -0.68398666569044753 -0.7055626282218499 -0.70614005014220194 -0.68264115632399158 -0.69567917885029074 -0.70609049738340068 -0.61958564401748784 -0.69792703572966996 -0.66138889079286955 -0.69534159637499382 -0.6606663079150159
leaf_weight=12.933466024696825 2893.9408097676933 4.7333818897604933 2967.7637971043587 5086.9632958807051 1678.261668741703 343.35908037424088 48.711610812693834 1041.2551250644028 1333.1692296937108 3910.3290013708174 173.31288988515735 622.58416406065226 103.28994900360703 1939.3976836465299 2872.49614135921 53.133878562599421 91.112046159803867 49.356062028557062 1834.1966084204614 48.733833361417055 1133.4116278924048 71.80073668807745 56.156131777912378 1329.4136405512691 446.58235992863774 9.0889821983873826 500.78291601315141 1606.4164911285043 32.978116072714329 138.66808992996812
leaf_count=167 31597 74 25341 73811 17058 2712 726 16204 21470 58397 1713 9524 1043 18291 35021 633 939 574 13017 608 15718 940 668 16695 5735 59 6381 12333 478 1283
internal_value=-0.693116 -0.708282 -0.672345 -0.713491 -0.680603 -0.663884 -0.712214 -0.713044 -0.720682 -0.715286 -0.677166 -0.714938 -0.677912 -0.675641 -0.695659 -0.687821 -0.680825 -0.674502 -0.660355 -0.705437 -0.704673 -0.698029 -0.695827 -0.696156 -0.698216 -0.662469 -0.701775 -0.662669 -0.715796 -0.668271
internal_weight=32434.3 18746.6 13687.7 13271.1 6926.87 6760.82 11269.4 10038.5 2001.66 4951.58 4032.93 668.496 3720.95 2042.69 5475.57 326.292 193.602 140.468 3793.06 1230.86 1182.15 132.69 127.957 5149.28 2276.78 1958.86 947.365 1949.78 655.562 311.981
internal_count=389210 264763 124447 197103 70985 53462 165464 148412 31639 74601 39388 10169 36392 19334 67660 3828 2146 1513 28121 17052 16326 1682 1608 63832 28811 15104 12116 15045 10002 2996
is_linear=0
shrinkage=1


Tree=1
num_leaves=31
num_cat=0
split_feature=12 12 12 5 12 12 7 7 5 2 7 12 8 1 7 8 7 6 7 8 4 11 7 2 10 2 11 8 8 12
split_gain=3681.68 450.898 338.026 43.243 40.6595 37.7828 23.0843 21.72 11.7396 9.47531 9.39023 8.30166 8.06243 7.69058 8.37716 7.32065 6.80539 8.69412 6.27487 7.46361 6.21671 7.4293 5.94613 5.67517 11.2697 8.30271 5.50497 5.34834 8.2296 5.21731
threshold=2.5000000000000004 1.5000000000000002 6.5000000000000009 44.300000000000004 3.5000000000000004 14.500000000000002 618.33717531341642 366.02023863433777 52.95000000000001 33.45000000000001 347.80451835848868 4.5000000000000009 0.15950657116159281 10.250000000000002 528.36976766600731 0.29849259138283329 456.22807945129443 13.054698621370797 397.98984263002245 0.37007761703499575 10.405000000000003 0.59348579682447145 791.45411265692917 36.45000000000001 0.38911467756702955 34.45000000000001 0.65743951629967456 0.086658723486081515 0.10962562904625298 28.500000000000004
decision_type=2 2 2 2 2 2 2 2 2 2 2 2 2 2 2 2 2 2 2 2 2 2 2 2 2 2 2 2 2 2
left_child=1 3 4 10 27 -4 7 -5 -9 11 -1 -6 -13 14 16 -16 17 -3 -15 -20 21 -12 -21 25 -25 -8 -11 -2 -29 -7
right_child=2 13 5 6 9 29 23 8 -10 26 20 12 -14 18 15 -17 -18 -19 19 22 -22 -23 -24 24 -26 -27 -28 28 -30 -31
leaf_value=-0.022487494593911393 -0.026884565810966671 -0.011033093726150696 0.023592784719633234 -0.01690429716754846 0.011769067240521255 0.029061860214539784 -0.01272775382636205 -0.028664242026123284 -0.020744793137429687 -0.0013796230665973214 -0.056645385277218629 -0.0033290822270051947 0.016998466103492042 -0.0013365764064594556 -0.0042094996423025837 0.01757239398036484 -0.019516220741300602 0.02128443207160996 -0.0024368179694741199 -0.0088208612128058139 -0.022622773085033861 -0.030623073716232175 0.019347441562781897 -0.0057995042265837279 0.057201665584792033 -0.042704412369587441 0.025171477092363226 0.048567598941011238 0.0072799279766805605 0.03288206903422615
leaf_weight=887.85228842869401 11.384794004261492 44.80385260656476 3245.9535923711956 5031.4060412123799 1685.1775108203292 1724.5153975710273 1406.6107272803783 527.61908214539289 4138.1174411512911 20.912711538374424 28.394931055605412 49.995992381125689 2004.4815226718783 2871.148807130754 53.055349111557007 141.32787290215492 48.80138523504138 38.861527059227228 1328.2765627428889 925.49458201602101 257.61059848964214 805.54830218106508 19.122077468782663 65.368169791996479 7.9629961289465419 23.484675165265799 293.61684657633305 12.12001548707485 2877.8575779274106 1855.224785618484
leaf_count=13682 138 587 27339 73445 17058 13106 19828 8427 62539 219 502 499 18835 35021 633 1513 652 443 16695 11920 4068 13272 196 878 84 378 2777 119 31340 13017
internal_value=-3.41344e-06 -0.0144845 0.0195945 -0.0194932 0.0118373 0.0274994 -0.0182893 -0.019183 -0.0216404 0.0150712 -0.026306 0.0143702 0.0165038 -0.00241778 0.00501923 0.0116272 -0.00467739 0.00397799 -0.00289033 -0.00485305 -0.0294119 -0.0315091 -0.00825064 -0.0125244 0.00104176 -0.01322 0.0234061 0.00731834 0.00745308 0.0310417
internal_weight=32432.1 18650.9 13781.2 13180 6955.55 6825.69 11200.6 9697.14 4665.74 4054.18 1979.41 3739.66 2054.48 5470.89 326.85 194.383 132.467 83.6654 5144.04 2272.89 1091.55 833.943 944.617 1503.43 73.3312 1430.1 314.53 2901.36 2889.98 3579.74
internal_count=389210 264763 124447 197103 70985 53462 165579 144411 70966 39388 31524 36392 19334 67660 3828 2146 1682 1030 63832 28811 17842 13774 12116 21168 962 20206 2996 31597 31459 26123
is_linear=0
shrinkage=0.05


Tree=2
num_leaves=31
num_cat=0
split_feature=12 12 12 3 12 12 7 7 7 2 4 7 12 8 1 2 9 7 8 8 3 2 10 10 10 12 10 7 9 7
split_gain=3317.77 412.279 299.352 42.4578 36.2817 33.5079 20.7817 16.5673 14.7844 8.40612 7.52631 7.46323 7.3879 7.20432 6.93807 7.77815 9.25182 7.23356 7.44253 6.18858 6.22814 5.97121 5.74628 6.54908 7.68829 6.47163 5.95155 7.21458 5.84236 5.68156
threshold=2.5000000000000004 1.5000000000000002 6.5000000000000009 3.5250000000000004 3.5000000000000004 13.500000000000002 636.85130789905668 300.2642348805968 366.02023863433777 33.45000000000001 2.6750000000000003 674.25750181112846 4.5000000000000009 0.15950657116159281 10.250000000000002 34.650000000000013 0.32278390491443071 528.36976766600731 0.30084171412359001 0.54226452321355267 5.0450000000000008 18.250000000000004 0.29402822313047877 0.088170323241826748 0.05488735491716374 14.500000000000002 0.29967728176037783 530.41401404950886 0.27526449350456111 397.98984263002245
decision_type=2 2 2 2 2 2 2 2 2 2 2 2 2 2 2 2 2 2 2 2 2 2 2 2 2 2 2 2 2 2
left_child=1 3 4 7 -2 -4 8 -1 -5 12 -10 -9 -6 -14 15 17 -17 21 -19 20 -8 -3 23 24 -7 -25 27 -24 -28 -16
right_child=2 14 5 6 9 22 19 11 10 -11 -12 -13 13 -15 29 16 -18 18 -20 -21 -22 -23 26 25 -26 -27 28 -29 -30 -31
leaf_value=-0.019249729259288001 0.0069352210028909541 -0.062438092180188233 0.021941388376051706 -0.015886620868582505 0.011136786041425003 0.025845001047370059 -0.015021981967974052 -0.027592485398769934 -0.014046202782315284 0.022067034861079669 -0.020708228008767208 -0.01424959147207739 -0.0031661760603057471 0.016058157686255115 -0.0012703283317243149 0.05820680226388282 -0.010191258165629947 -0.0073184834847561595 0.015267643386617451 -0.033304969163923843 -0.0076574156996727016 -0.0044730943575446748 0.05139150900626327 0.017031312250611438 0.044906249239702219 0.027558045429354635 0.026548357908581861 0.0062855272672041676 0.033671959117117803 -0.0046182902517033541
leaf_weight=1204.3576345592737 2908.3347856141627 4.6157459281384936 3014.370890557766 4402.4866094850004 1691.6385044008493 99.045545890927315 465.06435760110617 1735.9124439284205 475.41742894425988 316.86797234416008 3915.7183201275766 111.53488830849528 49.941402152180672 2015.471969306469 2869.8664170578122 13.854204792529346 7.6873002462089053 50.37908897548914 132.14063908904791 30.429558645933867 750.13057236745954 118.67513962835073 65.607201788574457 156.27571147307754 113.54959788173437 2221.4599355384707 475.85216229408979 10.250119142234324 728.41863883286715 2269.1687021553516
leaf_count=18338 31597 74 25341 64426 17058 724 6720 28349 6992 2996 59877 1682 499 18835 35021 125 89 611 1415 472 10247 1514 440 1263 791 16137 3500 80 5186 28811
internal_value=-6.30517e-06 -0.0138321 0.0184959 -0.0186479 0.011201 0.025894 -0.0170779 -0.0238125 -0.0179341 0.0142463 -0.0199869 -0.0267869 0.0135867 0.0155933 -0.00229906 0.00475879 0.0337983 0.00271323 0.00903342 -0.0110336 -0.0104759 -0.00664318 0.0289723 0.0276179 0.0360258 0.0268662 0.0317128 0.0452966 0.0308572 -0.00274864
internal_weight=32424.5 18557.4 13867.1 13091.1 6982.25 6884.83 10039.2 3051.8 8793.62 4073.92 4391.14 1847.45 3757.05 2065.41 5466.39 327.352 21.5415 305.811 182.52 1245.62 1215.19 123.291 3870.46 2590.33 212.595 2377.74 1280.13 75.8573 1204.27 5139.04
internal_count=389210 264763 124447 197103 70985 53462 148734 48369 131295 39388 66869 30031 36392 19334 67660 3828 214 3614 2026 17439 16967 1588 28121 18915 1515 17400 9206 520 8686 63832
is_linear=0
shrinkage=0.05


Tree=3
num_leaves=31
num_cat=0
split_feature=12 12 12 3 12 12 7 7 7 3 1 11 12 7 11 10 5 12 8 0 10 6 6 4 7 7 4 0 11 7
split_gain=2990.77 376.873 265.612 39.2689 32.4045 29.5925 19.8348 15.4587 10.9567 10.1436 9.08338 7.32757 7.35771 6.79583 6.52917 6.99126 6.50237 6.32058 6.12007 7.80522 5.96351 5.95479 5.76537 5.72226 5.41601 5.34561 5.26783 4.93351 9.10402 8.8081
threshold=2.5000000000000004 1.5000000000000002 6.5000000000000009 3.0350000000000006 3.5000000000000004 12.500000000000002 647.45697350247019 375.65930343473843 289.842079981425 4.1850000000000014 24.950000000000003 0.62834016982438767 4.5000000000000009 144.88732380732384 0.70673678200746304 0.109836164978282 50.95000000000001 25.500000000000004 0.53128441753011557 35.050000000000004 0.29183791411513077 6.4449167144447967 5.1679860572099638 2.0250000000000004 278.70775580774517 791.45411265692917 10.235000000000001 37.95000000000001 0.89233729393130756 770.13562615451679
decision_type=2 2 2 2 2 2 2 2 2 2 2 2 2 2 2 2 2 2 2 2 2 2 2 2 2 2 2 2 2 2
left_child=1 3 4 8 -2 18 7 -5 10 -9 -1 -6 13 -13 -8 -16 -3 21 -4 20 -20 22 -7 -14 -12 26 -10 29 -29 -18
right_child=2 16 5 6 11 17 14 9 25 -11 24 12 23 -15 15 -17 27 -19 19 -21 -22 -23 -24 -25 -26 -27 -28 28 -30 -31
leaf_value=0.022480755527584485 0.0065732335773153868 -0.0054550114638435617 0.020823025445590001 -0.015552375159007328 0.004455255326590973 0.023217314976666285 -0.020034635848265404 -0.023424892155443751 -0.029401664004153106 -0.018124548066456081 -0.021005120242530376 0.018676641107623543 0.046205080235130876 0.010194869742753035 0.0084498577839239881 -0.01016409582854191 -0.0013008598360824484 0.029017223208319599 0.02626981468827122 -0.018144872386727975 -0.0046087300399018909 0.026346285112162561 0.0091938519365418313 0.015717490716530079 -5.1832855886970408e-05 -0.001540629063933838 -0.02214436431586881 -0.024513327979749453 0.0009638107776192529 0.014717176040097705
leaf_weight=12.870479755103586 2914.8986737877131 1189.8510877639055 2667.8713066577911 5190.9425405114889 213.5766749382019 264.21511370688677 161.07509065419436 1225.795821338892 931.81532882526517 3424.1826007217169 608.60422351211309 281.54569661989808 15.503535103052853 1465.0571169406176 53.120446018874645 1001.5697639025748 4042.7344898991287 2072.2207445837557 46.561176002025604 22.155757248401642 23.541912317276001 1740.7571224309504 101.42755735293031 2116.572407219559 32.486270446330309 20.217273455113173 341.75482355430722 63.504385098814964 78.298384856432676 87.684445437043905
leaf_count=167 31597 15248 22355 76738 2143 2030 2341 19542 15646 52132 9524 2698 119 14760 672 14039 49713 14331 393 208 214 13121 810 19668 478 283 5541 839 921 939
internal_value=-8.73844e-06 -0.0132076 0.0174686 -0.0178368 0.010602 0.0244028 -0.0166836 -0.017428 -0.0243831 -0.0195218 -0.0191084 0.0134717 0.0139681 0.0115621 -0.0106585 -0.00922659 -0.00218607 0.0270566 0.0203852 0.00772437 0.0159002 0.0251279 0.0193273 0.0159392 -0.0199433 -0.0270493 -0.0274542 -0.00127564 -0.0104458 -0.000960814
internal_weight=32412.4 18466.5 13945.9 13004.4 7007.15 6938.75 11056.7 9840.92 1947.75 4649.98 653.961 4092.26 3878.68 1746.6 1215.77 1054.69 5462.07 4178.62 2760.13 92.2588 70.1031 2106.4 365.643 2132.08 641.09 1293.79 1273.57 4272.22 141.803 4130.42
internal_count=389210 264763 124447 197103 70985 53462 165464 148412 31639 71674 10169 39388 37245 17458 17052 14711 67660 30292 23170 815 607 15961 2840 19787 10002 21470 21187 52412 1760 50652
is_linear=0
shrinkage=0.05


Tree=4
num_leaves=31
num_cat=0
split_feature=12 12 12 12 3 7 12 7 7 0 12 9 8 7 2 7 9 2 10 5 5 9 6 10 9 3 7 4 9 12
split_gain=2696.72 344.427 236.37 36.8646 36.6436 17.9478 17.398 14.6124 14.4209 9.74209 8.90639 8.85228 9.37797 7.24828 7.1465 7.88394 6.55686 6.14777 6.0356 5.94001 5.88647 6.45581 5.79077 7.1981 6.21655 5.71112 5.72323 5.42616 5.33304 6.03264
threshold=2.5000000000000004 1.5000000000000002 7.5000000000000009 3.5000000000000004 3.5250000000000004 610.13610287753932 17.500000000000004 347.80451835848868 366.02023863433777 35.050000000000004 5.5000000000000009 0.20756663983095386 0.47101616021861042 674.25750181112846 20.450000000000003 502.7226766591599 0.22026865748450586 33.45000000000001 0.38665136513222198 52.95000000000001 50.95000000000001 0.56544939846782005 13.054698621370797 0.27006322023985146 0.38514404087525012 1.9450000000000001 335.24148465732657 2.0250000000000004 0.34147589246759935 39.500000000000007
decision_type=2 2 2 2 2 2 2 2 2 2 2 2 2 2 2 2 2 2 2 2 2 2 2 2 2 2 2 2 2 2
left_child=1 4 3 -2 7 8 14 25 -6 -7 17 12 -12 -9 15 -4 -11 18 -5 -10 21 -3 24 -24 -16 -1 -27 -13 29 -8
right_child=2 20 6 10 5 9 28 13 19 16 11 27 -14 -15 22 -17 -18 -19 -20 -21 -22 -23 23 -25 -26 26 -28 -29 -30 -31
leaf_value=-0.025590908023257215 0.0062310201966778063 -0.0054599763774800577 0.015129448423476757 0.010340507407679514 -0.014484359076866458 -0.016110393002713216 0.022398884833600211 -0.026160107910454478 -0.027081533429163453 -0.015539672796893248 0.0050962417323847063 0.054818594795724956 0.031259737212706779 -0.01286795777132582 0.01864380458202336 0.025308030221499578 -0.0054668681929520603 0.019405529990062089 0.018556957297792828 -0.018191202365050476 -0.0012125078654799772 0.045535257924495504 0.029597500141581953 0.020472750263730563 0.027757899827768346 -0.017675429667840064 -0.0019310643778305842 0.017532241347413796 0.029176385971747328 0.027778510816083426
leaf_weight=223.06405802816153 2921.0756507441401 1181.418475035578 772.22583640366793 2567.4051279015839 4353.554124776274 511.37023439630866 1143.0980584174395 1461.2888103500009 197.4344350323081 204.60072862356901 267.65325891971588 9.8231619633734208 39.275572132319212 110.30324346572161 946.01503873243928 252.43123492598534 768.00907800719142 239.20212346315384 244.82029943168163 3884.317760437727 4270.3658318147063 6.2390621006488791 518.06055249273777 370.84274830296636 233.219068326056 1145.4251804724336 60.783684935420752 1456.6891319788992 1078.7571753934026 957.76037069410086
leaf_count=3647 31597 15188 6346 25192 64426 7555 8383 24496 3221 2950 2508 73 325 1682 7653 1980 10633 2260 2324 59949 52412 60 4059 2977 1850 17625 919 12919 7509 6492
internal_value=-1.07794e-05 -0.0126098 0.0165066 0.0106641 -0.0170587 -0.0155941 0.0237216 -0.0218999 -0.0164861 -0.0105233 0.013348 0.0161659 0.0084442 -0.0252272 0.0210516 0.017637 -0.00758581 0.0117103 0.0110558 -0.0186212 -0.00207846 -0.00519209 0.0227434 0.0257907 0.0204463 -0.0182412 -0.016882 0.017782 0.0263188 0.0248514
internal_weight=32396.5 18378.2 14018.4 7745.94 12920.2 9919.29 6272.41 3000.86 8435.31 1483.98 4824.87 1773.44 306.929 1571.59 3092.79 1024.66 972.61 3051.43 2812.23 4081.75 5458.02 1187.66 2068.14 888.903 1179.23 1429.27 1206.21 1466.51 3179.62 2100.86
internal_count=389210 264763 124447 77198 197103 148734 47249 48369 127596 21138 45601 15825 2833 26178 24865 8326 13583 29776 27516 63170 67660 15248 16539 7036 9503 22191 18544 12992 22384 14875
is_linear=0
shrinkage=0.05


Tree=5
num_leaves=31
num_cat=0
split_feature=12 12 12 3 12 12 7 7 7 3 1 11 12 11 10 7 1 7 12 10 11 8 3 7 7 7 8 0 8 0
split_gain=2432.16 314.686 210.455 33.9046 25.851 23.7041 16.7766 13.1619 9.82852 8.79173 8.26308 6.34386 6.15602 6.14257 7.75335 6.03892 6.02939 6.7498 5.83364 6.75909 6.59789 5.81745 6.8349 5.65825 5.80976 5.19702 6.82185 6.16292 5.74866 5.21171
threshold=2.5000000000000004 1.5000000000000002 6.5000000000000009 3.0350000000000006 3.5000000000000004 11.500000000000002 647.45697350247019 375.65930343473843 289.842079981425 4.1850000000000014 24.950000000000003 0.62834016982438767 4.5000000000000009 0.59899857709390414 0.084650766612369019 144.88732380732384 10.250000000000002 532.52445211598626 24.500000000000004 0.088170323241826748 0.6638879388666673 0.29849259138283329 5.7750000000000012 456.22807945129443 394.24366854186866 397.98984263002245 0.37007761703499575 39.350000000000001 0.42638852430711377 29.050000000000004
decision_type=2 2 2 2 2 2 2 2 2 2 2 2 2 2 2 2 2 2 2 2 2 2 2 2 2 2 2 2 2 2
left_child=1 3 4 8 -2 -4 7 -5 10 -9 -1 -6 15 -8 -15 -13 17 23 19 20 -7 -19 -23 24 -3 29 27 -27 -28 -18
right_child=2 16 5 6 11 18 13 9 -10 -11 -12 12 -14 14 -16 -17 25 21 -20 -21 -22 22 -24 -25 -26 26 28 -29 -30 -31
leaf_value=0.022204126235545411 0.0059073961765101594 -0.0089151902648723202 0.017779448059652592 -0.014188156159642473 0.0036809757521085993 0.019204391877971121 -0.027353974077633653 -0.021540764078183967 -0.025005881113968682 -0.01656666059034596 -0.018232710018093869 0.016990617638730564 0.014304352952705449 0.010663953672399161 -0.0098082811788926111 0.0090309077044256336 -0.0063908802042506596 -0.0036469021111465365 0.025695849132348198 0.021463586293487016 0.042137022509241347 0.024050719723669015 0.00095506949757598293 -0.017003467342013575 0.017450215937365794 -0.0016821380163195882 -0.011595027370180965 -0.062443155889824214 -0.0037577622336598775 -0.00014050428504990049
leaf_weight=12.891443543136118 2926.8906709551811 42.441649775952101 2469.8080450259149 5133.6545242071152 214.59470297396183 51.646262809634209 47.216666381806135 1205.1422150917351 1268.8209740668535 3379.4803133830428 631.69233093783259 284.19954315572977 2151.4955463781953 48.257116116583347 1111.1822928860784 1475.0883293449879 385.35469565913081 52.150421369820833 2221.794623773545 2209.5987356603146 79.867399819195271 90.888965636491776 49.469827942550182 51.502939511090517 41.155623331665993 1318.9821860045195 442.0306259021163 4.1865149214863768 497.11830160021782 2478.8947352580726
leaf_count=167 31597 559 20623 76738 2143 400 726 19542 21470 52132 10002 2698 19787 608 15718 14760 4881 626 15170 16707 562 917 566 689 471 16634 5735 61 6381 30140
internal_value=-1.24781e-05 -0.0120375 0.0156047 -0.016312 0.00950135 0.021725 -0.0152366 -0.015927 -0.0224517 -0.0178742 -0.017424 0.0120512 0.0125105 -0.00967611 -0.0089562 0.0103167 -0.00197601 0.00460022 0.0238607 0.022119 0.0331312 0.0106125 0.0159106 -0.0039669 0.00406472 -0.00239626 -0.00418754 -0.00187439 -0.00744654 -0.000981427
internal_weight=32377.5 18292.5 14085 12838.3 7052.27 7032.72 10924.9 9718.28 1913.4 4584.62 644.584 4125.38 3910.78 1206.66 1159.44 1759.29 5454.18 327.609 4562.91 2341.11 131.514 192.509 140.359 135.1 83.5973 5126.57 2262.32 1323.17 939.149 2864.25
internal_count=389210 264763 124447 197103 70985 53462 165464 148412 31639 71674 10169 39388 37245 17052 16326 17458 67660 3828 32839 17669 962 2109 1483 1719 1030 63832 28811 16695 12116 35021
is_linear=0
shrinkage=0.05


Tree=6
num_leaves=31
num_cat=0
split_feature=12 12 12 3 12 7 12 7 7 0 1 12 9 8 7 2 7 7 9 7 7 3 11 2 1 2 9 7 11 2
split_gain=2194.02 287.411 188.13 31.8305 29.369 14.8558 13.7281 13.1139 12.6986 8.22766 7.15912 7.13849 7.75456 8.27652 6.952 6.31754 6.96733 6.28454 5.90219 5.83158 7.90078 6.69861 5.65466 5.46919 5.43871 6.90597 8.14524 5.83594 7.5704 5.5293
threshold=2.5000000000000004 1.5000000000000002 7.5000000000000009 3.7450000000000006 3.5000000000000004 610.13610287753932 17.500000000000004 347.80451835848868 368.01878810272694 35.050000000000004 29.450000000000003 5.5000000000000009 0.20756663983095386 0.47101616021861042 752.46024496419329 20.450000000000003 502.7226766591599 736.25144288462127 0.22026865748450586 330.71374953319338 297.64008315073767 3.3850000000000002 0.42494563574501582 33.45000000000001 10.250000000000002 34.650000000000013 0.32278390491443071 528.36976766600731 0.89115595729701746 18.250000000000004
decision_type=2 2 2 2 2 2 2 2 2 2 2 2 2 2 2 2 2 2 2 2 2 2 2 2 2 2 2 2 2 2
left_child=1 3 4 7 -2 8 15 19 10 -7 -5 23 13 -13 17 16 -4 -9 -11 20 -1 -21 -17 -6 25 27 -27 29 -29 -3
right_child=2 24 6 5 11 9 -8 14 -10 18 -12 12 -14 -15 -16 22 -18 -19 -20 21 -22 -23 -24 -25 -26 26 -28 28 -30 -31
leaf_value=-0.016077429915742389 0.0056012705655239291 -0.060487995381378737 0.013244013486966577 -0.012970325390474874 0.0098588124255901757 -0.014838048195510515 0.023436210386572273 -0.022913413782696193 -0.016945340268359008 -0.014293160153014663 0.036508480641642818 0.0040953778112882665 0.015950318581523588 0.028521415781682241 -0.0062328061112790758 0.064153272784001458 0.022755797043024651 -0.066398533496452347 -0.0046920526615315218 -0.013028553052918801 -0.026870988614967836 0.014219261257451737 0.020212765307214043 0.017699977486080053 -0.0022784997312927401 0.05409308780990655 -0.009915085789140762 -0.0031332544025797909 0.017275499637343861 -0.0039456312626416053
leaf_weight=1531.1603350006044 2932.3671485297382 4.4878983236849299 779.85689732059836 3885.0617484934628 2831.4915232956409 458.52356073632836 3222.9817820526659 1753.0028202533722 3782.2302665859461 202.52631976082921 7.3245170488953582 269.19082855060697 1480.7983721010387 39.808813937008381 63.132547304034233 7.3475762344896784 255.63016629591584 8.3482484184205514 763.57526885718107 82.391962751746178 190.65423950180411 31.058716829866171 2085.4889125749469 241.33758679032326 5122.3363490700722 14.118860334157946 7.6703485883772364 82.762045722454786 100.75719087570906 118.22637416422367
leaf_count=23791 31597 74 6346 58023 27516 6848 22384 29616 59241 2950 87 2508 12992 325 893 49 1980 157 10633 1322 3116 426 16490 2260 63832 125 89 976 1050 1514
internal_value=-1.38752e-05 -0.0114898 0.0147582 -0.0155955 0.00955342 -0.0140116 0.021146 -0.0195333 -0.0148821 -0.0093225 -0.0128772 0.0119367 0.0144469 0.00724222 -0.0225352 0.0187865 0.0155922 -0.0231195 -0.00670476 -0.0165491 -0.0172726 -0.00556908 0.020367 0.0104747 -0.00187881 0.00436267 0.0315606 0.00242748 0.00807172 -0.00601349
internal_weight=32355.6 18209.3 14146.3 12759 7794.99 9099.24 6351.31 3659.75 7674.62 1424.63 3892.39 4862.63 1789.8 309 1824.48 3128.32 1035.49 1761.35 966.102 1835.27 1721.81 113.451 2092.84 3072.83 5450.36 328.023 21.7892 306.234 183.519 122.714
internal_count=389210 264763 124447 197103 77198 137782 47249 59321 117351 20431 58110 45601 15825 2833 30666 24865 8326 29773 13583 28655 26907 1748 16539 29776 67660 3828 214 3614 2026 1588
is_linear=0
shrinkage=0.05


Tree=7
num_leaves=31
num_cat=0
split_feature=12 12 12 3 12 7 7 12 7 0 1 5 12 11 7 9 5 9 1 1 6 2 6 7 6 7 9 0 11 7
split_gain=1979.55 262.426 167.874 29.4721 26.3708 14.3264 12.696 12.3536 8.56329 7.54418 7.54312 6.65487 6.27413 5.25281 5.0529 5.02324 4.95401 5.81722 5.03917 5.39403 4.84164 9.07601 6.87535 4.71871 4.70384 4.6337 4.60626 4.49609 8.11513 7.35175
threshold=2.5000000000000004 1.5000000000000002 7.5000000000000009 3.0350000000000006 4.5000000000000009 618.33717531341642 375.65930343473843 13.500000000000002 289.842079981425 35.050000000000004 24.950000000000003 52.95000000000001 3.5000000000000004 0.53692217587076374 278.70775580774517 0.22026865748450586 50.95000000000001 0.54099704018995709 25.450000000000003 26.650000000000002 15.481182584265303 23.150000000000002 15.992243702554239 167.34052722082475 23.119041321237926 791.45411265692917 0.39714168126986243 37.95000000000001 0.89233729393130756 770.13562615451679
decision_type=2 2 2 2 2 2 2 2 2 2 2 2 2 2 2 2 2 2 2 2 2 2 2 2 2 2 2 2 2 2
left_child=1 3 4 8 12 6 23 20 10 -7 -1 -8 -2 -10 -12 -11 17 18 -3 -20 26 22 -22 -5 -23 -15 -4 29 -29 -18
right_child=2 16 7 5 -6 9 11 -9 13 15 14 -13 -14 25 -16 -17 27 -19 19 -21 21 24 -24 -25 -26 -27 -28 28 -30 -31
leaf_value=0.02185240897342338 0.0053116129484502951 -0.020504446529883813 0.014550684039640214 -0.014966557017989804 0.012722572516234827 -0.013990648134263029 -0.022308690685879488 0.021670186772055761 -0.04927303337504739 -0.013746973910321239 -0.017793535472406221 -0.015946115448527618 0.0090151961776267376 -0.023085428933890078 0.0026479777500416188 -0.0046460645978745243 -0.0010038212216735181 0.031049409568632766 0.015307437171153269 -0.00491322233696323 0.035084531546013147 0.029665487539564217 0.013211071309479339 -0.011791217522050361 0.0093797723653063804 0.0013580507621506884 0.02145101175452346 -0.023158252783802107 0.0009715261984615559 0.013585014889196565
leaf_weight=12.918029978871344 2937.5267135165632 50.120938666164875 1425.4239765964448 1827.2063153348863 3006.9136426411569 539.01804147660732 460.78840625658631 4009.3092399127781 18.872989021241665 191.48909027129412 591.52120523899794 3801.4876198880374 1872.4507828205824 1206.2693012431264 31.859367739409208 728.20268088951707 4034.3494856283069 11.302967894822357 34.012255549430847 1087.6510786563158 40.303064692765474 256.67262680456042 330.73509123176336 3252.846606310457 32.156870894134045 19.705102827399969 291.27159416303039 62.795447342097759 78.280508935451508 88.244206659495831
leaf_count=167 31597 671 11537 27953 27119 8087 7768 28121 357 2804 9524 59920 18482 20834 478 10147 49713 119 408 14050 307 1979 2708 48785 263 279 2334 839 921 939
internal_value=-1.50201e-05 -0.0109656 0.0139628 -0.014908 0.00904953 -0.0139021 -0.0146217 0.019977 -0.0206837 -0.00929375 -0.0159651 -0.016634 0.00675336 -0.0230955 -0.0167488 -0.00654097 -0.00178622 -0.00464884 -0.00499318 -0.00430007 0.0171206 0.0207607 0.015587 -0.0129333 0.027407 -0.0226925 0.0157215 -0.000991903 -0.00976907 -0.000691547
internal_weight=32331.7 18128.9 14202.8 12682.2 7816.89 10801 9342.33 6385.87 1881.15 1458.71 636.299 4262.28 4809.98 1244.85 623.381 919.692 5446.76 1183.09 1171.78 1121.66 2376.56 659.868 371.038 5080.05 288.829 1225.97 1716.7 4263.67 141.076 4122.59
internal_count=389210 264763 124447 197103 77198 165464 144426 47249 31639 21038 10169 67688 50079 21470 10002 12951 67660 15248 15129 14458 19128 5257 3015 76738 2242 21113 13871 52412 1760 50652
is_linear=0
shrinkage=0.05


Tree=8
num_leaves=31
num_cat=0
split_feature=12 12 12 3 12 12 4 10 11 6 2 3 10 6 10 10 0 8 0 8 9 3 8 8 0 3 6 8 8 1
split_gain=1786.31 239.54 150.265 27.3776 18.4446 17.2364 8.63408 7.51697 7.43121 9.04261 6.19175 5.5348 6.01064 6.6506 5.73773 5.45381 7.24375 6.43369 5.19353 5.0857 8.45933 6.00914 4.7961 6.24856 5.71133 4.79576 6.05457 4.79062 7.19399 4.78649
threshold=2.5000000000000004 1.5000000000000002 6.5000000000000009 3.7450000000000006 3.5000000000000004 11.500000000000002 2.0350000000000006 0.084650766612369019 0.73231390305913946 21.350658231511083 33.45000000000001 3.0350000000000006 0.25452066543129798 3.8262053198697008 0.37267073963364072 0.2301113571169367 21.850000000000005 0.17527376520571544 38.050000000000004 0.53128441753011557 0.35466991166278988 4.785000000000001 0.34133720493381597 0.32330357999261927 27.950000000000003 3.1850000000000005 24.353329519512073 0.086658723486081515 0.10962562904625298 10.250000000000002
decision_type=2 2 2 2 2 2 2 2 2 2 2 2 2 2 2 2 2 2 2 2 2 2 2 2 2 2 2 2 2 2
left_child=1 3 4 11 27 19 8 18 -5 -10 15 12 13 -1 -14 16 -6 -17 -8 -4 21 -21 23 -12 -24 26 -13 -2 -29 -3
right_child=2 29 5 6 10 -7 7 -9 9 -11 22 25 14 -15 -16 17 -18 -19 -20 20 -22 -23 24 -25 -26 -27 -28 28 -30 -31
leaf_value=-0.031494368469869354 -0.02728245039653926 0.0041539171884037085 0.015406655459724498 -0.021732244057620205 0.049380877113626452 0.020139350477175619 -0.0076627502236533973 -0.013420770271035313 0.00039371924296464748 -0.040831351286759965 0.01407120519779474 -0.011015947464723126 -0.024961612497268922 -0.015892438265836945 -0.015493118552653354 -0.0027449616610931496 0.0071732473835704183 0.011772047107211267 0.024512976508998783 0.02035278062971527 -0.025804364788844975 -0.016406918434376687 0.045178614341836253 -0.016922222997923304 0.01883962904655271 -0.017047491690331828 0.038224447919983161 0.043097984231514085 0.0050016559004275925 -0.0020738082283451044
leaf_weight=73.963229179382324 11.420950315892695 328.33505423367023 2422.4125517755747 55.047141373157501 10.229959167540072 4640.9061515368521 428.06689755618572 8224.7384442351758 268.32394332438707 13.995627816766499 129.00401891767979 271.80332888662815 690.26047749817371 892.64574929699302 208.27688625454903 79.139414414763451 1608.9125855453312 2143.3280102089047 12.919914729893206 47.697946615517139 19.711261373013258 14.496388796716927 23.750158727169037 18.607962679117918 154.2711614780128 1461.4064161032438 6.3895659968256941 12.444900844246147 2918.5234765335917 5115.0264759585261
leaf_count=1333 138 3828 19907 813 80 32839 6418 126525 3633 227 1214 4275 11914 14911 3481 779 15390 20143 166 391 193 132 188 194 1400 23324 83 119 31340 63832
internal_value=-1.59309e-05 -0.010464 0.0132146 -0.0142486 0.00806826 0.0183354 -0.0127743 -0.0130798 -0.00492673 -0.00164996 0.0102082 -0.0179308 -0.0198229 -0.0170863 -0.0227669 0.00964711 0.00743992 0.0112551 -0.00672007 0.0149923 0.00273862 0.0117848 0.016828 0.0101642 0.0223536 -0.0159021 -0.00988499 0.00503747 0.00516341 -0.00169816
internal_weight=32306.1 18051.2 14254.9 12607.8 7109.63 7145.22 9003.09 8665.73 337.367 282.32 4167.24 3604.75 1865.15 966.609 898.537 3841.61 1619.14 2222.47 440.987 2504.32 81.9056 62.1943 325.633 147.612 178.021 1739.6 278.193 2942.39 2930.97 5443.36
internal_count=389210 264763 124447 197103 70985 53462 137782 133109 4673 3860 39388 59321 31639 16244 15395 36392 15470 20922 6584 20623 716 523 2996 1408 1588 27682 4358 31597 31459 67660
is_linear=0
shrinkage=0.05


Tree=9
num_leaves=31
num_cat=0
split_feature=12 12 12 3 12 7 7 12 7 0 7 6 3 8 10 6 3 7 5 2 10 2 8 5 7 7 2 7 7 10
split_gain=1612.12 218.572 134.574 25.2775 21.7238 12.7318 11.1247 10.8455 10.7856 7.15935 6.2207 5.90245 7.12929 5.26119 5.70283 5.07096 4.99931 5.42328 4.91053 4.85985 4.82292 5.93568 5.69872 4.58723 6.29682 7.81515 6.64114 6.0873 10.4242 8.22329
threshold=2.5000000000000004 1.5000000000000002 7.5000000000000009 3.5250000000000004 4.5000000000000009 610.13610287753932 347.80451835848868 23.500000000000004 366.02023863433777 35.050000000000004 674.25750181112846 0.22519262012045529 4.9850000000000012 0.2619087800369691 0.43646623324241651 4.214377943216352 1.9450000000000001 335.24148465732657 52.95000000000001 20.050000000000004 0.31957443335982255 29.750000000000004 0.40184157552917349 69.500000000000014 386.87255805442561 674.25750181112846 23.150000000000002 548.63539288536242 456.22807945129443 0.029789439859929576
decision_type=2 2 2 2 2 2 2 2 2 2 2 2 2 2 2 2 2 2 2 2 2 2 2 2 2 2 2 2 2 2
left_child=1 3 4 6 11 8 16 -4 -5 -7 -8 12 -2 14 -13 -15 -1 -18 -10 -9 22 -22 -21 24 26 -26 -3 28 -25 -29
right_child=2 23 7 5 -6 9 10 19 18 -11 -12 13 -14 15 -16 -17 17 -19 -20 20 21 -23 -24 27 25 -27 -28 29 -30 -31
leaf_value=-0.021502758907018284 -0.038606773145424933 0.0013476267784960716 0.016302607295646105 -0.011402521529754959 0.011438535774358157 -0.012941477344505027 -0.021590588758711345 0.024126324246126582 -0.022888681037497745 -0.0055495992900532832 -0.0090705325886302878 0.010284226670636096 0.037330563282044725 0.010942734781484349 -0.012648375346113542 0.0047673424406120607 -0.013983598481459213 0.0015568152224229737 -0.014637083883560076 0.01978167179417924 0.02073552034071284 0.035433488973755291 0.012472868317962993 0.0014419875119293466 -0.0064551922241116852 0.0093499015040175628 -0.0042901308034968477 0.053330733369325214 -0.0077504835607159475 0.0039921877154925891
leaf_weight=214.42011092975736 14.384447243064644 1230.69045034796 4079.210369002074 4242.8527659289539 3026.8712811656296 497.92042132467031 1395.6373389288783 679.84381730109453 189.36943440884352 957.45997167751193 106.80500818416476 878.19383696466684 3.9367296174168578 366.89947026595473 27.973146189004183 3538.5368291176856 1108.7089755982161 59.134976696223021 3764.0620967894793 885.05756022408605 333.73347143083811 86.492585800588131 381.73074288666248 991.93654368072748 1226.5472865179181 83.54089417308569 907.57503546029329 8.5784975551068765 447.55216887965798 543.74848060309887
leaf_count=3647 181 14990 31401 64426 27119 7555 24496 4507 3221 13583 1682 8971 40 3761 301 36825 17625 919 59949 5919 2229 555 2638 12123 16148 970 11289 77 5741 6322
internal_value=-1.6628e-05 -0.00998364 0.0125104 -0.0136155 0.00811738 -0.0123881 -0.0177223 0.0178648 -0.0131533 -0.00807854 -0.0207006 0.00603605 -0.0222899 0.0061439 0.0095763 0.00534749 -0.0144852 -0.0131967 -0.0150323 0.0205573 0.019119 0.0237607 0.0175793 -0.00161424 -0.0027177 -0.00544734 -0.00104529 0.000296141 -0.00141605 0.00475849
internal_weight=32279.4 17976.5 14302.9 12536.4 7856.8 9651.66 2884.71 6446.07 8196.28 1455.38 1502.44 4829.92 18.3212 4811.6 906.167 3905.44 1382.26 1167.84 3953.43 2366.86 1687.01 420.226 1266.79 5440.17 3448.35 1310.09 2138.27 1991.82 1439.49 552.327
internal_count=389210 264763 124447 197103 77198 148734 48369 47249 127596 21138 26178 50079 221 49858 9272 40586 22191 18544 63170 15848 11341 2784 8557 67660 43397 17118 26279 24263 17864 6399
is_linear=0
shrinkage=0.05


Tree=10
num_leaves=31
num_cat=0
split_feature=12 12 12 0 12 12 7 7 7 5 0 8 2 10 7 7 4 6 4 8 9 5 9 10 0 8 9 2 9 0
split_gain=1455.1 199.376 120.683 23.2216 15.4623 14.1965 12.5065 11.5852 8.83505 6.15676 6.05155 6.1482 5.53678 5.35711 8.2782 5.31015 8.77225 6.29666 5.15917 4.91311 7.28312 7.2615 5.31391 4.88261 6.40488 5.81968 4.76315 6.03252 5.68484 6.06307
threshold=2.5000000000000004 1.5000000000000002 6.5000000000000009 31.950000000000003 3.5000000000000004 12.500000000000002 297.64008315073767 610.13610287753932 366.02023863433777 52.95000000000001 35.250000000000007 0.40516512782848252 33.45000000000001 0.25452066543129798 752.46024496419329 261.4073458547104 10.495000000000003 6.9807210531518864 3.9150000000000005 0.53128441753011557 0.3361783368933472 69.500000000000014 0.44423977362310113 0.2301113571169367 21.850000000000005 0.17527376520571544 0.44984171932974087 18.150000000000002 0.41846825257090758 29.750000000000004
decision_type=2 2 2 2 2 2 2 2 2 2 2 2 2 2 2 2 2 2 2 2 2 2 2 2 2 2 2 2 2 2
left_child=1 3 4 6 -2 19 15 8 -5 -10 -9 -12 23 14 -8 17 -17 -1 -15 -4 21 -21 -22 24 -6 -25 28 -28 29 -3
right_child=2 26 5 7 12 -7 13 10 9 -11 11 -13 -14 18 -16 16 -18 -19 -20 20 22 -23 -24 25 -26 -27 27 -29 -30 -31
leaf_value=-0.0067631146341446922 0.0044695087104766459 -0.0056461414727027714 0.014056909783113964 -0.010817617677879301 0.045703292089970454 0.018210024517338216 -0.017387971183715999 -0.011964565865420817 -0.022844401731908055 -0.013727088199614837 -0.0025078751246964386 -0.011662253685917494 0.015432454060947405 -0.045050477010657737 0.0071963222399662602 -0.00080904065103794265 -0.034429550745524985 -0.015944686329386244 -0.021138110897494233 0.023746437484453087 -0.0076951611604210574 -0.011792619692543546 -0.06135717428398596 -0.003120264003939863 0.0063287248456127048 0.010670399518862199 -0.040690176964361072 0.0048954267886354499 -0.009081825554069797 -0.00077234144070491588
leaf_weight=234.98142308741808 2952.3670474775136 757.45865628123283 2759.3389430008829 3972.6008467935026 10.394496981054543 4351.0454822666943 1009.9455071799457 494.75962133705616 195.35906214267015 3548.4258360974491 650.56855648010969 255.42403260618448 327.82435108721256 23.102519035339355 35.443814028054476 160.41739999875426 22.07123988494277 909.38416849821806 954.64239460974932 43.235815472900867 24.431360565125946 21.530939999967813 5.6873324625194064 79.315909206867218 1616.3289717584848 2155.7946767248213 7.4073026962578288 358.70343505218625 263.58348961174488 4049.9172416180372
leaf_count=3649 31597 9904 22355 60580 80 30292 17441 7536 3382 56729 9162 3682 2996 388 493 2432 393 14651 16585 344 218 191 62 779 15390 20143 103 4372 3370 49911
internal_value=-1.71746e-05 -0.0095243 0.0118469 -0.0130087 0.00724092 0.0164125 -0.0165686 -0.0117007 -0.01246 -0.0142028 -0.00751735 -0.00508874 0.00919388 -0.0190427 -0.0165544 -0.0127962 -0.0048753 -0.0140594 -0.0217031 0.0136722 0.0024854 0.0119319 -0.0178282 0.00866429 0.00658032 0.010181 -0.00153462 0.00397312 -0.00193227 -0.00154027
internal_weight=32251.5 17904.2 14347.3 12467.1 7142.03 7205.27 3349.99 9117.14 7716.39 3743.78 1400.75 905.993 4189.66 2023.13 1045.39 1326.85 182.489 1144.37 977.745 2854.22 94.8854 64.7668 30.1187 3861.83 1626.72 2235.11 5437.07 366.111 5070.96 4807.38
internal_count=389210 264763 124447 197103 70985 53462 56032 141071 120691 60111 20380 12844 39388 34907 17934 21125 2825 18300 16973 23170 815 535 280 36392 15470 20922 67660 4475 63185 59815
is_linear=0
shrinkage=0.05


Tree=11
num_leaves=31
num_cat=0
split_feature=12 12 12 3 12 7 7 12 4 7 1 11 10 3 10 11 8 3 10 6 11 11 10 10 4 3 3 1 12 11
split_gain=1313.5 181.811 109.064 22.0532 19.7516 10.7317 8.92637 8.20582 7.97656 7.34241 6.92928 5.58107 7.02098 5.25823 5.5947 5.47159 4.8074 4.70722 4.60723 5.11252 4.50194 6.82914 9.40439 4.64008 10.2574 7.85995 4.44563 8.74486 5.36685 4.43484
threshold=2.5000000000000004 1.5000000000000002 5.5000000000000009 3.0350000000000006 11.500000000000002 647.45697350247019 375.65930343473843 3.5000000000000004 2.6750000000000003 289.842079981425 24.950000000000003 0.59899857709390414 0.084650766612369019 2.1050000000000004 0.22612412155256503 0.53692217587076374 0.56544464357476054 6.1950000000000012 0.30987804491830329 10.480937823494854 0.62834016982438767 0.85011587619053297 0.23799033873133815 0.25452066543129798 4.4150000000000009 4.1150000000000011 3.6050000000000004 27.450000000000003 4.5000000000000009 0.67281284521124429
decision_type=2 2 2 2 2 2 2 2 2 2 2 2 2 2 2 2 2 2 2 2 2 2 2 2 2 2 2 2 2 2
left_child=1 3 7 9 17 6 -5 20 -8 10 -1 -7 -13 14 -11 -15 -12 -4 19 29 23 22 -22 25 -25 -2 27 -20 -28 -9
right_child=2 -3 4 5 -6 11 8 18 -10 13 16 12 -14 15 -16 -17 -18 -19 26 -21 21 -23 -24 24 -26 -27 28 -29 -30 -31
leaf_value=0.023309418450119055 -0.020221437953026278 -0.0014587788324829278 0.011988364637279482 -0.010665643902305032 0.017078670965543392 -0.024178222423280066 -0.0075099588981665053 7.6131058848123199e-05 -0.014476724873273287 -0.0080123708611658916 -0.014446627314648425 0.012403490599615456 -0.0071942296568462058 -0.055775164415550617 -0.020016761497886077 -0.021621794217177061 0.019593103653901611 0.030771701184617601 -0.0084899570757701933 0.0047866278365092619 0.0045765708857303513 0.0028809754994590206 0.014884018980439135 -0.035602018740728665 0.05327095132907065 0.0030156660887980021 0.0094653984081401136 0.011822163344522921 0.019038590676506963 0.010903251936046895
leaf_weight=12.807304237037895 60.999436900019646 5434.1747917085886 3582.426618013531 4981.4310718886554 4700.0570845492184 45.775599204003811 458.46259581297636 107.17173979431391 3956.9487306252122 163.92606300115585 596.22804465144873 47.704418603330851 1088.2699926011264 11.904053173959253 237.9433703944087 788.43160171434283 10.555999927222727 33.668351825326681 77.747250620275736 1351.8990240618587 656.63937896117568 1800.2458115629852 333.78012293204665 4.9036689661443225 9.6081641092896444 90.20696309581399 361.51244822144508 166.39501825720072 246.0407005213201 804.88745875656605
leaf_count=167 722 67660 29985 76738 32839 726 7087 1056 64587 2818 9847 608 15718 243 4206 14203 155 250 788 13068 7013 19343 3432 58 83 946 3515 1570 2158 7621
internal_value=-1.75727e-05 -0.00908484 0.0112216 -0.0124268 0.0149413 -0.0115517 -0.0121165 0.00612705 -0.0137533 -0.0175078 -0.0130863 -0.007061 -0.00637124 -0.0197866 -0.0151201 -0.0221298 -0.0138545 0.0121633 0.00791753 0.00673824 0.00424011 0.00471558 0.00805027 -0.00376667 0.02324 -0.00635861 0.0110523 0.00535376 0.0133423 0.00963101
internal_weight=32222.8 17834.6 14388.2 12400.4 8316.15 10578.6 9396.84 6072.04 4415.41 1821.8 619.591 1181.75 1135.97 1202.21 401.869 800.336 606.784 3616.09 3115.65 2263.96 2956.38 2790.67 990.42 165.718 14.5118 151.206 851.695 244.142 607.553 912.059
internal_count=389210 264763 124447 197103 63074 165464 148412 61373 71674 31639 10169 17052 16326 21470 7024 14446 10002 30235 29776 21745 31597 29788 10445 1809 141 1668 8031 2358 5673 8677
is_linear=0
shrinkage=0.05


Tree=12
num_leaves=31
num_cat=0
split_feature=12 12 12 3 12 12 4 11 6 10 11 0 9 11 8 12 10 8 8 3 9 9 0 8 3 8 4 10 10 10
split_gain=1185.77 165.743 97.7878 20.5282 17.7018 7.37089 6.59695 6.8693 8.21658 6.85308 5.31088 4.68525 4.48325 8.46865 6.87254 5.42949 5.47971 4.34679 6.23058 4.46175 4.29957 5.15631 5.49074 5.90336 4.51976 6.14055 4.30901 4.25941 6.9989 6.94735
threshold=2.5000000000000004 1.5000000000000002 5.5000000000000009 3.7450000000000006 11.500000000000002 3.5000000000000004 2.0350000000000006 0.74172051801414318 21.350658231511083 0.084650766612369019 0.42494563574501582 38.050000000000004 0.34147589246759935 0.64387528315267628 0.15950657116159281 39.500000000000007 0.28764522810143084 0.086658723486081515 0.10962562904625298 3.9350000000000005 0.44984171932974087 0.41846825257090758 29.750000000000004 0.32842057925925233 5.7250000000000005 0.37211247966335975 2.0950000000000002 0.38665136513222198 0.37727835080773725 0.38911467756702955
decision_type=2 2 2 2 2 2 2 2 2 2 2 2 2 2 2 2 2 2 2 2 2 2 2 2 2 2 2 2 2 2
left_child=1 3 5 10 -4 17 7 -5 -9 11 -1 -8 15 -14 -15 -6 -17 19 -19 -2 21 22 23 -3 -22 -26 -24 28 -7 -29
right_child=2 20 4 6 12 27 9 8 -10 -11 -12 -13 13 14 -16 16 -18 18 -20 -21 24 -23 26 -25 25 -27 -28 29 -30 -31
leaf_value=-0.056518439223817496 0.010910414737979563 -0.01068013332621167 0.011520012013227599 -0.019174993675544805 0.013627562578308572 0.007254647410883797 -0.0056408566094122321 0.0015939503520921699 -0.038356320519387394 -0.011183932760444028 -0.015014297028606469 0.024976450751909861 -0.029271616715961381 0.038687868347012273 0.018056617214963027 0.015346080383341929 0.023083927405605057 0.039131010140404252 0.0039906133010209014 -0.052805605382193602 0.0048411011613495114 -0.0085868501396972035 0.0082714805749726956 -0.0016709396300319352 -0.065633851764512599 0.0076939084487792925 -0.00095933031900860978 0.046395072164643954 -0.012016848215646516 0.011527562534283827
leaf_weight=7.7246988266706458 4.6394454613327962 304.73925244435668 3626.8153232820332 58.987381316721439 2117.2510519176722 2798.759366992861 420.79312690719962 261.56529561802745 13.536455068737267 8062.3777554705739 3498.2448550239205 12.877462361007927 9.2948327511548978 41.44385002925992 1550.8101669363678 642.60279054194689 355.30987920612097 12.668498195707796 2936.1036138422787 6.7378456518054008 354.97082178667188 262.62879663333297 130.64392552152276 450.83209362253547 5.4293949641287309 6.0213236734271049 3916.1886818222702 15.114971105009316 47.919446140527725 260.55611154437065
leaf_count=151 51 4073 30235 886 15291 26744 6418 3563 224 126525 59170 166 76 270 10710 4218 2274 119 31340 87 4323 3370 1452 5831 84 68 48459 123 491 2418
internal_value=-1.78397e-05 -0.00866443 0.0106316 -0.0118688 0.0141464 0.00581018 -0.0105836 -0.00369174 -0.000371813 -0.0108546 -0.0151057 -0.0047317 0.0161659 0.0183158 0.0185936 0.0150606 0.0181012 0.00402257 0.00414158 -0.0268234 -0.00138655 -0.00176493 -0.00139186 -0.00530455 0.00384373 -0.0270747 -0.000661332 0.00750493 0.00693024 0.0134393
internal_weight=32193.6 17767.6 14426 12336.1 8343.53 6082.5 8830.14 334.089 275.102 8496.05 3505.97 433.671 4716.71 1601.55 1592.25 3115.16 997.913 2960.15 2948.77 11.3773 5431.45 5065.03 4802.4 755.571 366.422 11.4507 4046.83 3122.35 2846.68 275.671
internal_count=389210 264763 124447 197103 63074 61373 137782 4673 3787 133109 59321 6584 32839 11056 10980 21783 6492 31597 31459 138 67660 63185 59815 9904 4475 152 49911 29776 27235 2541
is_linear=0
shrinkage=0.05


Tree=13
num_leaves=31
num_cat=0
split_feature=12 12 12 0 12 12 4 11 1 10 11 9 6 6 2 8 11 2 6 10 8 10 2 2 1 9 11 11 6 9
split_gain=1070.52 151.027 88.2977 19.0423 14.2485 7.73849 7.47672 6.52416 9.08884 6.35632 5.76393 5.63342 5.53926 5.31684 4.98728 4.66713 7.07953 4.43561 4.42932 4.41698 4.69984 4.57937 4.29145 4.66803 4.69591 4.39047 4.48213 3.92136 3.90716 3.87859
threshold=2.5000000000000004 1.5000000000000002 7.5000000000000009 29.950000000000003 4.5000000000000009 23.500000000000004 2.6750000000000003 0.99853074613377568 10.250000000000002 0.13215855450633343 0.59348579682447145 0.45987595485740818 20.971360065653048 0.22519262012045529 23.350000000000005 0.2619087800369691 0.95618745980000519 25.650000000000002 4.214377943216352 0.39710043179893578 0.19772882105269665 0.25452066543129798 20.050000000000004 21.350000000000005 29.650000000000002 0.10966629585183528 0.70437010853275617 0.80863685561386567 16.133974260865205 0.44984171932974087
decision_type=2 2 2 2 2 2 2 2 2 2 2 2 2 2 2 2 2 2 2 2 2 2 2 2 2 2 2 2 2 2
left_child=1 3 4 11 13 -4 7 28 -9 -8 -11 19 17 14 -2 16 -15 -13 -17 21 -21 -1 25 24 -24 -7 -27 -25 -5 -3
right_child=2 29 5 6 -6 22 9 8 -10 10 -12 12 -14 15 -16 18 -18 -19 -20 20 -22 -23 23 27 -26 26 -28 -29 -30 -31
leaf_value=-0.013706926885478581 -0.048769188943878314 -0.0016778405199710758 0.01306469582590682 -0.011089473566010012 0.0091983373589222418 -0.0043121491603659041 -0.0074414171018922825 -0.0024963811472223608 0.03463283975621765 -0.020717711941224577 -0.011251993763574192 -0.024606996479996715 0.012407669699024269 0.0095135832468769832 0.0034693538340766772 0.0094037801580093908 -0.0062042637926477606 -0.049812007303665404 0.0036559541654895924 0.02545367365999527 -0.0093163131270537439 -0.019066650905821977 0.013019779228041588 0.012361333410537348 -0.0016644006047748369 0.031601762669287485 0.019098151045198263 0.018242344980711183 -0.002880248407610871 0.0036460628889264306
leaf_weight=906.13504717126489 8.9387166984379309 5061.8865562528372 4135.7394550852478 572.74123525992036 3060.3822373151779 18.141235131770372 1129.9407217800617 288.10334223136306 17.482419021427631 164.09842152893543 8060.3816589228809 68.663294993340969 7.9813454039394847 834.89235540106893 9.3464064560830575 369.99965741485357 78.364730603992939 23.404710676521063 3560.9659734033048 10.578328173607586 119.61626996845007 711.42288522422314 256.65824959427118 397.36519610509276 69.104521758854389 81.56830645352602 590.7842182777822 988.71879338473082 194.0511267259717 366.89693349972367
leaf_count=15737 120 63185 31401 8684 27119 128 17702 4236 230 2693 128295 1234 127 8429 101 3761 843 453 36825 158 2035 12678 1711 2658 479 513 3866 6493 2841 4475
internal_value=-1.79644e-05 -0.00826221 0.0100748 -0.0113335 0.00652561 0.0143757 -0.0105044 -0.00654999 -0.000372236 -0.0109578 -0.0114409 -0.0160116 -0.0275504 0.00484343 -0.0220676 0.00494501 0.00816487 -0.0310144 0.00419696 -0.0153511 -0.00649125 -0.0160642 0.0166327 0.0152906 0.0099048 0.0199602 0.0206151 0.0165564 -0.00901198 -0.00131803
internal_weight=32164.4 17703.4 14461 12274.6 7922.89 6538.08 10426.8 1072.38 305.586 9354.42 8224.48 1847.8 100.049 4862.51 18.2851 4844.22 913.257 92.068 3930.97 1747.75 130.195 1617.56 2402.34 1711.85 325.763 690.494 672.353 1386.08 766.792 5428.78
internal_count=389210 264763 124447 197103 77198 47249 164681 15991 4466 148690 130988 32422 1814 50079 221 49858 9272 1687 40586 30608 2193 28415 15848 11341 2190 4507 4379 9151 11525 67660
is_linear=0
shrinkage=0.05


Tree=14
num_leaves=31
num_cat=0
split_feature=2 10 1 2 8 6 5 4 10 2 3 11 4 7 3 3 7 8 0 11 11 8 11 0 3 4 3 8 11 3
split_gain=9.73808 9.23946 6.73446 5.40436 5.67755 5.38856 5.17778 6.69104 5.11072 5.02689 5.26825 11.2925 5.03149 4.91033 4.8743 4.84033 4.83738 4.61591 5.06415 4.40989 8.41157 6.18429 6.55485 5.57805 5.05942 5.05594 5.40496 4.73836 4.88848 4.70669
threshold=35.750000000000007 0.45617067108241466 48.95000000000001 35.150000000000013 0.19772882105269665 10.844212100767662 67.15000000000002 4.8550000000000013 0.47615826878158701 36.650000000000013 3.7650000000000001 0.969315691371052 3.6750000000000003 595.68946850273198 3.8050000000000002 5.0950000000000006 412.04916699373916 0.38242943581371297 26.750000000000004 0.59348579682447145 0.56496889792149652 0.22163631500222034 0.98711176883659724 38.350000000000001 3.1550000000000007 7.8050000000000006 3.1550000000000007 0.2498010448178665 0.77903198912051408 3.8550000000000004
decision_type=2 2 2 2 2 2 2 2 2 2 2 2 2 2 2 2 2 2 2 2 2 2 2 2 2 2 2 2 2 2
left_child=3 2 9 19 -5 8 17 13 -3 10 11 -2 16 -8 -12 -14 -11 -6 -19 20 25 22 24 29 -21 -1 -27 28 -23 -22
right_child=1 5 -4 4 6 -7 7 -9 -10 12 14 -13 15 -15 -16 -17 -18 18 -20 21 23 27 -24 -25 -26 26 -28 -29 -30 -31
leaf_value=0.0012105543823460905 -0.017846242984056952 0.037678337573922277 -0.055219356691357094 -0.047791620299223556 -0.0072163916916896699 0.042836876339503949 0.0034269631919414015 0.053317442147036924 -0.025952036532736974 0.016958847563363414 0.065701949797682846 0.023149142176613371 0.0013347337820633512 -0.030943925743452644 0.013487708930525305 -0.013635343334398373 0.0036477003039386661 0.016343476607744913 -0.042435850491729106 0.0076539256127152264 -0.017182034194190173 0.00023764040835662359 -0.0098097961029815616 -0.057627528529500149 0.0017633484564035695 -0.0079221549398694521 -0.063902619142739245 -0.00010790444501249046 -0.0053168649935034541 -0.0045905554885694371
leaf_weight=672.97287085652351 41.947893116623163 5.705239385366438 4.9319171980023375 9.0180376321077329 48.889421060681343 23.500432275235653 63.195491943508387 5.8411442004144183 7.0615884810686111 97.494880344718695 4.5977141186594954 28.017848879098892 1041.3039272204041 12.436179544776676 160.48057344183326 56.949834655970335 227.55758917704225 4.3694863170385387 22.706868212670088 451.31689522042871 115.26588181033731 700.28689785674214 106.09367009624839 6.0256506614387026 1895.4827558137476 111.75310664623976 4.4848499037325373 25085.126934625208 911.97460129857063 208.40061182901263
leaf_count=8133 540 63 75 131 619 229 756 54 88 1072 42 303 12566 172 1830 719 2679 54 325 5368 1491 8484 1311 94 22827 1391 72 303912 11192 2618
internal_value=-1.79952e-05 0.00366533 0.00312096 -0.000223675 -0.00920832 0.0286315 -0.00699828 0.00175739 0.0024831 0.00329446 0.0100686 -0.0014296 0.00217578 -0.00222467 0.014942 0.000558462 0.00764019 -0.0163887 -0.0329503 -0.000174267 -0.00325468 -5.60283e-05 0.00234661 -0.00996208 0.00289618 -0.000452666 -0.0100821 -0.000276777 -0.00290426 -0.0090747
internal_weight=32135.2 1699.55 1663.28 30435.6 166.457 36.2673 157.439 81.4728 12.7668 1658.35 235.044 69.9657 1423.31 75.6317 165.078 1098.25 325.052 75.9658 27.0764 30269.2 1118.9 29150.3 2452.89 329.692 2346.8 789.211 116.238 26697.4 1612.26 323.666
internal_count=389210 20206 19826 369004 2111 380 1980 982 151 19751 2715 843 17036 928 1872 13285 3751 998 379 366893 13799 353094 29506 4203 28195 9596 1463 323588 19676 4109
is_linear=0
shrinkage=0.05


Tree=15
num_leaves=31
num_cat=0
split_feature=2 10 2 5 2 8 6 5 4 9 0 10 11 0 11 11 6 6 10 8 11 7 1 4 1 0 9 4 2 10
split_gain=8.77525 8.45581 9.45913 5.22624 4.89882 5.24068 4.87168 5.28235 6.85815 4.66795 7.04671 4.84118 5.90598 4.68764 4.64812 4.63902 4.53175 8.2282 6.87501 4.4481 4.42054 4.40341 5.33462 4.91277 6.84471 4.35419 4.33144 4.20984 4.08501 7.08474
threshold=35.750000000000007 0.329854747237188 53.350000000000001 27.350000000000005 35.150000000000013 0.19772882105269665 4.5917814140027788 67.15000000000002 4.8550000000000013 0.16899310684626831 37.850000000000001 0.33403113177689153 0.8678211853444483 41.45000000000001 0.59899857709390414 0.90459291843717871 2.9529726100529063 8.144678458606128 0.46496011507363227 0.38242943581371297 0.86290358435924486 351.92843904249008 12.450000000000001 3.4250000000000003 13.65 27.150000000000002 0.078350334413539821 3.3950000000000005 20.250000000000004 0.076293828134725059
decision_type=2 2 2 2 2 2 2 2 2 2 2 2 2 2 2 2 2 2 2 2 2 2 2 2 2 2 2 2 2 2
left_child=4 3 16 -2 9 -6 -7 19 -9 10 11 12 -1 28 -13 26 -3 20 -19 -8 -18 22 -5 27 -25 -24 -12 -23 -11 -30
right_child=1 2 -4 21 5 6 7 8 -10 13 15 14 -14 -15 -16 -17 17 18 -20 -21 -22 23 25 24 -26 -27 -28 -29 29 -31
leaf_value=-0.0014147224540520188 -0.014198941788820075 0.033769353302061697 -0.022332117179914766 0.027092363238133868 -0.046165993051316884 -0.033359406275248041 -0.004333534503053081 0.0011956248620812694 0.059111816646061945 0.00087945720933137758 0.0050156138713149112 -0.049834918723252269 0.0076617637083686773 0.020206583933042768 -0.0054174305711223135 0.012330283669491994 0.02677400294143515 0.012145941959690992 0.041382319812406573 -0.031012153766764396 -0.010699705167216812 0.0050513766378526845 0.025296693083863106 -0.034915919477247981 -0.0018314864626088627 0.0034934192636477909 -0.025948055816545051 0.047458458600105252 0.0042305169485074004 -0.00062566798314602596
leaf_weight=2044.7012850120664 50.208882194012403 22.685686703771353 21.078788995742798 27.471738334745169 8.8725450374186021 15.417453937232493 44.237888552248478 67.723379753530025 5.5287773795425883 9101.4078949838877 13.735424827784298 5.9561905637383452 196.44296362251043 28.771827954798937 529.32264220714569 12.548686809837816 9.1792594082653505 237.7837746180594 21.965344376862049 24.154812425374985 55.165678735822439 196.85622626543045 23.995082888752222 16.125606346875429 511.96462998539209 500.98940945789218 63.55620501562953 6.0316443741321555 784.76534181088209 17486.217565394938
leaf_count=24928 637 239 248 286 131 213 557 819 49 110069 166 90 2327 341 6645 135 94 2776 214 342 695 2282 245 214 6222 5994 863 60 9265 212064
internal_value=-1.72077e-05 0.00347717 0.0101885 0.00162598 -0.000212575 -0.00878018 -0.00666824 -0.00376301 0.00556691 -0.000165605 -0.00208547 -0.00163951 -0.000619141 3.52202e-05 -0.00591168 -0.0158675 0.0121653 0.0106531 0.0146183 -0.0137558 -0.00535382 0.00224506 0.0056139 -0.000301034 -0.00284174 0.00448997 -0.0204455 0.00631209 1.40176e-05 -0.000417088
internal_weight=32134.9 1701.5 367.859 1333.64 30433.4 165.935 157.062 141.645 73.2522 30267.4 2866.26 2776.42 2241.14 27401.2 535.279 89.8403 346.78 324.094 259.749 68.3927 64.3449 1283.43 552.456 730.978 528.09 524.984 77.2916 202.888 27372.4 18271
internal_count=389210 20206 4266 15940 369004 2111 1980 1767 868 366893 35154 33990 27255 331739 6735 1164 4018 3779 2990 899 789 15303 6525 8778 6436 6239 1029 2342 331398 221329
is_linear=0
shrinkage=0.05


Tree=16
num_leaves=31
num_cat=0
split_feature=12 12 12 3 12 12 4 5 11 1 10 10 6 2 10 8 2 11 10 8 0 4 3 10 0 2 2 8 6 10
split_gain=966.589 137.617 79.273 17.8252 12.9993 6.96658 6.77097 6.20006 5.86751 8.11162 5.5548 5.18265 6.47294 7.32348 5.19266 5.12309 4.75752 5.1751 5.30227 4.53445 4.31624 4.83978 4.88349 4.69761 5.0957 5.02568 4.12553 6.99476 5.97047 5.50926
threshold=2.5000000000000004 1.5000000000000002 7.5000000000000009 3.0350000000000006 3.5000000000000004 22.500000000000004 2.6750000000000003 83.800000000000011 0.99853074613377568 10.250000000000002 0.15000829397664919 0.25452066543129798 3.8262053198697008 20.550000000000004 0.37267073963364072 0.43870470929426258 33.45000000000001 0.65743951629967456 0.23402979842439112 0.13617347832829899 35.250000000000007 6.3350000000000009 5.0050000000000008 0.28764522810143084 23.950000000000003 26.850000000000005 20.750000000000004 0.53631295105843779 13.115719569255591 0.26709933547193365
decision_type=2 2 2 2 2 2 2 2 2 2 2 2 2 2 2 2 2 2 2 2 2 2 2 2 2 2 2 2 2 2
left_child=1 3 4 11 -2 26 8 10 -5 -10 -8 12 13 -1 -13 -9 -6 -18 -19 -14 23 22 -22 25 -25 -7 -4 28 -28 -29
right_child=2 -3 5 6 16 20 7 15 9 -11 -12 14 19 -15 -16 -17 17 18 -20 -21 21 -23 -24 24 -26 -27 27 29 -30 -31
leaf_value=-0.0520881372739459 0.0035715567356606041 -0.0012505307942553589 0.010234784913929958 -0.0086038362146669128 0.0073010547197314771 0.016710986575057967 -0.0073085548629143755 -0.013545576226430586 -0.0024280420976988946 0.03242016683978631 -0.010711981756167556 -0.020391722966900797 -0.042642443180132716 -0.016885327579531102 -0.011182520476918261 -0.026909616428727901 -0.0082533347525141597 0.021971985649953535 0.0096739149721081098 -0.011222027801329514 0.0041744902378313296 0.050068162733916559 0.014391666378448879 0.043269033081421604 0.019333145448832856 0.0091318354945075318 0.011902208645995858 0.011077701455544993 0.016832866336342407 -0.016332159953365163
leaf_weight=21.078249756246805 2967.8820776864886 5426.1618389710784 1476.9999328181148 764.0918740183115 4576.8013183772564 960.84913515672088 1428.2138980217278 380.03052323311567 287.93391559645534 17.726938057690859 7466.2062183991075 656.58137968927622 11.640919476747511 49.39866565912962 199.60164583846927 88.392625264823437 26.593416199088097 146.06057821959257 219.14583117514849 844.30622470006347 168.54102290049195 8.1545580141246301 382.08419634029269 23.003593113273382 665.84023352712393 283.18530618026853 1448.77185389027 39.528653983026743 1065.4888646155596 34.187968079000711
leaf_count=427 31597 67660 11304 11526 42119 6293 22445 6015 4236 230 119546 11914 229 906 3481 1466 258 1264 1960 14682 1162 46 2542 134 4334 1914 11009 315 7911 285
internal_value=-1.64551e-05 -0.00787641 0.00955087 -0.0108197 0.00618979 0.0136193 -0.0100302 -0.0104608 -0.00626175 -0.000407005 -0.0101655 -0.0154404 -0.0128486 -0.0274138 -0.0182448 -0.0160674 0.00775374 0.0130417 0.0145924 -0.0116493 0.015701 0.0118306 0.0112643 0.0168199 0.0201325 0.0149857 0.0123433 0.0135466 0.0139917 -0.00163432
internal_weight=32134.5 17641.4 14493.1 12215.2 7936.48 6556.64 10432.6 9362.84 1069.75 305.661 8894.42 1782.61 926.424 70.4769 856.183 468.423 4968.6 391.8 365.206 855.947 2491.66 558.78 550.625 1932.88 688.844 1244.03 4064.98 2587.98 2514.26 73.7166
internal_count=389210 264763 124447 197103 77198 47249 165464 149472 15992 4466 141991 31639 16244 1333 15395 7481 45601 3482 3224 14911 16425 3750 3704 12675 4468 8207 30824 19520 18920 600
is_linear=0
shrinkage=0.05


Tree=17
num_leaves=31
num_cat=0
split_feature=12 12 12 3 12 4 8 0 10 3 12 11 3 10 9 6 9 9 9 11 11 10 6 10 10 9 10 9 11 11
split_gain=872.735 125.323 72.0064 16.6622 13.0527 5.47028 6.49643 5.71442 5.67543 7.39118 5.44406 5.01392 4.16253 4.07995 5.62941 4.50912 9.02986 5.68022 4.46132 4.03211 5.87161 8.26676 4.39516 5.51529 4.4219 4.35867 3.99268 3.89533 7.60797 6.43637
threshold=2.5000000000000004 1.5000000000000002 5.5000000000000009 3.7450000000000006 11.500000000000002 2.0350000000000006 0.20079152603129716 36.650000000000013 0.15000829397664919 6.2650000000000006 3.5000000000000004 0.42494563574501582 6.1950000000000012 0.30987804491830329 0.088558315254728653 10.480937823494854 0.54099704018995709 0.47130921140014448 0.14448891302629244 0.62834016982438767 0.85011587619053297 0.23799033873133815 19.204324014337796 0.080522481275421151 0.25452066543129798 0.52645543451374066 0.35734479377087913 0.34147589246759935 0.64387528315267628 0.87526042874834187
decision_type=2 2 2 2 2 2 2 2 2 2 2 2 2 2 2 2 2 2 2 2 2 2 2 2 2 2 2 2 2 2
left_child=1 3 10 11 12 6 -5 -8 9 -7 19 -1 -4 15 -15 17 -17 -12 -16 22 21 -21 24 -24 -2 -22 -10 -6 -29 -30
right_child=2 -3 4 5 27 8 7 -9 26 -11 13 -13 -14 14 18 16 -18 -19 -20 20 25 -23 23 -25 -26 -27 -28 28 29 -31
leaf_value=-0.054344355570369166 -0.010138523925576138 -0.0011885305063473375 0.009643702885344491 -0.029419683477179479 0.012754964085715465 -0.0062179592391420511 -0.028790890970677482 0.00063212202629805536 -0.01052286700679023 -0.062721480849409025 0.0071056586121558954 -0.013185415579968185 0.027181937372888237 0.038620054539122636 -0.0088127320728432837 0.0037422173878178182 -0.051788979925793149 0.025760957218629102 0.0095061568237410857 0.0036667848156839277 0.0018106986252724149 0.013294555511002969 0.050202482306451961 -0.0021122486333383073 0.020117760413395698 0.020495867207572946 -0.0073350623289547322 -0.029325496693323683 0.022731174587545963 0.014540861333182015
leaf_weight=7.4152577705681315 130.91993112117052 5423.8209442459047 3620.0962514132261 21.543689329177141 3141.4007108695805 1355.2064758203924 17.487524919211864 292.83261463418603 5843.3597702048719 5.8124805614352217 877.00423703342676 3433.9938253201544 34.150989394634962 16.077611595392227 34.660836588591337 1354.1182065829635 7.3603961132466784 42.794906035065651 808.34166702255607 660.1219288110733 1776.3671120144427 336.66974902153015 7.8679229244589832 14.00714749842882 13.302880175411699 31.768618710339069 1180.723014600575 9.2965827733278257 293.47733028978109 1313.2559658177197
leaf_count=151 1457 67660 29985 333 21783 21109 277 4063 93353 102 8299 59170 250 128 349 12975 93 378 7554 7013 19026 3432 66 159 127 317 18545 76 1960 9020
internal_value=-1.64775e-05 -0.00750879 0.00905401 -0.0103282 0.0120549 -0.00916522 -0.0028692 -0.00102596 -0.00941441 -0.00645927 0.00492355 -0.0132741 0.00980761 0.00637508 0.00931192 0.00526913 0.00344201 0.00797362 0.00875296 0.0033893 0.00383753 0.0069186 -0.00418011 0.0167041 -0.00734773 0.00213899 -0.00998701 0.0137811 0.0157759 0.0160369
internal_weight=32105.3 17582.2 14523.1 12158.4 8411.68 8716.97 331.864 310.32 8385.1 1361.02 6111.38 3441.41 3654.25 3140.36 859.08 2281.28 1361.48 919.799 843.003 2971.03 2804.93 996.792 166.098 21.8751 144.223 1808.14 7024.08 4757.43 1616.03 1606.73
internal_count=389210 264763 124447 197103 63074 137782 4673 4340 133109 21211 61373 59321 30235 29776 8031 21745 13068 8677 7903 31597 29788 10445 1809 225 1584 19343 111898 32839 11056 10980
is_linear=0
shrinkage=0.05


Tree=18
num_leaves=31
num_cat=0
split_feature=12 12 12 3 12 7 7 7 1 3 11 10 12 3 0 8 7 7 7 6 3 8 7 11 0 8 8 3 1 6
split_gain=788.014 114.089 64.6994 15.5409 11.7752 8.92248 9.78233 7.01644 6.40368 5.07729 5.1936 5.06583 4.89573 4.74727 4.7263 4.76222 4.67584 4.28789 4.27664 4.14817 4.11281 4.87152 4.0582 5.9523 4.5831 4.00746 5.42057 4.08216 3.99683 3.92985
threshold=2.5000000000000004 1.5000000000000002 5.5000000000000009 3.0350000000000006 10.500000000000002 618.33717531341642 375.65930343473843 289.842079981425 24.950000000000003 2.1050000000000004 0.53692217587076374 0.22612412155256503 3.5000000000000004 4.1850000000000014 35.050000000000004 0.56544464357476054 278.70775580774517 167.34052722082475 736.25144288462127 4.8298714299080752 6.1950000000000012 0.30084171412359001 144.88732380732384 0.72227823988003903 21.350000000000005 0.086658723486081515 0.10962562904625298 3.9350000000000005 18.750000000000004 11.805902676108646
decision_type=2 2 2 2 2 2 2 2 2 2 2 2 2 2 2 2 2 2 2 2 2 2 2 2 2 2 2 2 2 2
left_child=1 3 12 7 20 6 17 8 -1 11 -11 -9 25 -8 19 -16 -10 -5 22 -7 -4 -22 23 -14 -24 27 -27 -2 -20 -30
right_child=2 -3 4 5 -6 14 13 9 16 10 -12 -13 18 -15 15 -17 -18 -19 28 -21 21 -23 24 -25 -26 26 -28 -29 29 -31
leaf_value=0.025387376004514385 0.0093046603358427904 -0.0011295798068438171 0.0089383982421138552 -0.01017299059781817 0.012928654837543106 0.0029720444433012547 -0.014373879329404527 -0.0049590694484037343 -0.011614993244765684 -0.052684154224734485 -0.01832591484139328 -0.016573029544271874 -0.0038116182092151614 -0.010492559314079729 -0.002818257088347749 -0.035590615770535329 0.0085031737819313887 -0.007081239518718906 0.011866761716844119 -0.010877376854696329 0.055168641611864827 0.012371395536727324 0.051383676607694787 0.011889041494017158 0.0048370270604651154 0.035735435444663038 0.0031887452855725606 -0.051627230164701367 0.010736198022732518 0.061099409317992605
leaf_weight=12.647057536989449 4.6838842667639238 5421.593583021313 3285.720469225198 1750.1397844552994 5116.8567691929638 61.349509194493294 1069.5613922029734 159.14323981851339 557.17255506291986 11.160450100898741 759.52878667786717 228.99825815483928 69.72166445478797 2990.7099099382758 884.49112467840314 11.225643433630465 30.460650179535151 3121.7826472185552 60.713467326015234 455.48374423757195 10.450546629726889 18.280164569616318 5.2993987686932078 449.8450637832284 2544.0308650583029 12.848693810403345 2949.7604801431298 6.6534028723835945 6.6623314656317225 9.2528062276542169
leaf_count=167 51 67660 27324 27953 35541 910 18668 2818 9524 243 14203 4206 697 49020 12767 184 478 48785 536 7177 67 142 40 4086 24289 119 31340 87 59 69
internal_value=-1.6424e-05 -0.00715734 0.00858434 -0.00985731 0.0114248 -0.0091185 -0.00970245 -0.014202 -0.00981453 -0.0164747 -0.0188235 -0.0118111 0.00467082 -0.011515 -0.00542592 -0.00322898 -0.0105721 -0.00819189 0.00604594 -0.00923341 0.0091031 0.0279385 0.00575462 0.00978214 0.00493379 0.00321636 0.0033299 -0.0264538 0.0177132 0.0400166
internal_weight=32076.2 17525.4 14550.8 12103.9 8431.31 10344.7 8932.19 1759.11 600.28 1158.83 770.689 388.141 6119.47 4060.27 1412.55 895.717 587.633 4871.92 3145.53 516.833 3314.45 28.7307 3068.9 519.567 2549.33 2973.95 2962.61 11.3373 76.6286 15.9151
internal_count=389210 264763 124447 197103 63074 165464 144426 31639 10169 21470 14446 7024 61373 67688 21038 12951 10002 76738 29776 8087 27533 209 29112 4783 24329 31597 31459 138 664 128
is_linear=0
shrinkage=0.05


Tree=19
num_leaves=31
num_cat=0
split_feature=12 12 12 0 12 7 7 7 5 9 7 0 9 9 1 11 8 1 12 8 8 9 1 10 10 10 10 1 9 12
split_gain=711.558 103.839 58.1558 14.1598 10.7918 10.2403 8.28877 7.43554 5.26674 5.04425 4.92129 4.84353 4.90694 4.76687 7.48327 5.64336 4.52751 4.73082 4.24165 4.84345 4.37217 7.64065 5.73077 4.09644 5.01578 6.31496 4.99476 5.99439 4.46935 4.36049
threshold=2.5000000000000004 1.5000000000000002 5.5000000000000009 31.950000000000003 13.500000000000002 297.64008315073767 606.37931937359554 366.02023863433777 52.95000000000001 0.52645543451374066 261.4073458547104 35.050000000000004 0.22160341056262203 0.044750624612523417 23.150000000000002 0.53692217587076374 0.086658723486081515 22.050000000000004 3.5000000000000004 0.10962562904625298 0.34825286410053763 0.54099704018995709 43.95000000000001 0.29402822313047877 0.088170323241826748 0.05488735491716374 0.29967728176037783 16.650000000000002 0.27526449350456111 14.500000000000002
decision_type=2 2 2 2 2 2 2 2 2 2 2 2 2 2 2 2 2 2 2 2 2 2 2 2 2 2 2 2 2 2
left_child=1 3 16 5 -4 9 7 -5 -9 10 -1 -8 -13 14 -7 -15 17 -2 19 -18 21 -20 -22 24 25 -6 27 -25 -28 -26
right_child=2 -3 4 6 23 13 11 8 -10 -11 -12 12 -14 15 -16 -17 18 -19 20 -21 22 -23 -24 26 29 -27 28 -29 -30 -31
leaf_value=-0.0096960116578915442 -0.035014025551770835 -0.0010735313474598621 0.0090739603187311429 -0.0075167835991471052 0.009724556682135713 0.074315922222429512 -0.0091434710966008196 -0.018875485433872252 -0.010231791237882473 -0.038113600948227966 -0.00065714681843112664 -0.0097584862021154375 -0.00099040701976269604 -0.037451999662926366 -0.010594884982408825 -0.014424524813299986 0.033668172644580427 0.01096818307932788 0.0079723955486949577 0.0030264013101909512 0.0035028427578833211 -0.037075022216378248 0.023496590221133422 0.0055188884775112463 0.0030933604644876531 0.026394278373888153 0.010482475436832412 0.035480825072202064 0.016498053846809465 0.011454536867239049
leaf_weight=1088.3343402855098 14.598576709628107 5419.4744028151035 4299.2337941788137 3857.5299405120313 106.20504864305258 3.8526977449655515 448.01129540801048 185.87524685263634 3396.6945661008358 14.491270959377287 174.77074840664864 202.34920440241694 754.69866932556033 26.986341163516045 7.9474606700241566 1889.554075114429 12.952940225601195 9.0683569721877557 1532.9093670770526 2952.52129156515 1558.8775207176805 9.4712124206125718 36.683104004710913 23.413966324180365 166.86213421449065 122.16557337343693 510.07860248163342 58.158724918961525 782.3411301523447 2380.9741863124073
leaf_count=18067 171 67660 34953 60580 724 45 7052 3362 56184 263 2795 3071 10822 535 149 34178 119 90 14401 31340 14830 104 318 163 1263 791 3500 357 5186 16137
internal_value=-1.63261e-05 -0.00682173 0.00814024 -0.00940675 0.0108296 -0.0122536 -0.00837491 -0.00904006 -0.0106803 -0.00878186 -0.00844534 -0.00485279 -0.00284425 -0.0145537 0.0171281 -0.0147488 0.0044315 -0.0173952 0.00451614 0.00316024 0.00579751 0.00769578 0.00396251 0.0126483 0.0115432 0.0186419 0.0148813 0.0268808 0.0141239 0.0109069
internal_weight=32047.1 17470.6 14576.5 12051.1 8449.43 3205.94 8845.16 7440.1 3582.57 1277.6 1263.11 1405.06 957.048 1928.34 11.8002 1916.54 6127.08 23.6669 6103.42 2965.47 3137.94 1542.38 1595.56 4150.2 2776.21 228.371 1373.99 81.5727 1292.42 2547.84
internal_count=389210 264763 124447 197103 63074 56032 141071 120126 59546 21125 20862 20945 13893 34907 194 34713 61373 261 61112 31459 29653 14505 15148 28121 18915 1515 9206 520 8686 17400
is_linear=0
shrinkage=0.05


Tree=20
num_leaves=31
num_cat=0
split_feature=12 12 12 3 12 7 7 7 1 12 2 2 6 3 3 1 0 8 6 9 8 6 6 9 1 9 7 2 9 8
split_gain=642.534 94.4798 52.7535 13.4116 8.81119 7.48143 8.26635 6.03163 5.79633 5.22759 5.0872 7.79575 4.78396 6.40953 4.73287 5.20618 4.50688 4.47664 4.26997 6.76639 8.46193 6.15619 7.43488 5.12172 4.25002 4.24406 4.123 4.96315 4.30753 4.09443
threshold=2.5000000000000004 1.5000000000000002 7.5000000000000009 3.0350000000000006 4.5000000000000009 618.33717531341642 375.65930343473843 289.842079981425 24.950000000000003 24.500000000000004 36.45000000000001 34.45000000000001 0.22519262012045529 4.9850000000000012 2.1050000000000004 36.550000000000004 25.850000000000005 0.56544464357476054 7.7821510697720058 0.4266478416416018 0.29849259138283329 10.177601078163871 10.480937823494854 0.088558315254728653 19.750000000000004 0.15084401741362333 148.39861628477874 45.650000000000013 0.42899640114904092 0.14477593613983339
decision_type=2 2 2 2 2 2 2 2 2 2 2 2 2 2 2 2 2 2 2 2 2 2 2 2 2 2 2 2 2 2
left_child=1 3 4 7 12 6 29 8 -1 -4 11 -7 13 24 16 -16 -9 -10 19 23 -21 -20 -23 -11 -2 -12 27 -14 -28 -5
right_child=2 -3 9 5 -6 10 -8 14 17 18 25 -13 26 -15 15 -17 -18 -19 21 20 -22 22 -24 -25 -26 -27 28 -29 -30 -31
leaf_value=0.024431126638866759 -0.076271224184480638 -0.0010202444629317346 0.0099843396864384218 -0.017664057033081704 0.0070744283123026263 -0.0050969435712174219 -0.010501253843608433 -0.013042053514128486 -0.010274975745896532 0.056382343258623471 0.053436615280812276 -0.035407139210655234 0.0073607852630775605 0.034079467030995778 -0.015759834688948003 -0.027580357930198019 0.0015888544231224785 0.022988507156442562 0.0054350439489735183 -0.029755828575018878 0.012498055346723569 0.031946796820607484 0.012410247598294115 0.017809020266052505 -0.0183151931964739 0.0049024264152420644 0.0036400665771603941 -0.035520061977133408 -0.0018782918215464281 -0.0072264352141197963
leaf_weight=12.720636695623396 4.7369015626609352 5417.4583698809147 4282.7176320701838 95.856391433626413 3090.4227797091007 1314.8863560855389 4019.6270390227437 320.2786588780582 572.11757984757423 8.7527689225971681 4.8408551700413218 21.56175510212779 809.13008703663945 3.996278751641511 649.62046953290701 108.74359888583422 62.985954485833645 10.296841248869894 320.7212153300643 16.555062651634216 41.680811483412981 50.475594371557236 1383.4458488188684 511.88033238053322 9.5218122638761979 64.785698238760233 3668.1172368042171 6.8046878762543193 391.35885224863887 4742.2246886529028
leaf_count=167 72 67660 32079 1556 27119 19702 67688 5916 9847 48 56 374 8049 40 12287 2159 1108 155 2138 120 267 304 9018 3275 109 906 37629 80 4100 75182
internal_value=-1.61694e-05 -0.00650103 0.0077202 -0.00897525 0.00498425 -0.00828766 -0.0088255 -0.0130387 -0.00895764 0.0110218 -0.00489949 -0.00558596 0.00366428 -0.021884 -0.0151662 -0.0174548 -0.0106376 -0.00968689 0.0129258 0.0166496 0.000486289 0.0116973 0.013098 0.0184575 -0.0375688 0.00827681 0.00375994 0.00700317 0.00310806 -0.00743323
internal_weight=32018.3 17418 14600.3 12000.5 7984.09 10263.8 8857.71 1736.76 595.135 6616.23 1406.07 1336.45 4893.67 18.255 1141.63 758.364 383.265 582.414 2333.51 578.869 58.2359 1754.64 1433.92 520.633 14.2587 69.6266 4875.41 815.935 4059.48 4838.08
internal_count=389210 264763 124447 197103 77198 165464 144426 31639 10169 47249 21038 20076 50079 221 21470 14446 7024 10002 15170 3710 387 11460 9322 3323 181 962 49858 8129 41729 76738
is_linear=0
shrinkage=0.05


Tree=21
num_leaves=31
num_cat=0
split_feature=12 12 12 3 12 7 7 7 9 7 7 10 11 9 1 12 6 0 3 9 6 3 3 6 6 9 9 10 1 2
split_gain=580.213 85.937 47.4565 12.3612 7.9264 7.06282 6.71439 8.32724 6.87529 6.44266 6.408 5.90109 5.87862 7.58558 4.81216 4.74009 4.63263 4.5069 4.82389 4.49703 4.34466 5.83645 4.10235 4.02521 6.22137 6.50175 5.83581 5.72169 5.35243 4.20003
threshold=2.5000000000000004 1.5000000000000002 7.5000000000000009 3.7450000000000006 4.5000000000000009 347.80451835848868 606.37931937359554 328.54400700434797 0.54099704018995709 330.71374953319338 295.04111811467828 0.091779390061358643 0.52425643958162027 0.078350334413539821 29.450000000000003 28.500000000000004 27.993223012750395 35.050000000000004 3.9250000000000003 0.22160341056262203 0.22519262012045529 4.9850000000000012 3.5250000000000004 7.7821510697720058 10.116314475591393 0.35127690307898057 0.4266478416416018 0.28243123731815351 10.65 26.250000000000004
decision_type=2 2 2 2 2 2 2 2 2 2 2 2 2 2 2 2 2 2 2 2 2 2 2 2 2 2 2 2 2 2
left_child=1 3 4 5 20 9 7 14 -9 10 -1 -11 -7 -14 -5 16 -4 18 -8 -19 21 22 -2 26 27 -26 28 -25 -17 -28
right_child=2 -3 15 6 -6 12 17 8 -10 11 -12 -13 13 -15 -16 23 -18 19 -20 -21 -22 -23 -24 24 25 -27 29 -29 -30 -31
leaf_value=-0.0085110850962968505 -0.0020580956526881299 -0.0009695844597709378 0.0094580159808581778 -0.0063082505165617427 0.0067095109821454293 -0.039789534706099243 0.0067403872998955854 -0.0098474745226454392 0.012202958171521958 -0.049130152225075753 -0.018353796705934969 0.0057904734914196827 0.017445967602037041 -0.013498337255170032 0.036719516514805629 0.041264704408848968 0.032965403262622442 -0.0090890975537268586 -0.010284041878066443 -0.00067280533286890633 0.0035680739486778235 0.032075410682047632 -0.057504896629599782 -0.0014524686823812144 0.010270374760265807 0.018119397082635023 0.0083046868751273026 0.013550567151881097 0.016845383992601888 -0.025388192752166906
leaf_weight=1415.1001124382019 5.4263108335435417 5415.540489923209 4587.0080352425575 3090.6016000770032 3095.4468996338546 20.925543505698442 46.408888399600983 4051.7076253667474 35.66175976395607 5.1422212682664385 187.24094748497009 100.13187172263861 20.050318818539381 1616.4156849980354 6.5117319338023654 23.665593892335892 21.054621625691652 201.1225872375071 402.35206361487508 752.77270170301199 4880.4941366948187 4.032691001892089 8.6597317196428758 166.2127950899303 863.5028119161725 379.92267311364412 38.740525688976049 102.88483262807131 433.33126973733306 12.150427177548407
leaf_count=23561 59 67660 34090 48598 27119 439 710 67564 541 100 3346 1648 331 29896 83 140 142 3071 6393 10822 49858 40 122 1129 5618 2394 250 658 2740 88
internal_value=-1.59669e-05 -0.00619464 0.00732266 -0.00856213 0.0047289 -0.0111308 -0.00755555 -0.00817332 -0.00965509 -0.00887404 -0.00966125 0.00310782 -0.0134559 -0.0131192 -0.00621778 0.0104508 0.00956542 -0.0043913 -0.00852345 -0.00244733 0.00347735 -0.0209614 -0.0361453 0.0124701 0.0111768 0.0126686 0.0163214 0.00428368 0.0181099 0.000260371
internal_weight=31990.2 17367.7 14622.5 11952.1 7994.06 3365.01 8587.14 7184.48 4087.37 1707.62 1602.34 105.274 1657.39 1636.47 3097.11 6628.47 4608.06 1402.66 448.761 953.895 4898.61 18.1187 14.086 2020.41 1512.52 1243.43 507.888 269.098 456.997 50.891
internal_count=389210 264763 124447 197103 77198 59321 137782 116786 68105 28655 26907 1748 30666 30227 48681 47249 34232 20996 7103 13893 50079 221 181 13017 9799 8012 3218 1787 2880 338
is_linear=0
shrinkage=0.05


Tree=22
num_leaves=31
num_cat=0
split_feature=12 12 12 3 12 9 7 7 1 4 8 11 8 3 3 3 7 9 8 11 11 2 5 2 7 7 2 7 0 11
split_gain=523.947 78.1448 42.833 11.5746 8.43549 6.37606 7.45914 5.22901 5.24086 4.59719 6.53516 4.88174 4.47299 4.41491 8.71402 6.64196 4.11693 4.09056 3.93228 6.06071 6.15432 5.23828 3.78234 5.73192 5.59732 7.07546 6.02998 5.68567 5.4196 7.32676
threshold=2.5000000000000004 1.5000000000000002 8.5000000000000018 3.0350000000000006 4.5000000000000009 0.20446185238915984 999.33857556412966 289.842079981425 24.950000000000003 10.235000000000001 0.45597309624269139 0.53692217587076374 0.4372838005120101 5.0050000000000008 5.0250000000000012 3.9150000000000005 278.70775580774517 0.20608396942276608 0.2619087800369691 0.95618745980000519 0.68954929360893991 23.850000000000005 69.500000000000014 18.150000000000002 386.87255805442561 674.25750181112846 23.150000000000002 95.16329308612886 37.95000000000001 0.8815087647960812
decision_type=2 2 2 2 2 2 2 2 2 2 2 2 2 2 2 2 2 2 2 2 2 2 2 2 2 2 2 2 2 2
left_child=1 3 4 7 18 13 17 8 -1 11 -11 -9 -8 15 -15 -5 -10 -7 19 20 -2 -21 24 -24 26 -26 27 -3 -25 -30
right_child=2 22 -4 5 -6 6 12 9 16 10 -12 -13 -14 14 -16 -17 -18 -19 -20 21 -22 -23 23 28 25 -27 -28 -29 29 -31
leaf_value=0.023501219049983563 0.0015783246726449739 -0.0038356345130136035 0.010131033276670958 -0.014427355704613717 0.0064862383022525651 0.0085728875124096715 -0.00028479767293841668 -0.047589904891122504 -0.0098489477210024073 -0.011784096100636661 0.0087831239391535955 -0.015426994360546925 0.021135563243609299 -0.056736338698706701 -0.013523395707526469 -0.0065768121607014257 0.0090784348780125063 -0.0072400761021087145 0.0026178823779339487 0.0025273856228442962 0.010562027513704261 -0.024426842968104087 -0.016766207722678485 0.0019361879905747744 -0.0054752531484502818 0.0095773225211780166 -0.0034497293485762181 0.0039453230068824353 -0.022471840712113379 0.0015187513344414954
leaf_weight=12.791906919330357 290.44469286128879 316.49955866485834 6134.9044563099742 380.18343175202608 3604.9422870092094 41.100576721131802 119.50385301560163 11.971624679863451 547.2122805416584 255.41277559101582 45.503878574818373 812.96559249609709 30.615267440676689 12.010154414921997 407.40800491720438 924.80730997025967 30.32173528522253 8273.9093478098512 3979.2855686359107 50.859801482409239 554.77045812830329 27.919959478080273 45.297856856137514 1808.9275106415153 1217.7289515957236 83.415781851857901 902.15620328113437 909.25445851311088 55.106429360806942 75.329467877745628
leaf_count=167 2974 3978 43218 6532 31150 636 1628 274 9524 4769 796 15631 384 232 6641 14931 478 134480 40776 516 5484 329 601 22027 16148 970 11289 11012 745 890
internal_value=-1.57311e-05 -0.00590204 0.00694641 -0.00816681 0.00465012 -0.007527 -0.00696249 -0.0119656 -0.00815408 -0.0139641 -0.00867397 -0.0158937 0.00408367 -0.0102982 -0.0147608 -0.00886391 -0.00885522 -0.00716191 0.00330019 0.00623863 0.00747492 -0.00702533 -0.000921424 0.000815764 -0.00192687 -0.00451024 -0.000347227 0.00193622 0.00122643 -0.00861677
internal_weight=31962.6 17319.4 14643.1 11905.7 8508.22 10189.5 8465.13 1716.18 590.326 1125.85 300.917 824.937 150.119 1724.41 419.418 1304.99 577.534 8315.01 4903.28 923.995 845.215 78.7798 5413.72 1984.66 3429.05 1301.14 2127.91 1225.75 1939.36 130.436
internal_count=389210 264763 124447 197103 81229 165464 137128 31639 10169 21470 5565 15905 2012 28336 6873 21463 10002 135116 50079 9303 8458 845 67660 24263 43397 17118 26279 14990 23662 1635
is_linear=0
shrinkage=0.05


Tree=23
num_leaves=31
num_cat=0
split_feature=12 12 12 5 11 7 7 6 10 12 10 2 12 8 6 10 8 10 5 9 9 11 4 2 2 11 6 2 8 10
split_gain=473.144 71.0307 38.7122 10.212 8.16627 6.34375 6.19862 7.88803 6.97992 5.39332 5.16674 10.4396 5.07838 5.40796 7.1128 5.07696 4.74118 8.05303 6.43928 5.14366 5.48604 4.58144 4.37154 4.13628 4.70496 4.324 4.16824 4.05849 5.45229 10.7235
threshold=2.5000000000000004 1.5000000000000002 6.5000000000000009 44.300000000000004 0.62834016982438767 722.78756851636615 297.64008315073767 14.998542526616715 0.13215855450633343 19.500000000000004 0.40012160008902886 21.850000000000005 4.5000000000000009 0.2619087800369691 8.4296012697195604 0.38190743563862334 0.54226452321355267 0.29294836043090483 79.500000000000014 0.54099704018995709 0.56544939846782005 0.64741168876704458 2.0250000000000004 55.550000000000004 39.650000000000013 0.96528287335003338 1.0972917266915927 26.850000000000005 0.17019449029451186 0.28443405816433837
decision_type=2 2 2 2 2 2 2 2 2 2 2 2 2 2 2 2 2 2 2 2 2 2 2 2 2 2 2 2 2 2
left_child=1 3 4 23 -2 6 7 -5 -8 16 15 -12 13 14 -6 -7 19 18 -18 -4 -21 -14 -23 24 26 -26 -1 -11 29 -29
right_child=2 -3 9 5 12 10 8 -9 -10 27 11 -13 21 -15 -16 -17 17 -19 -20 20 -22 22 -24 -25 25 -27 -28 28 -30 -31
leaf_value=0.005983531173896689 -0.0030609142293742918 -0.00087585127065894694 0.0081530488378939048 -0.0074454417442645282 -0.00076751087990259664 -0.0031077657490912428 -0.0039468405201499258 -0.0022651679862924386 -0.0091424165837780194 0.011852267572831683 0.034968022701902017 -0.0098565334250729289 0.02399445265048164 0.0026988583114656525 0.010244094242821307 -0.02926704831722032 0.013923669865400865 -0.020235263923944938 -0.025694200680370163 0.043447955278641009 0.0065631139417513503 0.031746175443589986 0.0058678554959858921 0.037650506275669987 -0.017647846226430505 -0.05423303402130672 -0.011462888827836313 -0.049239907746377147 0.0082180131145195845 0.02346847616477633
leaf_weight=34.971302233636379 387.97474217414856 5411.8611581139266 4354.3957922011614 2371.7532155662775 199.47108007222414 652.75721000134945 737.0228851865977 1064.7597576417029 5259.2376081608236 2218.5366987064481 25.931107118725777 26.027086392045021 36.199570365250111 3883.3651804029942 553.79024372249842 19.090229354798794 63.959559455513954 39.563025824725628 12.215200830250977 21.389482405036688 19.067726343870163 16.442112769931555 2185.0571725592017 4.2925169542431822 26.230126593261957 11.669398136436937 1627.6849810667336 11.751930050551893 650.33603172004223 8.9204787760972959
leaf_count=623 3952 67660 33283 38000 2040 9539 12040 16769 88224 14488 320 379 302 39733 5473 308 495 334 108 139 150 118 19367 65 490 251 30095 96 4314 55
internal_value=-1.54795e-05 -0.00562265 0.00659012 -0.00778841 0.0039967 -0.00718734 -0.00753349 -0.0058404 -0.00850381 0.00913524 -0.00267628 0.0125143 0.00439502 0.00345092 0.00732811 -0.00385107 0.00805486 -0.00193434 0.00757064 0.00831793 0.0260639 0.00635124 0.00606113 -0.0113693 -0.011493 -0.0289126 -0.0110959 0.0108217 0.00741445 -0.0178651
internal_weight=31935.7 17273.3 14662.4 11861.4 7262.3 10156.6 9432.77 3436.51 5996.26 7400.14 723.806 51.9582 6874.33 4636.63 753.261 671.847 4510.59 115.738 76.1748 4394.85 40.4572 2237.7 2201.5 1704.85 1700.56 37.8995 1662.66 2889.55 671.008 20.6724
internal_count=389210 264763 124447 197103 70985 165579 155033 54769 100264 53462 10546 699 67033 47246 7513 9847 34509 937 603 33572 289 19787 19485 31524 31459 741 30718 18953 4465 151
is_linear=0
shrinkage=0.05


Tree=24
num_leaves=31
num_cat=0
split_feature=12 12 12 3 7 12 1 7 8 7 10 7 8 2 11 7 3 2 9 2 2 11 1 2 9 8 7 6 7 8
split_gain=427.261 64.5497 35.0318 10.0317 7.38744 7.1339 7.00649 6.97599 5.98105 5.4783 5.86823 5.71299 5.06205 5.04412 5.06586 4.98364 7.49339 4.97282 4.88752 4.1679 4.33298 3.93819 3.6835 5.89566 7.1589 4.98381 5.51073 5.13198 4.04022 6.42033
threshold=2.5000000000000004 1.5000000000000002 8.5000000000000018 3.8050000000000002 347.80451835848868 3.5000000000000004 29.450000000000003 674.25750181112846 0.24648753128838727 330.71374953319338 0.091779390061358643 297.64008315073767 0.13617347832829899 33.350000000000001 0.65743951629967456 602.71607854648926 5.2950000000000008 36.45000000000001 0.10966629585183528 20.150000000000002 20.650000000000002 0.97876406599222943 10.250000000000002 34.650000000000013 0.32278390491443071 0.29849259138283329 528.36976766600731 8.5687100623564358 397.98984263002245 0.37007761703499575
decision_type=2 2 2 2 2 2 2 2 2 2 2 2 2 2 2 2 2 2 2 2 2 2 2 2 2 2 2 2 2 2
left_child=1 3 5 4 9 -2 15 12 -9 11 -11 -1 -6 19 18 16 -5 -17 -15 21 -21 -7 23 25 -25 27 -27 -3 -24 -30
right_child=2 22 -4 6 7 13 -8 8 -10 10 -12 -13 -14 14 -16 17 -18 -19 -20 20 -22 -23 28 24 -26 26 -28 -29 29 -31
leaf_value=-0.0071440438585166303 0.002210264564874337 -0.030310206736792362 0.0091280351690048202 -0.0064669474670638709 -0.03553784399944767 0.0051452985572341611 0.048019323620048376 -0.027330063854304372 0.0034983281132630211 -0.048327699526077766 0.0059931169494629585 -0.016539360387262426 -0.012582788483145563 0.034682430526528855 0.011820154178673471 -0.0044901880769328542 -0.011583083270631693 0.009148135646902051 -0.01867353326477526 -0.0019313200516789246 0.0043467468875279429 0.010296988586026517 8.7313250834334961e-05 0.050100049041329364 -0.009753029440916914 -0.0034382573701905693 0.012788197489434331 -0.0010964185443012044 -0.00049844558739269766 -0.0059328577740108551
leaf_weight=1530.3215176984668 2990.831116784364 19.447414100170135 6153.2766148597002 6059.4536659382284 24.393633348867297 1133.4668798744678 5.8940113335847846 18.327249936759472 111.15418927744031 5.2208802662789813 104.21661394834518 180.93058264628053 1553.474929060787 5.1885805428028133 410.89866062253714 1343.8287932537496 811.56245838105679 70.335796233266592 24.839037716388702 301.49103263393044 3108.7226765304804 551.45222910493612 2843.1861335858703 14.367426224052908 7.6591746881604186 85.561126735061407 134.69652183353901 66.229463890194893 1310.4256218932569 928.63769092783332
leaf_count=25677 31597 274 43218 99137 502 10183 73 339 1813 103 1732 3288 29406 38 3554 20407 13654 972 246 2776 27963 4872 35021 125 89 1108 1428 804 16695 12116
internal_value=-1.5177e-05 -0.00535575 0.00625277 -0.00742636 -0.00965943 0.00417789 -0.00647614 -0.0120221 -0.000865229 -0.00744382 0.00340166 -0.00813741 -0.0129377 0.00524089 0.0103714 -0.00651491 -0.00707123 -0.00381186 -0.00945396 0.00479691 0.00379171 0.00683138 -0.000832319 0.00430351 0.0292877 0.0025047 0.00648488 -0.00772753 -0.00116374 -0.00275233
internal_weight=31909.5 17229.3 14680.2 11819.1 3528.04 8526.89 8291.07 1707.35 129.481 1820.69 109.437 1711.25 1577.87 5536.06 440.926 8285.18 6871.02 1414.16 30.0276 5095.13 3410.21 1684.92 5410.21 327.961 22.0266 305.935 220.258 85.6769 5082.25 2239.06
internal_count=389210 264763 124447 197103 62860 81229 134243 32060 2152 30800 1835 28965 29908 49632 3838 134170 112791 21379 284 45794 30739 15055 67660 3828 214 3614 2536 1078 63832 28811
is_linear=0
shrinkage=0.05


Tree=25
num_leaves=31
num_cat=0
split_feature=12 12 12 0 7 12 7 7 6 9 0 8 10 10 9 8 1 6 8 6 9 9 8 6 8 8 8 10 10 8
split_gain=385.837 58.6409 31.9065 9.26717 6.82161 6.50352 5.0903 5.00213 6.0427 4.86719 4.58395 4.25941 4.23737 4.3731 4.08496 4.0361 4.30162 3.90642 3.82358 3.79749 3.75114 6.24423 6.00152 5.58783 4.37197 11.3863 7.35245 3.53149 4.48019 5.78347
threshold=2.5000000000000004 1.5000000000000002 5.5000000000000009 32.150000000000013 347.80451835848868 13.500000000000002 674.25750181112846 1194.1776168796086 6.2562030561010635 0.52645543451374066 25.050000000000004 0.24648753128838727 0.084650766612369019 0.35734479377087913 0.078350334413539821 0.086658723486081515 22.050000000000004 17.346611109700088 0.13617347832829899 11.924273279497195 0.38514404087525012 0.36902666427020053 0.38467188880982317 11.028878604259821 0.53128441753011557 0.51041387748606792 0.54890721384364494 0.29402822313047877 0.088170323241826748 0.45246333068084549
decision_type=2 2 2 2 2 2 2 2 2 2 2 2 2 2 2 2 2 2 2 2 2 2 2 2 2 2 2 2 2 2
left_child=1 3 15 4 9 20 14 12 -9 10 -1 -8 18 -14 -6 16 19 -10 -5 -2 21 23 -23 -4 25 -22 -26 28 29 -7
right_child=2 -3 5 7 6 27 11 8 17 -11 -12 -13 13 -15 -16 -17 -18 -19 -20 -21 24 22 -24 -25 26 -27 -28 -29 -30 -31
leaf_value=-0.014454402310915111 -0.010157980456145625 -0.0007911257351098822 0.0039747912601835189 -0.039095547027518801 0.0087844965687375372 0.018125079648835675 -0.023986346177142272 -0.024155335779488574 0.016818733366740286 -0.032524832844987792 -0.0058007322138330895 0.0013419665055091426 -0.0070824037348025453 -0.0037892805347090417 -0.012668240370011897 0.0032722651718898668 0.009442557188417704 -0.0098094929245133699 -0.0008785067444000965 -0.061390016266825012 0.0092720554116187924 0.0032917027341921312 -0.015430757056732747 0.0081410073883574196 -0.045638413726918972 0.049553475911403619 0.0089192058657160973 0.011382041645396912 0.0076989642262741791 -0.0049175370754011962
leaf_weight=171.21118895336986 7.6621706672012824 5408.4218274876475 1419.797590278089 6.6484496444463721 22.516654126346111 199.09342672675848 19.355826552957296 14.669739365577696 60.912958327680826 18.48221730068326 1441.1552322544158 116.5339940302074 6753.4587723873556 1185.0170142203569 1530.9388462454081 6142.2515822090209 9.1431132853031141 17.797425724565983 419.75741980597377 6.8513055369257927 824.921127717942 129.12124124541879 64.028119191527367 1858.0910408496857 9.5295063368976134 17.924528338015079 17.544798582792282 1387.4154494851828 2571.9293473027647 31.54579820483923
leaf_count=3149 86 67660 11504 123 396 1296 356 213 767 351 24224 1899 110626 19060 29124 61112 90 245 6570 85 6612 1042 555 14876 94 124 146 9206 17400 219
internal_value=-1.48693e-05 -0.00510116 0.00593317 -0.00708024 -0.00931874 0.00791377 -0.0115455 -0.00620154 0.00530672 -0.00701208 -0.00671963 -0.00226574 -0.00633001 -0.00659082 -0.0123573 0.00319288 -0.0174201 0.0107978 -0.00147438 -0.0343428 0.00655746 0.00582165 -0.00291471 0.00633644 0.00949342 0.0101287 -0.0102838 0.00931895 0.00829762 0.0149734
internal_weight=31883.7 17186.9 14696.9 11778.5 3320.19 8530.94 1689.35 8458.26 93.3801 1630.85 1612.37 135.89 8364.88 7938.48 1553.46 6165.91 23.6566 78.7104 426.406 14.5135 4340.96 3471.04 193.149 3277.89 869.92 842.846 27.0743 4189.98 2802.57 230.639
internal_count=389210 264763 124447 197103 59499 63074 31775 137604 1225 27724 27373 2255 136379 129686 29520 61373 261 1012 6693 171 34953 27977 1597 26380 6976 6736 240 28121 18915 1515
is_linear=0
shrinkage=0.05


Tree=26
num_leaves=31
num_cat=0
split_feature=12 12 12 0 12 9 10 9 0 7 10 8 10 1 0 6 1 1 7 7 7 10 0 6 12 9 9 0 8 0
split_gain=348.421 53.2622 28.7773 8.53658 6.79645 6.0469 6.65366 7.88511 6.52521 5.44745 5.17012 7.12497 6.19982 4.51409 4.0495 4.60871 4.07343 3.78744 3.67047 6.48229 5.44136 5.35065 5.28142 5.15361 3.96058 3.50901 4.71356 4.71093 5.51821 4.14602
threshold=2.5000000000000004 1.5000000000000002 9.5000000000000018 29.950000000000003 3.5000000000000004 0.20446185238915984 0.15000829397664919 0.20608396942276608 34.550000000000004 289.842079981425 0.3666735869476031 0.1945397494338566 0.25452066543129798 32.650000000000013 25.550000000000004 0.88583546073863506 39.550000000000004 35.250000000000007 375.65930343473843 480.83645068243385 369.91658770729163 0.039714241344152836 26.950000000000003 17.005857998771347 7.5000000000000009 0.44984171932974087 0.41846825257090758 29.750000000000004 0.32842057925925233 37.050000000000004
decision_type=2 2 2 2 2 2 2 2 2 2 2 2 2 2 2 2 2 2 2 2 2 2 2 2 2 2 2 2 2 2
left_child=1 3 4 9 -2 13 8 -8 -7 14 12 -12 -11 -5 15 -1 -16 -15 20 23 21 -6 -21 -20 -22 26 27 28 -3 -27
right_child=2 25 -4 5 18 6 7 -9 -10 10 11 -13 -14 17 16 -17 -18 -19 19 22 24 -23 -24 -25 -26 29 -28 -29 -30 -31
leaf_value=0.042900581525383868 0.0019364304715000146 -0.0095969690297323818 0.00843267009487636 -0.0087026792961614873 0.021988587945327112 -0.0057355833705416172 0.017311868844732917 -0.0063761823211757485 0.0012319212583651786 -0.010032952900901291 0.033758962868829595 -0.0065087339488991 -0.018061214000280865 -0.060584496744769803 -0.0055700243371923355 -0.014127336592878043 0.0081667968797256765 0.0013178691925700818 -0.00036404507153012353 -0.0036372012508438054 0.024234343971343497 0.0054967959062120174 0.0064326682425984681 0.0070349776796041312 -0.0052573963668046016 0.005361120765582662 -0.0076411141313039114 -6.0588830283074332e-05 -0.00085446013147210211 -0.01644940592411346
leaf_weight=3.6245338656008235 2995.4041409753263 302.20706973597407 5645.7284597791731 1679.9655822236091 50.106513347476721 705.67883484438062 35.309736475348473 6935.9090603552759 641.50499134883285 593.46904577687383 11.971662409603594 133.32144023478031 404.30663404427469 7.6017778776586038 362.85660540312529 157.06738026812673 63.395702745765448 3.661028478294611 1128.9521257393062 140.95747620984912 65.380109142512083 2666.9896219559014 1707.6941052526236 297.32505567744374 13.784216817468403 342.81131002679467 260.77058894187212 4029.7054786831141 448.16638820245862 23.26802720874548
leaf_count=52 31597 4073 39104 27971 414 11629 534 114317 9997 11417 197 2539 8065 165 6198 2887 1067 68 10291 1318 536 23402 15016 2658 111 4169 3370 49911 5831 306
internal_value=-1.45211e-05 -0.00485801 0.00563036 -0.00674922 0.00388537 -0.00618869 -0.00563456 -0.0062562 -0.00241778 -0.00999238 -0.0120029 -0.00319081 -0.0132861 -0.00891419 -0.00607695 -0.012841 -0.00352697 -0.0404628 0.00484694 0.00371093 0.00617741 0.00580092 0.00566485 0.00117837 0.0190992 -0.000751783 -0.00109504 -0.000737931 -0.00437544 0.00397484
internal_weight=31858.9 17146.6 14712.3 11739.6 9066.59 10009.6 8318.4 6971.22 1347.18 1730.01 1143.07 145.293 997.776 1691.23 586.944 160.692 426.252 11.2628 6071.19 3274.93 2796.26 2717.1 1848.65 1426.28 79.1643 5406.93 5040.85 4780.08 750.373 366.079
internal_count=389210 264763 124447 197103 85343 164681 136477 114851 21626 32422 22218 2736 19482 28204 10204 2939 7265 233 53746 29283 24463 23816 16334 12949 647 67660 63185 59815 9904 4475
is_linear=0
shrinkage=0.05


Tree=27
num_leaves=31
num_cat=0
split_feature=12 12 12 3 7 7 4 12 7 6 10 8 8 7 3 2 3 8 3 6 2 0 2 4 9 2 9 9 7 8
split_gain=314.635 48.3623 26.3798 7.89638 5.90762 5.95832 5.79282 5.39794 5.12282 5.5335 5.45587 5.11445 4.82367 4.40991 6.97678 4.5129 3.79738 3.66295 4.07802 4.72988 3.64289 4.90053 4.78154 5.71182 4.56601 4.00073 3.45138 3.93759 3.80372 3.3999
threshold=2.5000000000000004 1.5000000000000002 5.5000000000000009 3.8050000000000002 347.80451835848868 674.25750181112846 7.6950000000000012 17.500000000000004 330.71374953319338 11.566178992442259 0.091779390061358643 0.24648753128838727 0.13617347832829899 602.71607854648926 5.2950000000000008 36.45000000000001 6.1950000000000012 0.086658723486081515 4.0650000000000004 10.42219084860381 20.050000000000004 38.250000000000007 21.350000000000005 7.8650000000000011 0.10966629585183528 26.850000000000005 0.39887116953511065 0.36902666427020053 156.20307737391013 0.18389351632280146
decision_type=2 2 2 2 2 2 2 2 2 2 2 2 2 2 2 2 2 2 2 2 2 2 2 2 2 2 2 2 2 2
left_child=1 3 17 4 8 12 13 16 9 -1 -10 -7 -6 14 -5 -15 26 18 -2 -20 21 24 23 -22 -9 -24 27 -4 -28 -3
right_child=2 29 7 6 5 11 -8 20 10 -11 -12 -13 -14 15 -16 -17 -18 -19 19 -21 22 -23 25 -25 -26 -27 28 -29 -30 -31
leaf_value=-0.010169570463171941 0.0059045839159093949 0.0048527293040569429 0.005921796269144834 -0.0055632502535407141 -0.033799850716870888 -0.025094697000625388 0.04543527451193867 -0.0095989065051947185 -0.046631495489371733 -0.0044412132409269011 0.0065518578122216835 0.0037706572048146793 -0.01107320282583236 -0.0037218173029393755 -0.010525930981790325 0.0092791788840174555 0.021623363655520821 0.0029288177157057922 -0.0058826807728209361 -0.066648998044904623 0.0057903861553733876 -0.024796289560951024 0.010575265211927011 -0.0083279566832222384 0.012170037735840829 0.0059691789022011206 0.016072789886807902 0.00077463330892067446 0.0073489020075981713 -0.00099693548794609998
leaf_weight=790.91568254306912 10.732657462358477 260.99749230593443 3861.2065415456891 6007.7040810808539 23.710469158366323 17.810680875554681 5.559130258858203 24.71945546194911 5.0574706718325606 902.79367565363646 103.69590352848172 110.87714773789048 1526.6346484012902 1334.7468522042036 802.85434402152896 70.262366466224194 39.209353651851416 6152.8717837780714 6.4876801185309869 6.3236833512783051 368.46358108893037 9.3304166570305807 1172.1207394339144 88.928553886711597 943.09253785386682 788.60373318195343 152.52160463109612 411.12802739441395 691.13856181129813 5144.4390288367867
leaf_count=13628 108 3233 30495 99143 502 339 67 173 103 15337 1732 1813 29406 20407 13654 972 279 61112 70 83 2463 68 7669 615 6132 5264 1168 3301 5447 64427
internal_value=-1.41829e-05 -0.00462604 0.00534337 -0.00643279 -0.00842863 -0.0105626 -0.00558759 0.00714192 -0.00644075 -0.0071162 0.00407862 -0.000224372 -0.0114208 -0.00562211 -0.00614827 -0.00307166 0.00612239 0.0028535 -0.0168306 -0.0358769 0.00868994 0.0112664 0.00764883 0.00304542 0.011614 0.0087227 0.00600358 0.00542648 0.00892606 -0.000714489
internal_weight=31834.9 17108.1 14726.9 11702.6 3481.5 1679.03 8221.13 8550.46 1802.46 1693.71 108.753 128.688 1550.35 8215.57 6810.56 1405.01 5155.2 6176.42 23.544 12.8114 3395.26 977.142 2418.12 457.392 967.812 1960.72 5115.99 4272.33 843.66 5405.44
internal_count=389210 264763 124447 197103 62860 32060 134243 63074 30800 28965 1835 2152 29908 134176 112797 21379 40690 61373 261 153 22384 6373 16011 3078 6305 12933 40411 33796 6615 67660
is_linear=0
shrinkage=0.05


Tree=28
num_leaves=31
num_cat=0
split_feature=12 12 12 3 9 7 10 10 6 2 10 7 7 10 6 3 3 7 12 12 2 10 2 9 9 9 6 6 9 9
split_gain=284.122 43.9048 23.7965 7.32632 5.42387 5.75534 4.94349 4.84587 6.51677 7.42936 4.79265 5.06611 4.45821 4.24058 4.19387 4.13524 8.34812 6.26121 3.9082 3.701 3.73241 3.70423 5.39941 3.6582 4.67701 4.38326 3.59546 5.54621 5.80921 5.31065
threshold=2.5000000000000004 1.5000000000000002 6.5000000000000009 3.0350000000000006 0.20446185238915984 999.33857556412966 0.15164817349709223 0.25452066543129798 3.8262053198697008 20.550000000000004 0.37267073963364072 297.64008315073767 752.46024496419329 0.46496011507363227 13.054698621370797 5.0050000000000008 5.0250000000000012 514.114630997821 28.500000000000004 3.5000000000000004 33.45000000000001 0.2301113571169367 25.550000000000004 0.25100463985910942 0.27724428555450559 0.22682144635889692 7.7821510697720058 10.116314475591393 0.35127690307898057 0.088558315254728653
decision_type=2 2 2 2 2 2 2 2 2 2 2 2 2 2 2 2 2 2 2 2 2 2 2 2 2 2 2 2 2 2
left_child=1 3 19 7 15 6 -6 8 9 -1 11 -9 -10 -12 -7 17 -17 -5 -4 -2 21 22 -21 25 -25 -22 29 -28 -29 -20
right_child=2 -3 18 4 5 14 -8 10 12 -11 13 -13 -14 -15 -16 16 -18 -19 26 20 23 -23 -24 24 -26 -27 27 28 -30 -31
leaf_value=-0.047760489526864347 0.0016942347077775262 -0.00067895217160965815 0.0063567889127848125 -0.0085231671208421903 -0.0025120295064839219 -0.0027465982034026535 -0.0058210440345478551 -0.0081100711853883418 -0.0058680414215085547 -0.010865187246480765 -0.0020089369574127361 -0.017595404371396419 0.022861003475865515 -0.023852421955816678 0.014139420784065918 -0.054539116465512405 -0.011359358396481931 0.00030971574812861734 0.051122780143141769 0.003291933483672019 0.0068282484379010916 0.0048567680433104915 -0.0035256584151496955 0.029319101195168736 0.0095155888531465709 -0.017712915532644365 0.0012260060907102095 0.0068532513354789401 0.014239422231153896 0.011877857656278502
leaf_weight=19.374971069395542 2999.4196555279195 5404.0859357193112 5406.5221898928285 1029.4965206608176 1352.8292730972171 84.199220277369022 6812.5524551719427 220.51623813435435 787.34360499121249 46.129628172144294 161.3372217155993 389.25875248014927 13.739502944052218 25.767456330358982 65.278151836246252 11.517041366547344 398.53039138391614 249.19161197543144 8.770355921238659 1291.6384218931198 78.450151082128286 2293.1312954165041 374.6590226739645 35.046639464795589 199.69715425372124 23.688937913626432 271.25492135435343 870.96066898852587 383.38757433369756 503.70961428806186
leaf_count=427 31597 67660 40445 17302 21917 1163 113199 3982 14702 906 2984 7932 209 497 849 232 6641 4161 47 11910 691 20922 3560 293 1775 237 1787 5618 2394 3171
internal_value=-1.38123e-05 -0.00440471 0.00507139 -0.00613045 -0.00561952 -0.00509483 -0.00527281 -0.00920302 -0.00661518 -0.0217781 -0.0120172 -0.0141652 -0.00537531 -0.00501715 0.00462768 -0.00820292 -0.0125722 -0.00680181 0.00706017 0.00304203 0.00398298 0.00355311 0.00175903 0.00903533 0.0124722 0.00113646 0.00892606 0.00770888 0.00911081 0.0125495
internal_weight=31811.5 17071.1 14740.3 11667.1 10003.6 8314.86 8165.38 1663.47 866.588 65.5046 796.88 609.775 801.083 187.105 149.477 1688.74 410.047 1278.69 7444.61 7295.73 4296.31 3959.43 1666.3 336.883 234.744 102.139 2038.08 1525.6 1254.35 512.48
internal_count=389210 264763 124447 197103 165464 137128 135116 31639 16244 1333 15395 11914 14911 3481 2012 28336 6873 21463 53462 70985 39388 36392 15470 2996 2068 928 13017 9799 8012 3218
is_linear=0
shrinkage=0.05


Tree=29
num_leaves=31
num_cat=0
split_feature=2 10 2 3 2 6 6 0 9 3 10 8 8 0 8 9 5 10 8 9 10 7 1 10 10 10 7 7 7 9
split_gain=6.91266 7.68907 8.89355 4.75713 4.27645 5.2755 4.9029 7.28891 5.91759 5.58253 5.00408 4.16561 4.15252 4.63554 3.99936 5.13714 5.90145 4.83721 4.46794 4.1994 3.82855 3.82635 4.80122 4.76078 6.99175 4.23598 3.56962 3.3524 6.79576 7.14296
threshold=35.750000000000007 0.329854747237188 53.350000000000001 1.8450000000000004 34.95000000000001 3.2584129436763969 11.74620719436623 34.45000000000001 0.39887116953511065 4.1450000000000005 0.27408905846600218 0.20079152603129716 0.39417949906088651 23.150000000000002 0.40406863746328414 0.43622158278436302 69.500000000000014 0.47615826878158701 0.39417949906088651 0.45646498389211804 0.26513468684076208 351.92843904249008 12.450000000000001 0.1483756165674168 0.1043523749074695 0.21596404992774978 499.19344360963788 375.65930343473843 500.96179488588967 0.20121100358988744
decision_type=2 2 2 2 2 2 2 2 2 2 2 2 2 2 2 2 2 2 2 2 2 2 2 2 2 2 2 2 2 2
left_child=4 3 14 12 27 -6 7 11 20 -10 -9 -7 26 -14 15 18 -17 19 -3 -16 -8 22 -5 24 -23 -25 -2 -1 -29 -30
right_child=1 2 -4 21 5 6 8 10 9 -11 -12 -13 13 -15 17 16 -18 -19 -20 -21 -22 23 -24 25 -26 -27 -28 28 29 -31
leaf_value=0.00043288283819712271 0.0020586829340555075 0.015299651087132549 -0.022253713982681958 0.025346197450113812 -0.037620798741673234 -0.036182469150130597 -0.0082602997647099746 -0.030569787320736282 -0.018134956974317922 0.037551713662028245 0.0064326903010318466 0.017118613800159357 -0.0049272740280576809 -0.074259614477475186 -0.0026917409173492571 -0.032243312187132382 0.021399193376853167 0.048559909030419388 0.045637921939209694 0.039445766110858448 -0.028671788225819152 -0.0049113388336242784 0.0039184709733810314 -0.0087333456965884102 0.017133746566566889 0.00038560057172282885 -0.042640735578411283 -0.001662878638401844 -0.0030138879320662365 0.0010477494926531712
leaf_weight=13857.863509204239 23.561322282999758 212.74037171900272 20.768696077167988 27.509562287479639 13.308131854981182 3.9184646978974333 50.898686926811934 20.956134714186192 7.8985837772488621 10.461513783782719 16.200457446277142 56.806908305734396 4.2732194215059263 5.5316718034446239 86.249035891145468 11.78418952599168 9.0761687308549863 5.4759833067655554 12.869890950620173 6.3479287661612025 41.872893679887056 63.709873093292117 525.88712915405631 187.92935945466161 82.595274113118649 395.07985166087747 5.5111208222806445 7979.9117528684437 1289.1217028684914 6752.6213324796408
leaf_count=169091 286 2475 248 286 189 53 660 286 107 113 196 674 60 99 1044 160 101 49 125 64 578 794 6302 2358 923 4760 72 97700 16251 83106
internal_value=-1.3445e-05 0.00310119 0.00952183 0.00132641 -0.000187989 -0.00709692 -0.00515343 0.00300631 -0.0123403 0.0135951 -0.0144365 0.0136792 -0.0159046 -0.0440428 0.0114372 0.0148353 -0.0089039 0.00289735 0.0170303 0.00019697 -0.0174731 0.00184866 0.00498365 -0.000530146 0.00753402 -0.00255383 -0.00641477 -0.000136582 -0.000629138 0.000396654
internal_weight=31788.7 1686.9 365.312 1321.59 30101.8 222.322 209.014 97.882 111.132 18.3601 37.1566 60.7254 38.8773 9.80489 344.544 246.471 20.8604 98.0729 225.61 92.597 92.7716 1282.71 553.397 729.314 146.305 583.009 29.0724 29879.5 16021.7 8041.74
internal_count=389210 20206 4266 15940 369004 2856 2667 1209 1458 220 482 727 517 159 4018 2861 261 1157 2600 1108 1238 15423 6588 8835 1717 7118 358 366148 197057 99357
is_linear=0
shrinkage=0.05


Tree=30
num_leaves=31
num_cat=0
split_feature=2 10 1 6 9 2 10 6 9 8 9 11 2 8 5 7 1 3 9 7 11 11 8 11 7 8 10 4 9 2
split_gain=6.22932 7.04091 5.94891 4.59758 6.31464 4.59446 6.80299 5.62093 4.69298 4.68515 8.53699 5.62857 3.87609 4.73565 4.41213 5.76122 5.25592 4.21053 4.76275 3.99778 3.29408 7.62009 5.57695 6.11861 5.40281 8.86197 4.939 4.57823 8.49991 4.55274
threshold=35.750000000000007 0.45617067108241466 48.95000000000001 9.6841158796313973 0.26078669622081957 37.550000000000004 0.34259860794429048 2.2839311617670703 0.31578833530444911 0.29046798491613807 0.43131964482202162 0.62409125571369761 35.150000000000013 0.19772882105269665 67.15000000000002 606.37931937359554 18.750000000000004 3.2750000000000004 0.20446185238915984 264.5238444584167 0.59348579682447145 0.56496889792149652 0.22163631500222034 0.98711176883659724 449.32277455837072 0.36915222246503837 0.46496011507363227 7.8050000000000006 0.29121142327330868 23.650000000000002
decision_type=2 2 2 2 2 2 2 2 2 2 2 2 2 2 2 2 2 2 2 2 2 2 2 2 2 2 2 2 2 2
left_child=12 2 5 4 -3 6 8 -8 -2 10 -7 -11 20 -14 17 16 -16 18 -15 -19 21 27 23 26 -23 -26 -22 -1 -29 -25
right_child=1 3 -4 -5 -6 9 7 -9 -10 11 -12 -13 13 14 15 -17 -18 19 -20 -21 22 24 -24 29 25 -27 -28 28 -30 -31
leaf_value=0.001448387064496715 -0.00087152756772543674 0.043634405227684359 -0.053572202386140459 0.03561432057265667 -0.036503938402506438 0.008418779188164572 0.077406332357157631 0.017707472775895024 0.010588983079204719 -0.031942052471612331 -0.018689420786948473 -0.00039871300645845012 -0.04410721312518829 0.036104510520691344 0.0039225282049165661 -0.030721143569844667 0.058346200760264824 -0.0087377862335772417 -0.011031825132382496 -0.039797497109752548 0.0030226839557966848 -0.004478131909420909 -0.00024503878551053151 -0.0018450348430595902 -0.021539649413537365 0.036032983135329939 -0.020267648085555964 -0.013312026893121824 0.038557016542822009 -0.023650531339124745
leaf_weight=665.14589651674032 198.7662085108459 4.1426914222538453 4.7231836654245845 26.450661320239305 6.0451569743454456 317.29299987852573 4.1919768638908854 66.360276870429516 162.23681178316474 14.381134930998085 31.969436280429363 851.87401780113578 8.5438949037343246 6.7807732671499243 64.206215742975473 11.376460675150154 4.7654866389930239 19.543861921876669 25.559122242033482 22.047203168272972 2299.7646871581674 209.53213509172201 26406.662972077727 67.599079873412848 107.78042409941554 7.1259422823786727 22.990458991378546 105.06063288636506 8.5404424015432578 37.06153267249465
leaf_count=8133 2407 39 75 259 82 3733 37 757 1849 183 405 10380 131 81 780 159 43 250 351 316 27892 2640 323588 810 1479 84 303 1378 85 501
internal_value=-1.28703e-05 0.0029424 0.00246152 0.024622 -0.00391723 0.00262221 0.00705414 0.0212546 0.00427889 0.0010487 0.00593745 -0.00092238 -0.000178643 -0.00787227 -0.0058656 0.00224524 0.00768284 -0.0146805 -0.00114865 -0.0252024 -0.000136799 -0.00281819 -3.42097e-05 0.0022593 -0.00925629 -0.0179693 0.00279216 -0.000135971 -0.00941255 -0.00956661
internal_weight=31788.5 1688.43 1651.8 36.6385 10.1878 1647.07 431.555 70.5523 361.003 1215.52 349.262 866.255 30100.1 162.823 154.279 80.3482 68.9717 73.931 32.3399 41.5911 29937.3 1103.19 28834.1 2427.42 324.439 114.906 2322.76 778.747 113.601 104.661
internal_count=389210 20206 19826 380 121 19751 5050 794 4256 14701 4138 10563 369004 2111 1980 982 823 998 432 566 366893 13799 353094 29506 4203 1563 28195 9596 1463 1311
is_linear=0
shrinkage=0.05


Tree=31
num_leaves=31
num_cat=0
split_feature=12 12 12 7 7 5 6 8 7 8 11 10 8 9 12 9 6 7 1 7 2 9 10 6 1 4 9 1 2 9
split_gain=256.892 39.9132 21.7416 6.41987 8.2026 8.6238 7.35437 8.06969 6.60827 5.58114 5.89701 5.53929 5.43789 5.40795 5.18534 4.50819 3.90137 5.15009 4.60613 3.55558 4.58792 3.87783 3.51455 4.29207 4.57615 3.45289 5.02897 3.30133 5.18977 6.35205
threshold=2.5000000000000004 1.5000000000000002 9.5000000000000018 647.45697350247019 297.64008315073767 52.95000000000001 15.550549682718502 0.35836267087721468 267.41229439687089 0.54226452321355267 0.60947943397877369 0.084650766612369019 0.44612184474786831 0.54099704018995709 4.5000000000000009 0.28822538099402678 0.22519262012045529 454.52916798732957 25.150000000000002 148.39861628477874 45.650000000000013 0.42899640114904092 0.49044361783939239 14.931298825871048 22.350000000000005 2.0250000000000004 0.26185356966186135 10.250000000000002 34.650000000000013 0.32278390491443071
decision_type=2 2 2 2 2 2 2 2 2 2 2 2 2 2 2 2 2 2 2 2 2 2 2 2 2 2 2 2 2 2
left_child=1 3 14 4 6 12 7 -1 -8 10 15 -12 -6 -7 16 -5 17 18 -2 20 -18 -21 25 24 -24 26 -16 28 -3 -30
right_child=2 27 -4 9 5 13 8 -9 -10 -11 11 -13 -14 -15 22 -17 19 -19 -20 21 -22 -23 23 -25 -26 -27 -28 -29 29 -31
leaf_value=-0.0033349685203946074 -0.06775665906714011 0.0025235979097191618 0.0072497543349540582 -0.014162094837461068 -0.01190727683463071 -0.0064602878657356744 -0.0025433740397705121 -0.0086403328619341514 0.0087251796157734474 -0.02421783637847295 0.015845152442803261 -0.0018569652736092853 -0.004160326405155036 0.011898984146285256 -0.0080080852304407202 -0.069305636398793988 0.0056306372993334616 0.011409178998031802 0.0001320511232383716 0.0021906340483270428 -0.035603436825947792 -0.0030285683125780157 -0.0088572288063313524 0.042439256147224345 0.034693085889013056 0.0043448435050498493 0.037911129696356044 -0.00095795993468064569 0.046941057151355825 -0.00936740434262231
leaf_weight=1538.642750557512 6.8382323011755961 305.81477577239275 5662.7492353729904 47.076530640944839 1305.0044109411538 4793.8958266340196 969.82910222560167 1341.7995283044875 150.26213323697448 28.652985695749521 46.053379938006401 1093.3874926902354 274.09893277287483 40.449294712394476 9.0042211003601569 4.023153379559516 816.29039504751563 7.314484514296054 3.9369734786450863 3696.2522348277271 6.8021696060895911 393.81190677732229 16.011178292334083 13.419579919427632 9.6779722198843938 4092.5028330348432 17.650612194091082 5074.6428573839366 14.555311404168608 7.6360538937151423
leaf_count=25223 101 3614 39104 802 25449 81488 15786 22384 2356 488 607 16638 5171 633 71 78 8049 76 44 37629 80 4100 135 93 73 34772 120 63832 125 89
internal_value=-1.23314e-05 -0.00419507 0.00481787 -0.00584437 -0.00624627 -0.00735455 -0.00446953 -0.00580637 -0.00103168 -0.00241151 -0.0018867 -0.00114149 -0.0105626 -0.00630667 0.00330281 -0.0185036 0.00220616 -0.0209713 -0.0429519 0.0022915 0.00528987 0.0016881 0.00460331 0.0195215 0.00754965 0.00446167 0.0223992 -0.000643729 0.0042178 0.0275653
internal_weight=31788.1 17035.8 14752.3 11633.2 10414 6413.45 4000.53 2880.44 1120.09 1219.19 1190.54 1139.44 1579.1 4834.35 9089.51 51.0997 4931.25 18.0897 10.7752 4913.16 823.093 4090.06 4158.27 39.1087 25.6892 4119.16 26.6548 5402.65 328.006 22.1914
internal_count=389210 264763 124447 197103 178490 112741 65749 47607 18142 18613 18125 17245 30620 82121 85343 880 50079 221 145 49858 8129 41729 35264 301 208 34963 191 67660 3828 214
is_linear=0
shrinkage=0.05


Tree=32
num_leaves=31
num_cat=0
split_feature=12 12 12 0 3 2 7 12 11 7 6 7 2 8 3 6 11 8 6 2 11 2 5 0 0 2 7 7 2 3
split_gain=231.978 36.2168 19.6242 6.45065 6.44186 4.92768 4.68779 4.30993 4.30253 4.03002 5.38377 3.59503 3.47232 3.32606 3.72438 4.46043 3.29607 4.43421 4.26492 6.21897 3.9031 3.39457 3.18881 5.32707 9.3396 6.01394 5.91641 5.12147 5.10942 6.65818
threshold=2.5000000000000004 1.5000000000000002 5.5000000000000009 32.150000000000013 3.2450000000000006 55.550000000000004 297.64008315073767 24.500000000000004 0.42494563574501582 1194.1776168796086 6.2562030561010635 243.2199450434708 29.350000000000005 0.086658723486081515 4.0650000000000004 10.42219084860381 0.97739929990046204 0.20676022271587327 0.22519262012045529 23.550000000000004 0.65077815448690113 22.450000000000003 69.500000000000014 32.750000000000007 33.45000000000001 18.150000000000002 555.83484755650193 463.38283325024037 25.150000000000002 1.4150000000000003
decision_type=2 2 2 2 2 2 2 2 2 2 2 2 2 2 2 2 2 2 2 2 2 2 2 2 2 2 2 2 2 2
left_child=1 3 13 5 -5 6 11 -4 -8 12 -11 -1 -6 14 -2 -16 18 -18 19 -15 -20 -19 28 26 -25 -26 27 -24 -3 -30
right_child=2 22 7 4 9 -7 8 -9 -10 10 -12 -13 -14 16 15 -17 17 21 20 -21 -22 -23 23 24 25 -27 -28 -29 29 -31
leaf_value=-0.0065736900753285907 0.0052458144634078595 -0.00025297916674952382 0.0054306636602014912 0.051644725628924186 -0.0054177528587092067 0.034861918742717143 -0.06362589940937613 0.0079397481060912954 -0.0090246216265482404 -0.02259311436858509 0.010614488045147513 -0.00010006424494478114 -0.0025612920009371073 -0.060140112576258543 -0.0057429958717901304 -0.065091608835620138 -0.026781192868774575 0.0029887917295858372 -0.0011566144431758147 0.0098027333415809641 0.0039091934155794051 -0.0011426841662871728 0.01386043635482203 -0.01525061572087062 -0.017698651714616983 0.0016473426891891471 0.038816257449019051 -0.017585990670877183 0.039893782539732185 -0.0048054431934979082
leaf_weight=1059.4559898562729 10.770000904798509 2372.6763331107795 6212.4767870716751 5.0459831394255152 6994.2506630979478 6.8643196001648894 3.6147419344633809 2362.3178846053779 1914.5226455517113 14.442593738436697 78.793380469083786 268.89031639322639 1254.7712432816625 6.4377511888742429 6.478149011731146 6.1918608918786049 14.429810792207716 1051.8634385876358 423.52012283354998 6.2768165431916714 3720.3747646026313 942.81951175630093 55.601337000727654 90.551775079220533 41.109585270285606 1760.2136927880347 17.653803136199713 16.877996757626534 8.398363456130026 1038.2449359409511
leaf_count=18256 108 29976 47904 71 115793 109 87 15170 36575 213 1012 4472 20515 92 70 83 165 10416 4278 64 36638 9459 650 1171 552 21473 188 229 88 13333
internal_value=-1.20243e-05 -0.00399368 0.0045732 -0.00556833 -0.00483226 -0.00745692 -0.0075464 0.00612191 -0.00912752 -0.00486642 0.00547051 -0.00526327 -0.00498325 0.00242754 -0.0163714 -0.0347468 0.00249901 0.000836194 0.00330273 -0.0256113 0.00339145 0.00103598 -0.000611739 0.00098396 0.000418167 0.00120583 0.0128598 0.00653762 -0.00153669 -0.00444677
internal_weight=31765.9 17002 14764 11600.7 8347.3 3253.35 3246.48 8574.79 1918.14 8342.26 93.236 1328.35 8249.02 6189.16 23.44 12.67 6165.72 2009.11 4156.61 12.7146 4143.89 1994.68 5401.33 1982.01 1891.88 1801.32 90.1331 72.4793 3419.32 1046.64
internal_count=389210 264763 124447 197103 137604 59499 59390 63074 36662 137533 1225 22728 136308 61373 261 153 61112 20040 41072 156 40916 19875 67660 24263 23196 22025 1067 879 43397 13421
is_linear=0
shrinkage=0.05


Tree=33
num_leaves=31
num_cat=0
split_feature=12 12 12 3 1 8 8 6 12 8 7 7 9 0 7 0 8 2 0 6 0 11 7 3 1 0 7 8 9 2
split_gain=209.475 32.8511 17.9977 5.90925 5.67707 4.86277 4.76038 4.67164 4.37214 4.26523 4.26481 5.98948 4.74319 4.10749 3.79637 3.5418 3.74914 3.52068 3.27793 6.8928 3.22448 6.43938 5.79582 5.71758 7.88117 5.52561 7.65655 5.40773 4.93398 4.6661
threshold=2.5000000000000004 1.5000000000000002 9.5000000000000018 3.8050000000000002 29.250000000000004 0.12447727677333219 0.086658723486081515 15.843673734512922 3.5000000000000004 0.10962562904625298 457.99974612694001 674.25750181112846 0.32590115968272304 31.850000000000005 281.57022867476871 41.45000000000001 0.47101616021861042 29.350000000000005 39.050000000000004 7.3123988273403375 37.95000000000001 0.89233729393130756 770.13562615451679 5.8550000000000013 15.750000000000002 37.750000000000007 335.24148465732657 0.40516512782848252 0.22682144635889692 20.150000000000002
decision_type=2 2 2 2 2 2 2 2 2 2 2 2 2 2 2 2 2 2 2 2 2 2 2 2 2 2 2 2 2 2
left_child=1 3 6 5 15 13 7 -2 9 -8 12 -12 -7 14 -1 17 -17 -5 -10 -20 22 -22 25 24 -23 -3 -27 28 -24 -25
right_child=2 20 -4 4 -6 10 8 -9 18 -11 11 -13 -14 -15 -16 16 -18 -19 19 -21 21 23 27 29 -26 26 -28 -29 -30 -31
leaf_value=0.0042747923769770402 -0.0057639667013999057 -0.00075094666139384654 0.0065518327961507031 -0.0051102067971897759 0.041753560098387196 -0.0039466836984748963 0.029909325947912419 -0.050608513527691662 0.0037156710952939462 0.0013432647561759277 -0.011241540014010995 0.00044869537403575472 -0.0084503459541983971 -0.059947080349773973 -0.031087685052999109 0.004320372117752872 0.051474848842071423 -0.0022094968064933222 -0.028277363449332838 0.02982825071193386 -0.020146999641260339 -0.053511213916844193 -0.02257507766881409 0.030408117373040944 0.0051552297693505137 0.060114777064189384 0.0061952514333132565 0.028853497391063805 0.010646080064590707 -0.00032708782087168898
leaf_weight=12.529395569115879 25.43217259272933 5124.7648467943072 5672.2783771120012 6873.3190372511744 6.6082620844244948 1469.6808934193105 13.124708585441111 7.5261220782995215 6041.9429812803864 2980.3908971175551 823.77075766585767 126.37666988559067 970.80639025941491 6.805834285914897 19.250941939651966 21.57535627856851 5.2388074807822695 1233.8428657762706 6.2421926483511916 27.987896457314491 61.708867713809013 9.7519601285457629 14.152243558317421 18.963135987520218 13.862178456038235 8.5498624816536886 28.632366314530373 31.164351116865873 53.155078928917646 35.403005860745907
leaf_count=213 261 64402 39104 113716 82 26171 119 92 53252 31340 16350 2125 17456 133 412 282 54 20109 63 216 840 139 174 192 169 84 362 302 575 421
internal_value=-1.17061e-05 -0.00380156 0.00434118 -0.00530451 -0.0045711 -0.00704552 0.00296361 -0.0160043 0.00303254 0.00146851 -0.00684467 -0.00968665 -0.0057382 -0.0246953 -0.017146 -0.00460874 0.0135332 -0.00466874 0.00380308 0.0192321 -0.000581476 -0.00807916 -0.000382377 0.00147059 -0.0190723 -0.000611604 0.0185938 0.0116339 0.0036609 0.0103935
internal_weight=31744.8 16969.9 14774.9 11569.8 8140.58 3429.22 9102.65 32.9583 9069.69 2993.52 3390.63 950.147 2440.49 38.5862 31.7803 8133.98 26.8142 8107.16 6076.17 34.2301 5400.11 139.689 5260.42 77.9803 23.6141 5161.95 37.1822 98.4717 67.3073 54.3661
internal_count=389210 264763 124447 197103 134243 62860 85343 353 84990 31459 62102 18475 43627 758 625 134161 336 133825 53531 279 67660 1761 65899 921 308 64848 446 1051 749 613
is_linear=0
shrinkage=0.05


Tree=34
num_leaves=31
num_cat=0
split_feature=12 12 12 7 7 3 9 7 4 7 8 11 10 5 11 9 11 0 9 11 7 9 7 8 10 9 9 8 0 3
split_gain=189.156 29.7912 16.2477 5.51536 7.08577 7.99014 7.03182 6.36991 8.76322 5.45505 5.14276 5.38306 4.99042 4.84349 4.31013 4.28368 3.91463 3.87822 7.9914 5.1831 5.07157 3.9112 3.70876 4.63806 4.50367 3.15394 4.30148 4.20588 4.59092 3.99601
threshold=2.5000000000000004 1.5000000000000002 8.5000000000000018 647.45697350247019 297.64008315073767 4.1650000000000009 0.56544939846782005 199.94897466901418 4.4750000000000005 642.14774339796304 0.54226452321355267 0.60947943397877369 0.084650766612369019 20.050000000000004 0.62834016982438767 0.28822538099402678 0.63653596620078134 31.250000000000004 0.28330821405802536 0.49037377837593743 405.00537884758324 0.34038549244024091 317.17715656336765 0.22995039210422236 0.039714241344152836 0.44984171932974087 0.41846825257090758 0.17969791717562622 29.750000000000004 6.0150000000000006
decision_type=2 2 2 2 2 2 2 2 2 2 2 2 2 2 2 2 2 2 2 2 2 2 2 2 2 2 2 2 2 2
left_child=1 3 14 4 7 9 -7 8 -1 -6 11 15 -13 -9 17 -5 -16 18 19 -2 -20 -19 24 -24 -18 26 27 -3 -29 -27
right_child=2 25 -4 10 5 6 -8 13 -10 -11 -12 12 -14 -15 16 -17 22 21 20 -21 -22 -23 23 -25 -26 29 -28 28 -30 -31
leaf_value=0.0018376746729078662 0.0086701184529476612 0.0063057272949575555 0.006070922411842151 -0.013139249028122791 -0.0085683289360028916 -0.0052245912632867151 0.026156015833336294 -0.031719078321371851 -0.0066026158674505151 -0.041845052193124593 -0.022949797798614238 0.015449058313956394 -0.0013333594239900517 -0.00098280927495689825 0.016695854107711915 -0.067837410194745471 0.02251843436773884 0.001495793144701052 -0.0031577297800986595 -0.02095433813063409 0.052347308931422913 -0.032703282952347708 0.0067892475339952924 0.0015957909330530933 0.0040921049122749067 0.00452171398796118 -0.0071444217107082767 -0.0045358168162418083 -0.00017473096268546127 -0.041985789121790358
leaf_weight=360.82789658010006 18.136085655540228 214.43007742241025 6202.4915953539312 46.555713227018714 2385.9047173000872 3937.2617075778544 17.933246120810509 12.926431078463791 2082.022771384567 12.379566982388495 28.242461983114481 46.175772909075022 1088.3055766969919 1517.9229640811682 51.677565395832062 3.8775306642055503 33.542042057961226 335.53772977739573 9.0504433065652865 79.429444320499897 7.5474539436399928 8.5739085525274259 473.73491559177637 4645.5115751363337 2919.9099850840867 361.49395253881812 259.77828080579638 715.89040529727936 3842.6107742972672 4.6784882918000212
leaf_count=5685 173 2638 43218 802 45319 66900 268 255 35211 254 488 607 16638 24598 454 78 293 3256 92 841 65 92 4434 44456 27073 4407 3370 9500 47677 68
internal_value=-1.13869e-05 -0.00361842 0.00412116 -0.00505262 -0.00542726 -0.00646304 -0.00508231 -0.00377118 -0.00535592 -0.0087401 -0.00186343 -0.00136084 -0.00065028 -0.00124235 0.00271211 -0.0173447 0.00297823 -0.00200565 -0.00999129 -0.0154476 0.0220817 0.000643687 0.00289042 0.00207639 0.00430137 -0.000552755 -0.000878731 -0.000537706 -0.000859618 0.0039275
internal_weight=31724.4 16939.2 14785.1 11540.3 10327.2 6353.48 3955.19 3973.7 2442.85 2398.28 1213.16 1184.91 1134.48 1530.85 8582.65 50.4332 8124.38 458.275 114.163 97.5655 16.5979 344.112 8072.7 5119.25 2953.45 5398.88 5032.71 4772.93 4558.5 366.172
internal_count=389210 264763 124447 197103 178490 112741 67168 65749 40896 45573 18613 18125 17245 24853 81229 880 76710 4519 1171 1014 157 3348 76256 48890 27366 67660 63185 59815 57177 4475
is_linear=0
shrinkage=0.05


Tree=35
num_leaves=31
num_cat=0
split_feature=12 12 12 0 9 7 9 9 10 3 9 1 4 1 3 1 12 9 10 2 9 3 7 9 7 2 11 10 0 0
split_gain=170.805 27.0144 15.0302 5.1315 5.36979 5.9405 10.0148 4.81963 5.57536 7.55142 7.18654 4.46952 4.3305 4.23672 4.26312 3.66499 3.52227 3.33881 6.67074 6.07736 5.51765 4.28808 4.83758 4.16171 4.72635 5.92013 5.63616 4.63173 4.37881 3.52957
threshold=2.5000000000000004 1.5000000000000002 5.5000000000000009 29.950000000000003 0.45987595485740818 475.43344711786057 0.30015911166954817 0.20446185238915984 0.15000829397664919 4.785000000000001 0.20608396942276608 30.050000000000004 6.6550000000000011 32.650000000000013 5.0050000000000008 35.250000000000007 28.500000000000004 0.28728262035297231 0.23894564810528965 49.250000000000007 0.27926007357881005 6.0150000000000006 681.83205409629488 0.30603001707140703 95.16329308612886 41.650000000000013 0.64387528315267628 0.35734479377087913 36.550000000000004 23.550000000000004
decision_type=2 2 2 2 2 2 2 2 2 2 2 2 2 2 2 2 2 2 2 2 2 2 2 2 2 2 2 2 2 2
left_child=1 3 17 4 5 12 -7 13 9 -9 -10 -6 -1 14 -5 -15 -4 18 19 20 -2 22 -20 27 25 -25 -26 29 -29 -19
right_child=2 -3 16 7 11 6 -8 8 10 -11 -12 -13 -14 15 -16 -17 -18 23 21 -21 -22 -23 -24 24 26 -27 -28 28 -30 -31
leaf_value=0.0046804704979129036 -0.00056945250539025929 -0.00052531355627457818 0.0047003507188717666 -0.0051796312945591276 -0.037372119845977991 -0.01863582260555716 -0.0038888340024851534 -0.0037401435784978399 0.018118796992184525 0.0041146524971285795 -0.0045691595468220414 -0.012395945693422266 -0.0057589315705402462 -0.058593068637621419 -0.011094588465942136 0.0032209450229282351 0.0070772308448046536 -0.037994160165019823 0.0052666819074693805 0.044150143215092724 0.01218720406381292 -0.019781013650087123 0.020424686294289993 0.0080299644537643721 -0.022017985959399078 -0.041002260607689335 0.0011684707704610006 0.012810752202204038 -0.03403826554798265 -0.004912981468741663
leaf_weight=110.08307317271829 1167.7052191235125 5397.746414847672 6548.6165675893426 1241.4461522512138 24.690748944878578 237.16473583877087 223.73123197257519 850.22178919427097 35.083227761089802 478.01570272445679 6813.8004757724702 65.244757991284132 1017.9887672588229 7.2128860950469953 403.67812658846378 3.5921702273190022 2045.5009021908045 8.2418393306434137 1459.8495460301638 7.9721524938940993 91.400733407586813 16.543866045773029 54.604930270463228 340.757514026016 26.477722328156233 6.2693953886628142 2584.7853032127023 59.095361966639757 5.4473941810429087 371.70434120297432
leaf_count=1901 11736 67660 50057 21098 503 4939 4447 14176 534 7450 114317 1311 19321 165 6873 68 13017 89 14197 65 862 174 499 3256 289 73 25713 561 68 3791
internal_value=-1.10777e-05 -0.00344387 0.00391238 -0.00481233 -0.00736708 -0.00669435 -0.0114772 -0.00437613 -0.00387799 -0.000913303 -0.00445294 -0.0192529 -0.0047402 -0.006836 -0.00663103 -0.0380428 0.00526608 0.00203622 0.00331568 0.000632114 0.000356576 0.00553665 0.00581322 0.000984134 0.00166193 0.00714415 0.000933364 -0.00352693 0.00885671 -0.00563058
internal_weight=31704.7 16909.7 14795 11512 1678.9 1588.97 460.896 9833.05 8177.12 1328.24 6848.88 89.9355 1128.07 1655.93 1645.12 10.8051 8594.12 6200.86 2798.08 1267.08 1259.11 1531 1514.45 3402.78 2958.29 347.027 2611.26 444.489 64.5428 379.946
internal_count=389210 264763 124447 197103 32422 30608 9386 164681 136477 21626 114851 1814 21222 28204 27971 233 63074 61373 27533 12663 12598 14870 14696 33840 29331 3329 26002 4509 629 3880
is_linear=0
shrinkage=0.05


Tree=36
num_leaves=31
num_cat=0
split_feature=12 12 12 0 9 6 2 9 10 9 5 2 11 6 1 1 0 12 6 8 9 10 6 9 10 9 6 8 10 10
split_gain=154.23 24.492 13.5515 4.67884 4.93704 5.60883 4.63938 4.38313 5.05376 6.45763 6.07501 4.1832 4.11063 3.95784 3.93864 3.48284 3.41645 3.17752 3.23797 6.0489 12.2515 5.1905 4.96591 5.17905 5.0728 3.05111 6.93239 4.82481 4.26158 4.25357
threshold=2.5000000000000004 1.5000000000000002 5.5000000000000009 29.950000000000003 0.45987595485740818 20.971360065653048 25.650000000000002 0.20446185238915984 0.15000829397664919 0.20608396942276608 38.45000000000001 22.850000000000005 0.42494563574501582 1.0972917266915927 32.650000000000013 35.250000000000007 38.050000000000004 28.500000000000004 7.7821510697720058 0.28085312856620531 0.44132024220910898 0.28764522810143084 10.116314475591393 0.35127690307898057 0.21701753869326365 0.28330821405802536 12.399301224109458 0.10962562904625298 0.45617067108241466 0.44211245263263449
decision_type=2 2 2 2 2 2 2 2 2 2 2 2 2 2 2 2 2 2 2 2 2 2 2 2 2 2 2 2 2 2
left_child=1 3 -2 4 12 6 -6 14 10 -10 -9 -7 -1 -14 16 -16 -5 25 19 20 -19 -21 24 -24 -20 26 27 -4 29 -27
right_child=2 -3 17 7 5 11 -8 8 9 -11 -12 -13 13 -15 15 -17 -18 18 22 21 -22 -23 23 -25 -26 28 -28 -29 -30 -31
leaf_value=-0.062684317842618784 0.0019332722231575575 -0.00049914240268017441 -0.03204532367419817 -0.0058593295993928261 -0.015330370454968149 -0.012906304528160363 -0.042797235841560012 0.045002527821952826 0.017069438370654118 -0.0043502665401028559 -0.0011175890355570139 0.062990796146904698 0.010966596855762937 -0.0066313484076896238 -0.057490449903632362 0.0030547779766541567 -0.017626476814539521 0.0046608245619146711 -0.0098337792072595021 0.0087442445212477463 -0.058919878017669625 0.020637861472031668 0.0047624112538808498 0.011721167091955359 0.0044635267036916872 0.0053065343496069735 0.0058217608787620558 0.0011094341162490539 0.017250620431215589 -0.014695081749333547
leaf_weight=3.2353918347507706 6203.9194266982377 5396.7506965883076 11.055659424513577 1575.7515769917518 61.219142012298107 3.775171171873807 20.52930561080575 7.1789469756186 35.370370455086231 6799.2021110914648 1320.4572243969887 3.4974643178284168 32.623869266360998 1547.472777698189 6.9893508236855251 3.5980357099324465 64.197029799222946 114.28195810690522 95.611832913011312 246.12195017188787 8.1146950982511026 146.23534915968776 874.64116520062089 385.10594895109534 176.69698626175523 3627.6334875114262 1344.294399432838 1469.075914118439 74.363583404570818 26.776708837598562
leaf_count=83 61373 67660 94 26896 1234 77 453 107 534 114317 21519 50 607 29918 165 68 1075 722 648 1553 62 881 5618 2394 1139 27636 10228 11335 542 222
internal_value=-1.07659e-05 -0.0032774 0.00371439 -0.00458289 -0.00702746 -0.0184847 -0.0222281 -0.00416626 -0.00369107 -0.00423941 -0.000868203 0.0235932 -0.00638329 -0.00626801 -0.00651621 -0.0369147 -0.00631996 0.00499925 0.00671896 0.0101498 0.000445529 0.0131771 0.00556622 0.00688971 -0.000556478 0.00446213 0.0032225 0.000861789 0.0054011 0.00515998
internal_weight=31685.8 16881.8 14803.9 11485.1 1672.35 89.0211 81.7484 9812.74 8162.21 6834.57 1327.64 7.27264 1583.33 1580.1 1650.54 10.5874 1639.95 8600.01 2046.81 514.754 122.397 392.357 1532.06 1259.75 272.309 6553.2 2824.43 1480.13 3728.77 3654.41
internal_count=389210 264763 124447 197103 32422 1814 1687 164681 136477 114851 21626 127 30608 30525 28204 233 27971 63074 13017 3218 784 2434 9799 8012 1787 50057 21657 11429 28400 27858
is_linear=0
shrinkage=0.05


Tree=37
num_leaves=31
num_cat=0
split_feature=12 12 12 7 7 3 9 7 4 7 4 11 10 9 12 0 3 10 0 2 0 7 7 7 2 0 11 3 1 7
split_gain=139.263 22.2002 12.4636 5.0618 6.40067 6.77508 6.28635 5.7928 7.88247 5.0913 4.67614 4.53484 4.38119 4.14648 3.59086 3.29866 4.53194 4.91979 3.80768 3.26153 3.07702 2.98642 5.51044 4.95858 2.94953 2.88675 5.94844 5.2489 7.30068 5.2036
threshold=2.5000000000000004 1.5000000000000002 9.5000000000000018 647.45697350247019 297.64008315073767 4.1650000000000009 0.56544939846782005 199.94897466901418 4.4750000000000005 642.14774339796304 2.2650000000000001 0.60947943397877369 0.084650766612369019 0.28822538099402678 3.5000000000000004 39.45000000000001 6.0550000000000006 0.20516699524242346 38.95000000000001 19.650000000000002 39.95000000000001 375.65930343473843 480.83645068243385 369.91658770729163 18.550000000000004 37.95000000000001 0.89233729393130756 5.8550000000000013 15.750000000000002 770.13562615451679
decision_type=2 2 2 2 2 2 2 2 2 2 2 2 2 2 2 2 2 2 2 2 2 2 2 2 2 2 2 2 2 2
left_child=1 3 14 4 7 9 -7 8 -1 -6 -9 13 19 -5 15 16 18 -18 -2 -13 21 23 -23 -16 -14 29 -27 28 -28 -3
right_child=2 25 -4 11 5 6 -8 10 -10 -11 -12 12 24 -15 20 -17 17 -19 -20 -21 -22 22 -24 -25 -26 26 27 -29 -30 -31
leaf_value=0.0021668377907739715 0.00080383090212517757 -0.00050382095534782199 0.0053637679940660371 -0.011965396965774568 -0.007657512603756223 -0.0045754355589786889 0.024967067967673541 -0.044211227557696992 -0.0058527676756957346 -0.040276499354954386 -0.00055324154340692059 -0.008705154386156674 0.0071441662694454559 -0.06665715101242406 0.0038676509398067626 -0.030412306568273074 0.048901755170985571 0.0040293928748647689 0.045125467476068409 0.021591409814159621 0.030360401178783886 -0.00032054889107416967 0.0038078948009909672 0.016498912368767864 -0.0020919064574196487 -0.019246554952638186 -0.051823072735958924 0.010096997336727521 0.0049572878698124073 0.011082136212704326
leaf_weight=359.75047409906983 2972.4974386915565 5157.9194119498134 5687.2141560986638 45.952608291059732 2361.2406745757908 3911.7547028958797 18.090394414961338 6.1582782454788676 2066.3542904257774 12.023570900782941 1517.2828923612833 11.78089455142617 94.488930836319923 3.7482560928910962 2736.8198417909443 8.3512256406247598 10.221287984400989 15.180624749511479 4.8537528924643984 36.11715879291296 10.317162491381167 1433.2304581478238 1853.5912128649652 79.96717906370759 1014.8345869295299 61.216267235577106 9.5604101680219191 54.459174875169992 13.880512584000824 98.768374070525169
leaf_count=5685 31214 64848 39104 802 45319 66900 268 126 35211 254 24727 172 1418 78 23810 101 89 154 39 456 78 12942 16269 647 15687 840 139 613 169 1051
internal_value=-1.04333e-05 -0.00311872 0.0035266 -0.00436388 -0.00472442 -0.00571334 -0.00443944 -0.0031462 -0.0046636 -0.00782277 -0.000729722 -0.00130109 -0.00066593 -0.01609 0.00238158 0.00096823 0.0010555 0.0220853 0.000876085 0.0141397 0.00307765 0.00303153 0.00200767 0.00422625 -0.0013052 -0.000474271 -0.00758335 0.00158195 -0.0182007 -0.000286131
internal_weight=31667.6 16855.4 14812.2 11459.6 10252.7 6303.11 3929.85 3949.55 2426.1 2373.26 1523.44 1206.92 1157.22 49.7009 9125.03 3011.1 3002.75 25.4019 2977.35 47.8981 6113.93 6103.61 3286.82 2816.79 1109.32 5395.8 139.116 77.9001 23.4409 5256.69
internal_count=389210 264763 124447 197103 178490 112741 67168 65749 40896 45573 24853 18613 17733 880 85343 31597 31496 243 31253 628 53746 53668 29211 24457 17105 67660 1761 921 308 65899
is_linear=0
shrinkage=0.05


Tree=38
num_leaves=31
num_cat=0
split_feature=12 12 12 7 7 4 9 8 6 0 8 11 8 6 11 9 0 8 1 8 0 4 2 6 3 1 9 1 9 2
split_gain=125.75 20.1188 11.2402 4.59168 5.86931 6.0577 5.65677 5.09476 7.17629 5.81541 4.73136 4.42208 4.18542 4.31985 4.01844 3.9365 3.70549 3.37488 5.97923 6.45751 5.3058 5.12436 5.08963 4.77579 3.12444 6.23132 3.01742 3.3064 2.82927 5.36414
threshold=2.5000000000000004 1.5000000000000002 9.5000000000000018 647.45697350247019 339.61770186112659 2.6750000000000003 0.044750624612523417 0.35836267087721468 15.276264859839218 35.250000000000007 0.54226452321355267 0.60947943397877369 0.086658723486081515 15.843673734512922 0.99853074613377568 0.28822538099402678 41.45000000000001 0.31281009531983223 43.650000000000013 0.42893283825279227 26.950000000000003 2.0450000000000004 37.650000000000013 5.2737156692094009 4.7750000000000012 18.450000000000003 0.2639394674096584 11.350000000000003 0.44984171932974087 18.150000000000002
decision_type=2 2 2 2 2 2 2 2 2 2 2 2 2 2 2 2 2 2 2 2 2 2 2 2 2 2 2 2 2 2
left_child=1 3 12 4 7 14 -7 9 -9 -1 11 15 13 24 -6 -5 -13 21 20 -20 -19 23 -23 -14 25 -2 -12 -28 -3 -30
right_child=2 28 -4 10 5 6 -8 8 -10 -11 26 16 17 -15 -16 -17 -18 18 19 -21 -22 22 -24 -25 -26 -27 27 -29 29 -31
leaf_value=-0.0027920212024469455 -0.066094531211010596 -0.00075988867223100677 0.0050925560511696707 -0.011435096138553896 -0.0030906308758764738 0.016153968895955873 -0.0062335601038723681 -0.0068035201451728091 -0.00053011972054937994 0.0034735694553094556 -0.043271603128304546 -0.0005431968588484686 0.054532957901458734 -0.049126944145891763 0.0072327312524153257 -0.065586285767627275 0.019094498798116869 -0.0043107905050147983 0.019507939508069175 -0.0048648603383227816 0.0017788236250646208 0.0029491200437200228 0.012967949374424482 0.012696212901618856 0.02648833146029668 0.00033667227035822576 0.013508187781789742 -0.029854863661124272 -0.03874633346573185 0.0046507362713576594
leaf_weight=2070.2280035726726 4.6156400218606057 5028.2893668599427 5690.503749307245 45.686429841443896 326.10586106032133 28.375509480014443 5020.7900909483433 1554.6180930845439 644.99566169455647 451.01769114658237 10.194359529763462 1104.4772223290056 8.0319370217621309 7.4182238131761542 132.59457367658615 3.6221794728189698 24.555792938917875 383.26658584550023 90.977007258683443 38.752730507403612 5360.8868842236698 3037.2684478387237 132.28386268764734 45.257466707378626 5.7977980040013781 15.008122108876703 8.4343598112463969 9.1812328919768316 7.2646507881581774 359.23024555668235
leaf_count=34742 57 63185 39104 802 5495 476 91371 26361 10691 7233 202 16943 57 92 2121 78 302 3672 790 364 50223 28331 1175 378 58 146 122 164 103 4372
internal_value=-1.01249e-05 -0.00296763 0.00334842 -0.00415505 -0.00449911 -0.00560796 -0.00610775 -0.00320541 -0.00496396 -0.00167119 -0.00123729 -0.0007562 0.00226129 -0.0155566 -0.000106501 -0.015413 -0.000116089 0.00232561 0.00161224 0.0122273 0.00137251 0.00362578 0.00336726 0.019002 -0.00576053 -0.0152884 -0.0216217 -0.0090926 -0.000450756 0.00379052
internal_weight=31649.7 16829.7 14820.1 11434.9 10228.7 5507.87 5049.17 4720.86 2199.61 2521.25 1206.15 1178.34 9129.56 32.8398 458.7 49.3086 1129.03 9096.72 5873.88 129.73 5744.15 3222.84 3169.55 53.2894 25.4216 19.6238 27.81 17.6156 5394.78 366.495
internal_count=389210 264763 124447 197103 178490 99463 91847 79027 37052 41975 18613 18125 85343 353 7616 880 17245 84990 55049 1154 53895 29941 29506 435 261 203 488 286 67660 4475
is_linear=0
shrinkage=0.05


Tree=39
num_leaves=31
num_cat=0
split_feature=12 12 12 7 7 6 7 3 9 7 7 10 2 2 10 2 4 9 10 2 9 2 2 10 7 10 3 7 10 10
split_gain=113.543 18.2299 10.4335 4.16355 5.37679 6.37856 6.84334 6.05821 5.77816 5.59204 4.75213 3.11629 9.89667 12.4928 3.87192 5.35772 3.41288 2.99678 5.99751 5.37538 4.96034 4.07171 5.13639 4.14957 4.01828 5.89765 3.93671 4.49804 3.54538 3.24383
threshold=2.5000000000000004 1.5000000000000002 5.5000000000000009 647.45697350247019 297.64008315073767 15.550549682718502 140.92241771773635 4.1650000000000009 0.54099704018995709 267.41229439687089 642.14774339796304 0.39710043179893578 36.250000000000007 21.250000000000004 0.37267073963364072 22.050000000000004 10.805000000000001 0.28728262035297231 0.23894564810528965 49.250000000000007 0.27926007357881005 35.850000000000001 36.250000000000007 0.34891296162901503 95.16329308612886 0.05488735491716374 5.9750000000000005 681.83205409629488 0.27006322023985146 0.28764522810143084
decision_type=2 2 2 2 2 2 2 2 2 2 2 2 2 2 2 2 2 2 2 2 2 2 2 2 2 2 2 2 2 2
left_child=1 3 17 4 5 6 -1 10 -9 -7 -6 14 13 -13 16 -16 -5 18 19 20 -2 24 -23 -24 25 -19 27 -20 -28 -26
right_child=2 -3 -4 11 7 9 -8 8 -10 -11 -12 12 -14 -15 15 -17 -18 21 26 -21 -22 22 23 -25 29 -27 28 -29 -30 -31
leaf_value=-0.0069744018683340321 -0.00085373563848515461 -0.00042832471425780947 0.0043057047471276927 -0.0015564715344209158 -0.0070376102645077921 -0.0010207769710516782 -0.0019966703689261135 -0.004167042171676954 0.016545504742563017 0.0093803250702491313 -0.038949753146614814 0.023158986802508982 0.067718793501819793 -0.015202576673217153 -0.035996419921496249 -0.00041250270242694113 0.031951526013428162 0.041821686290382042 0.0046881200618958153 0.040972495832635791 0.011215335000950899 0.039015004122485583 0.0021293987203123694 0.02329718383619292 0.00081136069707332485 0.0040072941292428089 -0.057116770935745798 0.019284826112965954 -0.0058935873663632458 -0.0027229495402498597
leaf_weight=1192.8909497708082 1169.3755420818925 5393.8970008008182 8614.3028458319604 1063.6929640043527 2344.6986375208944 955.88999560847878 1639.3751979917288 3878.075697850436 33.966430619359016 149.42753557488322 11.724190257489679 40.767884604632854 6.3879419267177573 44.268255785107613 19.490432966500521 23.133851073682308 7.6538229174911967 10.610812984406946 1461.4071429595351 8.0660682842135412 91.818782962858677 12.389789570122955 139.24880289658904 27.769258357584476 1854.8012590035796 365.04019609093666 4.3758971057832268 54.755610227584839 14.814488582313059 998.82273617014289
leaf_count=20602 11736 67660 63074 16454 45319 15786 27005 66651 517 2356 254 547 66 704 338 373 131 87 14177 65 862 102 1377 243 18412 3537 48 496 149 10082
internal_value=-9.81772e-06 -0.00282361 0.00317928 -0.0039558 -0.00428402 -0.00283602 -0.00409319 -0.00519359 -0.0039872 0.000385345 -0.00719639 -0.00117675 0.00769748 0.00318866 -0.00190506 -0.0166836 -0.00131709 0.00161758 0.00282816 0.000285149 2.49294e-05 0.000621532 0.0079531 0.00564886 0.000214214 0.00507542 0.00493043 0.00521527 -0.0175738 -0.000425715
internal_weight=31632.9 16805.3 14827.6 11411.4 10206 3937.58 2832.27 6268.46 3912.04 1105.32 2356.42 1205.4 91.4241 85.0361 1113.97 42.6243 1071.35 6213.3 2804.61 1269.26 1261.19 3408.68 179.408 167.018 3229.28 375.651 1535.35 1516.16 19.1904 2853.62
internal_count=389210 264763 124447 197103 178490 65749 47607 112741 67168 18142 45573 18613 1317 1251 17296 711 16585 61373 27533 12663 12598 33840 1722 1620 32118 3624 14870 14673 197 28494
is_linear=0
shrinkage=0.05


Tree=40
num_leaves=31
num_cat=0
split_feature=12 12 12 8 6 6 1 10 3 10 6 10 9 4 3 6 3 1 9 6 11 2 9 0 9 12 3 0 2 6
split_gain=102.52 16.5165 9.48649 3.83626 4.87549 4.66605 7.26159 5.47888 3.80947 7.04739 5.99413 4.39207 3.73647 4.21491 3.5801 3.24103 5.13298 3.74034 3.84982 3.5067 5.33532 4.67056 3.41881 5.61522 3.6427 3.12018 4.00068 4.27657 3.29999 4.49604
threshold=2.5000000000000004 1.5000000000000002 4.5000000000000009 0.13617347832829899 1.5202951501064199 12.161317843063172 39.750000000000007 0.33962345924690102 3.0050000000000003 0.25452066543129798 3.8262053198697008 0.37267073963364072 0.20446185238915984 2.0350000000000006 5.0050000000000008 0.22519262012045529 4.9850000000000012 19.750000000000004 0.32074359584053408 1.9113287514082213 0.59899857709390414 23.650000000000002 0.42245649947085184 36.550000000000004 0.41286750068775063 17.500000000000004 6.4250000000000007 39.45000000000001 20.050000000000004 27.993223012750395
decision_type=2 2 2 2 2 2 2 2 2 2 2 2 2 2 2 2 2 2 2 2 2 2 2 2 2 2 2 2 2 2
left_child=1 3 15 4 -1 7 -7 -6 9 10 -5 -11 14 -14 -10 16 17 -2 -19 20 -17 -22 24 -24 -21 26 -4 -28 -27 -30
right_child=2 -3 25 8 5 6 -8 -9 12 11 -12 -13 13 -15 -16 19 -18 18 -20 22 21 -23 23 -25 -26 28 27 -29 29 -31
leaf_value=-0.066760723363432209 -0.072210972874683532 -0.00040697128736062846 0.0031912132309097532 -0.017846961559214742 -0.0087497721303883037 -0.021785828083808717 0.052957960451332553 0.020140098144108859 -0.0041488321095324923 -0.01167172909822853 -0.001506166448674079 -0.0025451774644182062 0.0033426943143194175 -0.0030526823341200061 -0.0096388205960099838 0.053006371110099149 0.029322896093001156 -0.045683609785300693 0.018642810974055801 0.0013083461660902799 -0.00060680285718685972 0.017006207906147385 -0.0010797477196818127 -0.018786674799594161 0.011170429059001563 0.0075790544970986045 0.054409437402228124 0.0092970729614194076 0.0040047509132802835 0.036317090230685203
leaf_weight=3.8408738020807496 4.4593152143061188 5393.0837962329388 6435.3606105782092 60.692499276250601 72.944523241370916 77.219982279464602 3.3922920562326899 21.17524297721684 1235.1853003315628 558.44699172861874 744.94734303094447 172.55730489268899 266.45212945342064 7781.1905612014234 390.94480159133673 6.4798501059412947 4.0771205238997927 5.1441848054528219 4.245625976473093 4166.1716057322919 90.751503482460976 64.313385471701622 464.31681517511606 49.551630534231663 95.785156205296516 984.10901530832052 7.6653390452265766 16.696235898882151 2424.6432829760015 10.813490651547907
leaf_count=79 72 67660 51815 1288 1312 1440 57 324 21269 11394 14316 3333 3800 131739 6752 52 40 64 45 42076 920 602 4752 550 906 6373 47 122 15949 62
internal_value=-9.52397e-06 -0.00268642 0.0030188 -0.00376582 -0.0110367 -0.00981176 -0.0186405 -0.00225007 -0.00365001 -0.00596262 -0.00273719 -0.00951736 -0.00328265 -0.00284094 -0.0054687 0.00123349 -0.0199882 -0.0345051 -0.0165983 0.00131054 0.00855572 0.00669822 0.00106547 -0.0027872 0.00152999 0.00391428 0.00326777 0.0234916 0.00513557 0.00414822
internal_weight=31616.7 16782.1 14834.6 11389 178.573 174.732 80.6123 94.1198 11210.4 1536.64 805.64 731.004 9673.77 8047.64 1626.13 4955.3 17.9262 13.8491 9.38981 4937.37 161.545 155.065 4775.83 513.868 4261.96 9879.29 6459.72 24.3616 3419.57 2435.46
internal_count=389210 264763 124447 197103 3212 3133 1497 1636 193891 30331 15604 14727 163560 135539 28021 50079 221 181 109 49858 1574 1522 48284 5302 42982 74368 51984 169 22384 16011
is_linear=0
shrinkage=0.05


Tree=41
num_leaves=31
num_cat=0
split_feature=12 12 12 8 6 7 7 4 5 4 4 10 4 8 8 6 8 8 1 8 6 6 4 7 10 8 4 9 9 9
split_gain=92.5659 14.9608 8.65954 3.82142 3.97441 3.65348 4.91171 5.35285 6.57637 4.79099 5.51592 4.68054 4.55047 4.30741 4.2179 9.21845 3.58795 3.01997 5.35146 5.79174 4.66458 5.91643 5.65654 4.18078 2.87791 4.67559 3.1755 4.53342 2.81085 3.0811
threshold=2.5000000000000004 1.5000000000000002 9.5000000000000018 0.086658723486081515 15.843673734512922 647.45697350247019 339.61770186112659 2.6750000000000003 83.800000000000011 5.0150000000000006 5.2750000000000012 0.095175481356831571 2.0550000000000002 0.54226452321355267 0.22995039210422236 10.663369287396383 0.40406863746328414 0.31281009531983223 43.650000000000013 0.42893283825279227 11.984269860860048 12.220270403620585 2.0250000000000004 920.62504763226264 0.49044361783939239 0.38569656372356004 4.495000000000001 0.30214393285664509 0.2639394674096584 0.41082439952999822
decision_type=2 2 2 2 2 2 2 2 2 2 2 2 2 2 2 2 2 2 2 2 2 2 2 2 2 2 2 2 2 2
left_child=1 5 3 4 -2 6 9 11 -9 12 -11 -8 -1 14 15 -7 -16 20 23 -20 22 -22 -5 -19 -4 26 -26 -28 -15 -30
right_child=2 -3 24 17 -6 13 7 8 -10 10 -12 -13 -14 28 16 -17 -18 18 19 -21 21 -23 -24 -25 25 -27 27 -29 29 -31
leaf_value=-0.043647096342132582 -0.0057980419990501563 -0.0003866797296833062 0.0045008047326770767 0.037138261708016304 -0.047634847306150724 -0.024304165270995132 -0.019315878699708612 -0.0049356270017289232 -0.012697886413843985 -0.010029240725913532 -0.003179134077295552 0.0015754177060141967 -0.00052634474498497463 -0.041784620397759764 0.0025110829370177299 0.0020460467103651245 -0.0038752327767145218 0.001159351644128027 0.018189053692898072 -0.00487592018017399 0.021928113994640074 0.0045628185695873067 0.0010643085998432403 -0.019941392525543042 -0.017394742943401192 -0.026390762578685265 -0.0058196928310795884 0.043374347245893362 0.0014422081569740199 -0.05277895913535581
leaf_weight=6.1392364390194407 25.415643364191055 5392.3108772113919 5649.6571817584336 10.940774030983446 7.3092575035989276 56.271644974127412 28.600199367851019 4720.2973752673715 289.60783406347036 331.75447311252356 2573.8426126148552 428.44999863579869 1785.9666677005589 9.9459396488964575 722.28160947375 80.925310058519244 316.21665732190013 5727.570412311703 91.443147230893373 38.75106006860733 50.643186073750257 1558.7555161416531 1608.031961414963 23.57137743383646 10.168798226863148 19.842009704560041 9.969794053584339 8.8318237252533418 14.292921934276821 3.2081266939640036
leaf_count=123 261 67660 38763 81 92 966 488 86678 5169 5601 44306 7128 28997 202 11009 1272 4878 53675 790 364 447 14398 15015 220 75 145 72 49 226 60
internal_value=-9.21957e-06 -0.00255568 0.00286655 0.00191301 -0.0151425 -0.00358454 -0.00389293 -0.00491178 -0.00538434 -0.00270724 -0.00396126 0.000268132 -0.000674064 -0.000979151 -0.000522042 -0.00876155 0.000566487 0.00197428 0.0012998 0.011324 0.00320304 0.00510925 0.00130809 0.00107287 0.00439636 -0.00769222 0.00511452 0.0172886 -0.0205595 -0.0084971
internal_weight=31601 16760.1 14840.9 9142.43 32.7249 11367.8 10164.7 5466.96 5009.91 4697.7 2905.6 457.05 1792.11 1203.14 1175.7 137.197 1038.5 9109.71 5881.34 130.194 3228.37 1609.4 1618.97 5751.14 5698.47 48.8124 28.9704 18.8016 27.447 17.501
internal_count=389210 264763 124447 85343 353 197103 178490 99463 91847 79027 49907 7616 29120 18613 18125 2238 15887 84990 55049 1154 29941 14845 15096 53895 39104 341 196 121 488 286
is_linear=0
shrinkage=0.05


Tree=42
num_leaves=31
num_cat=0
split_feature=12 12 12 8 10 10 11 1 10 2 3 10 8 1 9 10 3 8 10 10 5 2 8 9 9 10 6 9 6 9
split_gain=83.5768 13.5496 8.08897 3.49763 4.12742 7.16158 6.65113 5.21322 4.8241 3.9408 3.28339 5.99374 5.3707 5.10657 3.33914 4.02933 3.28112 2.984 5.39938 6.63264 6.61454 7.07121 6.42492 4.21199 3.01628 4.06882 5.78541 2.97436 6.30656 3.10886
threshold=2.5000000000000004 1.5000000000000002 4.5000000000000009 0.12447727677333219 0.32446971418612403 0.36863164390658487 0.6996085025783696 22.250000000000004 0.17834394269652942 21.850000000000005 3.0050000000000003 0.257349702978862 0.14477593613983339 24.650000000000002 0.20446185238915984 0.15164817349709223 5.0050000000000008 0.2619087800369691 0.34735408696905973 0.25259478535473673 26.050000000000001 18.350000000000005 0.2498010448178665 0.22956606464953436 0.54099704018995709 0.31342740941925423 2.463034768257558 0.42899640114904092 4.0805823358573035 0.41286750068775063
decision_type=2 2 2 2 2 2 2 2 2 2 2 2 2 2 2 2 2 2 2 2 2 2 2 2 2 2 2 2 2 2
left_child=1 3 17 4 7 6 -6 -1 -9 -7 11 13 -13 -5 16 -16 -12 18 19 22 -20 -22 -2 -21 27 26 -26 29 -29 -19
right_child=2 -3 -4 10 5 9 -8 8 -10 -11 14 12 -14 -15 15 -17 -18 24 20 23 21 -23 -24 -25 25 -27 -28 28 -30 -31
leaf_value=-0.0094122265017833519 -0.0009817859848798155 -0.00036739707457892343 0.0035485098088674431 0.025230569963503913 0.071031415605232448 0.0021049762748950834 0.0052489067718990961 -0.0052732623114434031 -0.049418971432859109 -0.04732206285104093 -0.0037805111138499332 0.032775189714840641 -0.0092728806420934312 -0.0031144931529124287 -5.6035931471582634e-05 -0.0030583274782080721 -0.009040201037423758 0.00050693541735763101 0.049341309370157849 0.021271086217769526 0.036010504648634055 -0.0097310354997183768 0.014207413954197902 0.0076725321250646593 0.091758244206903927 0.043615283195288117 -0.0032061147998601464 0.015593045007867913 -0.0062843395160700893 0.0084217121117914056
leaf_weight=69.219285054132342 398.45972407609224 5391.5762131437659 9887.960144136101 16.209160409867764 5.4286060370504883 8.6206785328686255 13.151427559554575 9.2049617096781748 18.883843503892422 7.5773102156817904 1235.3959654867649 7.6768118105828753 705.21525527723134 806.07539488375187 1340.7098280414939 6714.0533308163285 390.15389955043793 3509.1617166958749 5.4097167961299411 76.451338585466146 8.9963170289993268 138.91281003877521 84.360532660037279 223.15727820619941 1.7403657212853492 9.3202438615262491 20.439896568655968 36.756677836179733 317.35929299518466 128.61669039726257
leaf_count=1226 4043 67660 74368 271 70 136 205 186 420 148 21356 138 14332 15731 22073 114032 6779 35555 46 691 74 1449 802 2198 10 76 217 349 3323 1246
internal_value=-8.91999e-06 -0.00243116 0.002722 -0.00341172 -0.0115006 0.00328381 0.0244689 -0.0167845 -0.034952 -0.0210167 -0.00331646 -0.00546472 -0.00882008 -0.00255575 -0.00297577 -0.0025586 -0.00504291 0.00107405 0.00361726 0.00529854 -0.00496274 -0.00694889 0.00167214 0.0111425 0.000482556 0.0158939 0.00424523 0.000360943 -0.0040135 0.000786769
internal_weight=31586.3 16739.2 14847.1 11347.6 132.086 34.778 18.58 97.3081 28.0888 16.198 11215.5 1535.18 712.892 822.285 9680.31 8054.76 1625.55 4959.14 935.748 782.429 153.319 147.909 482.82 299.609 4023.39 31.5005 22.1803 3991.89 354.116 3637.78
internal_count=389210 264763 124447 197103 2391 559 275 1832 606 284 194712 30472 14470 16002 164240 136105 28135 50079 9303 7734 1569 1523 4845 2889 40776 303 227 40473 3672 36801
is_linear=0
shrinkage=0.05


Tree=43
num_leaves=31
num_cat=0
split_feature=12 12 12 11 2 10 7 10 7 7 3 9 9 7 4 2 8 11 10 9 11 2 11 11 9 3 8 10 1 11
split_gain=75.459 12.2697 7.41092 3.98731 3.45672 3.86334 6.30991 4.14515 3.32262 4.49162 5.26072 5.21008 4.75998 4.71749 6.75897 4.57353 3.9834 3.69399 4.0031 3.77041 3.04867 5.01474 3.68655 2.96336 4.50348 5.16604 5.12316 4.6746 4.73772 4.34109
threshold=2.5000000000000004 1.5000000000000002 7.5000000000000009 0.62834016982438767 35.850000000000001 0.12178273901693588 170.96610099626213 0.45617067108241466 647.45697350247019 297.64008315073767 4.1650000000000009 0.56544939846782005 0.044750624612523417 199.94897466901418 4.4750000000000005 47.050000000000004 0.59121709314219584 0.60947943397877369 0.084650766612369019 0.28822538099402678 0.6638879388666673 32.050000000000004 0.67879819659126361 0.62834016982438767 0.34363676771027479 4.535000000000001 0.51785348321611446 0.039714241344152836 16.050000000000004 0.61448491934807592
decision_type=2 2 2 2 2 2 2 2 2 2 2 2 2 2 2 2 2 2 2 2 2 2 2 2 2 2 2 2 2 2
left_child=1 8 3 -2 20 6 -6 -7 9 13 12 -12 -11 14 -1 -15 17 19 -19 -10 21 -5 -22 29 27 -26 -27 28 -25 -4
right_child=2 -3 23 4 5 7 -8 -9 16 10 11 -13 -14 15 -16 -17 -18 18 -20 -21 22 -23 -24 24 25 26 -28 -29 -30 -31
leaf_value=0.0027452526786693908 -0.0030913313901670065 -0.00034907383469588596 0.0058359618309466385 0.0090829976474179897 -0.027081371813685168 0.0040469818335292507 0.032601598998691771 0.038077013806675636 -0.010189955655932472 0.022037645876067075 -0.0033763114360651626 0.023363399952428296 -0.0064355488187962081 -0.00029387655006475014 -0.0047039946372891281 0.028465860124657034 -0.038389260521308595 0.014206880664504654 -0.00058364503050210002 -0.064349522827985048 -0.0078222444970648848 -0.025907013262453399 0.001540144928156773 0.012324258971633188 0.007089703587318294 0.0028641287578242149 -0.017816065244156548 0.002729859805221987 -0.026482945823994554 0.020643263333810457
leaf_weight=357.86005283147097 434.86145424842834 5390.8779497332871 336.37802669033408 209.46014831960201 5.2915194407105437 364.6746952496469 27.155064787715673 9.1737130619585496 45.060695117339492 14.771802643314002 3864.7339560985565 18.303041826933622 2316.2467822507024 1499.3782764263451 2042.4077925868332 13.952242664992808 6.9920825697481623 47.737680394202471 1097.4474995713681 3.4602634049952021 106.76173363626003 10.766356840729712 6941.2446698583663 11.185125824064015 1469.4351976886392 730.96384837478399 31.227478984743357 4079.8498380444944 26.493356607854366 58.038171734660864
leaf_count=5685 4318 67660 2359 1953 52 3399 217 68 802 255 66900 268 45318 24651 35211 202 129 622 16982 78 1057 109 66025 73 10138 5170 236 28688 205 380
internal_value=-8.64248e-06 -0.00231258 0.00258479 0.00156631 0.00183023 0.00631841 0.0228683 0.00488203 -0.00324697 -0.00354181 -0.00437745 -0.00325027 -0.00625511 -0.00221498 -0.00359337 -2.87244e-05 -0.000760033 -0.000539621 3.29062e-05 -0.0140523 0.00157934 0.00737242 0.00139833 0.00380954 0.0035483 0.00535712 0.00201685 0.00256796 -0.0149628 0.00801485
internal_weight=31572.2 16719.2 14853 8109.39 7674.53 406.295 32.4466 373.848 11328.4 10127.7 6214.06 3883.04 2331.02 3913.6 2400.27 1513.33 1200.7 1193.71 1145.19 48.521 7268.23 220.227 7048.01 6743.57 6349.15 2231.63 762.191 4117.53 37.6785 394.416
internal_count=389210 264763 124447 77198 72880 3736 269 3467 197103 178490 112741 67168 45573 65749 40896 24853 18613 18484 17604 880 69144 2062 67082 47249 44510 15544 5406 28966 278 2739
is_linear=0
shrinkage=0.05


Tree=44
num_leaves=31
num_cat=0
split_feature=12 12 12 8 6 6 1 1 6 3 9 6 8 11 11 1 11 9 10 0 0 10 10 5 0 0 10 10 2 6
split_gain=68.1299 11.1096 6.82315 3.21311 4.62516 4.34872 6.59027 4.892 2.96204 4.69953 3.49065 3.07529 4.61227 4.45076 3.16579 4.33054 4.03871 2.94195 7.55792 4.58388 3.04215 4.37301 3.00552 2.78872 4.77067 8.49829 7.75636 6.42532 5.38641 5.09571
threshold=2.5000000000000004 1.5000000000000002 4.5000000000000009 0.13617347832829899 1.5202951501064199 12.161317843063172 39.750000000000007 22.250000000000004 0.22519262012045529 4.9850000000000012 0.29422268004221841 2.0985060388809011 0.19126373432721186 0.82784165901673157 0.97739929990046204 23.050000000000004 0.65077815448690113 0.12523527330525266 0.38665136513222198 37.45000000000001 41.45000000000001 0.1881619677546543 0.38429423146917557 69.500000000000014 32.750000000000007 33.45000000000001 0.076293828134725059 0.20516699524242346 18.150000000000002 16.76357186663925
decision_type=2 2 2 2 2 2 2 2 2 2 2 2 2 2 2 2 2 2 2 2 2 2 2 2 2 2 2 2 2 2
left_child=1 3 8 4 -1 7 -7 -6 9 10 -2 12 -10 -14 16 -16 -13 18 19 -5 22 -22 -19 -3 26 29 -25 -28 -27 -26
right_child=2 23 -4 17 5 6 -8 -9 11 -11 -12 14 13 -15 15 -17 -18 20 -20 -21 21 -23 -24 24 25 28 27 -29 -30 -31
leaf_value=-0.065361794219297956 -0.063541806208243651 -0.0011980068279768769 0.0032133340206095167 -0.0038164978629856281 0.0057353089205280008 -0.020302417118685943 0.050324929896367665 -0.01997718970302334 0.038159521070916851 0.027491388702557507 -0.012283588508320564 -0.0035087720785787822 -0.0067047967395698687 0.010742438014814167 0.00074305509304802356 -0.0049303937186300252 0.0022645412318929195 -0.0031252503336662539 -0.029411406502577505 -0.02752700366116877 0.043502724857312498 -0.00044101781932930935 -0.00020349511956429804 0.072196075457551231 -0.0086029981157801482 -0.016602124914748044 -0.015167183237891478 0.016656532015531963 0.0017905675365536323 -0.038915020798239101
leaf_weight=3.6664774008095256 5.6647196672856834 3410.9105021469295 9896.0023739635944 383.86911345273256 67.724839322268963 75.757323037832975 3.4534846786409608 25.450061509385705 11.415155746042727 4.1073032468557349 8.0290585681796056 338.39152878522873 52.980056997388601 117.8875392600894 1035.6461115591228 498.12240984663367 2890.0505135916173 9700.3756611254066 34.62963505461812 21.527229264378548 8.5873435884714144 16.615905310958624 968.01534184254706 5.1134016513824454 72.806484866887331 40.728078953921795 21.063805498182774 64.21532292291522 1758.2504523806274 17.126250293105841
leaf_count=79 83 43397 74368 6825 1117 1440 57 519 94 40 98 3497 545 1136 10542 5125 28919 169123 679 394 92 222 16556 50 928 552 283 734 21473 243
internal_value=-8.34707e-06 -0.00219969 0.0024546 -0.00309 -0.00979202 -0.0086101 -0.0172232 -0.00128788 0.000941504 -0.0194177 -0.0334876 0.0010148 0.00738839 0.00533266 0.00077084 -0.00109951 0.00165941 -0.00298402 -0.00699077 -0.00507557 -0.00281915 0.0145317 -0.00286014 -0.000331662 0.0011613 0.000624313 0.0123826 0.00879613 0.00137417 -0.0143754
internal_weight=31558.2 16699.9 14858.3 11309.7 176.052 172.386 79.2108 93.1749 4962.29 17.8011 13.6938 4944.49 182.283 170.868 4762.21 1533.77 3228.44 11133.6 440.026 405.396 10693.6 25.2032 10668.4 5390.21 1979.3 1888.91 90.3925 85.2791 1798.98 89.9327
internal_count=389210 264763 124447 197103 3212 3133 1497 1636 50079 221 181 49858 1775 1681 48083 15667 32416 193891 7898 7219 185993 314 185679 67660 24263 23196 1067 1017 22025 1171
is_linear=0
shrinkage=0.05


Tree=45
num_leaves=31
num_cat=0
split_feature=12 12 12 4 5 1 4 4 1 8 7 8 7 6 7 3 6 3 8 9 9 7 1 6 9 1 9 7 6 9
split_gain=61.5118 10.0552 6.43819 3.02683 5.49529 5.12674 6.50206 5.66025 4.93406 6.64866 5.75921 4.8793 6.26953 5.57516 2.97589 6.08364 6.79984 5.03984 8.58377 6.07484 5.01551 3.51886 5.79826 5.26048 5.91017 4.80819 3.7879 2.97409 2.78883 2.72424
threshold=2.5000000000000004 1.5000000000000002 10.500000000000002 2.6750000000000003 83.800000000000011 12.15 3.1250000000000004 3.1250000000000004 10.250000000000002 0.30955977772403703 396.09406778737758 0.43870470929426258 631.8358714853324 8.8413356659634612 148.39861628477874 4.0550000000000006 18.196272707744679 3.8050000000000002 0.17527376520571544 0.31778254573766723 0.42899640114904092 548.63539288536242 43.650000000000013 11.924273279497195 0.24645078702724474 40.95000000000001 0.17121717934856265 700.3599537887352 17.617363056680684 0.26811121076247502
decision_type=2 2 2 2 2 2 2 2 2 2 2 2 2 2 2 2 2 2 2 2 2 2 2 2 2 2 2 2 2 2
left_child=1 3 14 8 5 6 -5 -7 -1 10 -10 12 -6 -13 15 17 28 19 -19 -2 -18 23 25 26 -25 -23 -16 -11 -17 -24
right_child=2 -3 -4 4 11 7 -8 -9 9 27 -12 13 -14 -15 21 16 20 18 -20 -21 -22 22 29 24 -26 -27 -28 -29 -30 -31
leaf_value=-0.0011732941101579109 -0.00089109209651477806 -0.00031528560820317841 0.0037414753895237208 0.0018723362046806774 -0.0098359156947735015 -0.067535516566621906 0.031985127710045906 -0.003106700613346581 0.041513013165844832 0.018570399789025967 -0.025755908703654337 -0.00037970939952788917 0.005918097441173404 -0.028599242100418074 -0.0061351495584324491 0.0088996650731925277 -0.0102384721058674 0.040885639818409425 -0.0072412481971512749 0.0078831498535149088 0.028648799272981362 0.0032363599142898047 0.0067842427773574096 0.0053107362785470942 0.00064560497741252779 -0.02400872026352328 -0.00025532569454322413 0.052200142286826991 0.031141794521782201 0.050904128116110094
leaf_weight=958.41895272023976 439.08322812244296 5389.508141938597 5238.8484076187015 206.65572921186686 270.53454265743494 3.4101202413439742 19.628937382251024 9614.6138036437333 4.1077273264527348 28.764010030776262 14.115661855787037 25.503771033138037 82.384374108165503 55.787495084106922 303.22929825633764 518.41434291377664 73.803843762725592 9.6607007682323438 226.15905517339706 358.19419972226024 9.3410791754722577 1584.7236541360617 5.6121194995939723 972.07351790368557 2251.1326419971883 16.360867772251368 2833.0068667121232 8.5220383517444116 14.487012155354021 9.2912286743521673
leaf_count=15121 4027 67660 35541 3454 4786 68 295 169813 62 455 252 438 1229 1028 2926 4613 707 78 2116 3144 75 14517 57 8896 21001 167 26394 102 112 76
internal_value=-8.08204e-06 -0.00209218 0.002331 -0.00294023 -0.00319733 -0.00295453 0.00448445 -0.00312954 -0.000333884 0.0141593 -0.0105928 -0.00870215 -0.00615834 -0.0197458 0.00156325 0.00349671 0.00742937 0.00115163 -0.00526966 0.00305093 -0.00586961 0.00116345 0.00324691 0.000634029 0.00205254 0.00295795 -0.000823821 0.0262568 0.00950432 0.03429
internal_weight=31545.4 16682 14863.4 11292.4 10278.5 9844.31 226.285 9618.02 1013.93 55.5094 18.2234 434.21 352.919 81.2913 9624.57 1649.14 616.046 1033.1 235.82 797.277 83.1449 7975.43 1615.99 6359.44 3223.21 1601.08 3136.24 37.286 532.901 14.9033
internal_count=389210 264763 124447 197103 181111 173630 3749 169881 15992 871 314 7481 6015 1466 88906 14872 5507 9365 2194 7171 782 74034 14817 59217 29897 14684 29320 557 4725 133
is_linear=0
shrinkage=0.05


Tree=46
num_leaves=31
num_cat=0
split_feature=12 12 8 1 9 9 9 7 10 2 7 8 9 3 2 7 7 9 9 8 12 3 0 0 9 2 10 2 9 2
split_gain=55.5692 14.2428 3.5293 4.28642 4.40446 5.88895 3.79023 3.68837 8.05723 10.3898 6.64654 5.54443 4.83232 4.70481 3.14632 6.99766 6.16501 4.43482 5.2241 3.53839 3.25831 3.42695 3.18956 4.59754 3.16682 6.41826 4.88715 3.84758 4.5757 4.2177
threshold=3.5000000000000004 1.5000000000000002 0.18762720094788285 46.050000000000004 0.42044260712640308 0.50610850148666831 0.3939856169176546 558.27994899271482 0.25452066543129798 21.950000000000003 337.47458527688394 0.19772882105269665 0.21452095271424279 5.7250000000000005 39.650000000000013 666.76074683720844 24.581007803180622 0.41082439952999822 0.43360627464595941 0.38986647269795799 24.500000000000004 6.4250000000000007 38.45000000000001 38.750000000000007 0.18185057523440237 35.150000000000013 0.40327389944967468 20.050000000000004 0.2628807982618388 21.350000000000005
decision_type=2 2 2 2 2 2 2 2 2 2 2 2 2 2 2 2 2 2 2 2 2 2 2 2 2 2 2 2 2 2
left_child=1 -1 3 4 6 -6 -3 10 11 -10 12 -9 -4 -12 20 16 -16 19 -19 -18 21 22 -2 -24 25 26 -22 28 -26 -29
right_child=14 2 7 -5 5 -7 -8 8 9 -11 13 -13 -14 -15 15 -17 17 18 -20 -21 24 -23 23 -25 27 -27 -28 29 -30 -31
leaf_value=-0.0027975697813127781 0.0021756534215128524 0.0041603096529340723 0.0046745579561079057 0.047690867114614816 -0.020949025632432644 0.022403026635688078 0.024365382679821301 -0.034102507034917857 0.0046542630959577388 -0.0086140074247944114 -0.002660357022793049 0.0065656668857944954 -0.00012829882291316862 0.0079264051588748882 -0.021938924226103232 -0.033729060659515774 0.011667400511445132 0.047234512900280835 0.011765368828236545 -0.00059206154741627123 0.0021396035756577458 0.018903418825140395 -0.019553563043053918 0.0026003033574597254 0.015105543665451979 -0.046500440927087779 -0.027203121351986832 -0.0020088074684873089 0.0054994268938727553 0.0048247647596755339
leaf_weight=11275.96691888012 9068.931074783206 360.21941816434264 651.99432714283466 5.6194952167570582 34.555410843342543 10.129965741187332 24.809090286493301 8.491946052759884 292.48091230541468 297.73625624924898 3313.3917750231922 640.51453809067607 2661.8918777927756 108.376056779176 15.679636567831038 10.027870886027811 185.64365117624402 16.395210824906826 28.301394686102867 86.18098633363843 241.94649652019143 30.370904397219419 41.388264171779156 53.939983054995537 173.25762414932251 7.5015758723020545 15.074549011886118 280.61167921125889 435.73259574174881 1155.9498720727861
leaf_count=197103 74477 4211 7424 52 444 105 275 109 3322 3606 40358 7248 30862 1241 135 90 1391 111 212 674 1571 218 360 438 1059 57 109 1825 2763 7360
internal_value=-7.81788e-06 -0.00163609 -7.88292e-05 0.00430508 0.00373771 -0.0111213 0.00546221 -0.000318139 0.00218878 -0.00203894 -0.000779361 0.00603354 0.000816645 -0.00232505 0.00269789 0.0074223 0.0086645 0.0101805 0.0247758 0.00778058 0.00255736 0.00213559 0.00208002 -0.00701815 0.00423609 -0.000911951 0.000418623 0.00490182 0.00823237 0.00348992
internal_weight=31533.1 19686.2 8410.21 435.333 429.714 44.6854 385.029 7974.88 1239.22 590.217 6735.65 649.006 3313.89 3421.77 11846.9 342.229 332.201 316.521 44.6966 271.825 11504.7 9194.63 9164.26 95.3282 2310.07 264.523 257.021 2045.55 608.99 1436.56
internal_count=389210 296360 99257 5087 5035 549 4486 94170 14285 6928 79885 7357 38286 41599 92850 2613 2523 2388 323 2065 90237 75493 75275 798 14744 1737 1680 13007 3822 9185
is_linear=0
shrinkage=0.05


Tree=47
num_leaves=31
num_cat=0
split_feature=12 12 12 2 10 9 1 6 2 10 2 7 1 7 6 6 6 10 0 11 4 10 2 2 3 1 0 1 2 2
split_gain=50.3292 8.15759 5.34249 3.00825 5.73503 9.82722 7.46141 6.92337 4.98533 5.5742 3.98589 3.44096 4.561 3.26307 3.14884 2.85952 3.98906 3.80486 2.80201 5.44049 4.88523 6.62334 5.37049 4.80404 4.73484 6.58367 4.57048 7.36534 3.96137 3.71979
threshold=2.5000000000000004 1.5000000000000002 10.500000000000002 29.350000000000005 0.38911467756702955 0.28529267693592147 35.050000000000004 21.562144928948026 30.650000000000002 0.37492136109026503 28.850000000000005 722.78756851636615 14.65 412.04916699373916 0.66892178383800893 4.214377943216352 5.6832928746106095 0.16778091006702875 37.95000000000001 0.89233729393130756 2.0450000000000004 0.31106088915180108 25.750000000000004 18.550000000000004 5.8350000000000009 15.750000000000002 37.750000000000007 15.350000000000003 58.45000000000001 20.150000000000002
decision_type=2 2 2 2 2 2 2 2 2 2 2 2 2 2 2 2 2 2 2 2 2 2 2 2 2 2 2 2 2 2
left_child=1 3 -2 10 8 6 -6 -7 14 -10 11 13 -13 -1 -5 17 -17 -12 20 -20 21 23 -23 -3 25 -21 28 -28 -22 -26
right_child=2 18 -4 4 5 7 -8 -9 9 -11 15 12 -14 -15 -16 16 -18 -19 19 24 26 22 -24 -25 29 -27 27 -29 -30 -31
leaf_value=-0.0023133573645515832 0.0014072212324335788 -0.025693154430770811 0.0033908760571528585 -0.040981939194267687 0.027356575593911872 0.00024707890575652585 -0.041448714007181753 -0.067597446498155966 -0.0024983722868036316 -0.024900239145242656 0.013945816127706123 -0.0017647557144948513 0.0081712331959421288 -0.0042655474089959575 0.0046797415314811823 0.023358246408305087 -0.01131561091023813 -0.050526246164709382 -0.01851782071605106 -0.053463680841590193 -0.00037118608207675177 0.001502984821685812 -0.064913382340338194 0.025936460275726849 0.02680036930745891 0.0031317982573364732 -0.00081542396231463945 0.044799956902431562 -0.044380579916315138 -0.00025202824277166763
leaf_weight=5114.5279827173799 9630.3037812449038 4.9548222236335269 5241.8668148703873 3.8233313504606476 61.994643041864038 74.400458171963692 4.207615051418542 3.960517454892396 1225.9732392989099 28.412146288901567 3.0549262017011634 456.33334974572062 154.63796422630548 3681.1822510585189 302.44282705336809 8.8719386383891088 127.51365533657372 9.1205327771604043 60.812737807631493 8.275458902120592 5136.9531859531999 12.145548805594446 4.0615509301424018 49.690549276769161 19.445453140884638 13.556313067674635 22.386237066239119 14.634284511208532 5.1183151900768271 36.670170608907938
leaf_count=88319 88906 62 35541 75 980 1285 89 81 21320 547 46 6836 2385 67373 5161 144 2275 187 840 123 64618 140 63 505 196 167 281 159 71 435
internal_value=-7.52803e-06 -0.00189582 0.00210638 -0.00266145 -0.000726898 0.00880046 0.0229835 -0.00318192 -0.00160942 -0.00300578 -0.00300669 -0.00287835 0.000750061 -0.00313039 0.00410972 -0.0111327 -0.00906006 -0.0343497 -0.000295926 -0.00730899 -0.000110565 0.0129296 -0.0151412 0.0212551 0.00143587 -0.018321 -0.000288962 0.0172164 -0.000414992 0.0091223
internal_weight=31521.3 16649.2 14872.2 11260.5 1705.21 144.563 66.2023 78.361 1560.65 1254.39 9555.24 9406.68 610.971 8795.71 306.266 148.561 136.386 12.1755 5388.7 138.76 5249.94 70.8525 16.2071 54.6454 77.9474 21.8318 5179.09 37.0205 5142.07 56.1156
internal_count=389210 264763 124447 197103 29538 2435 1069 1366 27103 21867 167565 164913 9221 155692 5236 2652 2419 233 67660 1761 65899 770 203 567 921 290 65129 440 64689 631
is_linear=0
shrinkage=0.05


Tree=48
num_leaves=31
num_cat=0
split_feature=12 12 8 8 1 8 11 4 10 6 6 7 6 11 9 6 10 7 1 0 10 9 3 8 4 7 7 7 12 11
split_gain=45.7932 11.4685 3.25332 5.19539 6.16946 5.5108 5.2561 4.3233 4.41718 4.12272 3.64477 8.91518 3.20868 2.98779 4.67033 7.00844 5.56642 5.56712 4.88018 3.95722 3.66691 6.38517 7.91426 4.84327 3.73845 5.79739 4.33335 3.63525 2.67889 4.60528
threshold=3.5000000000000004 1.5000000000000002 0.22783723971358683 0.23763145613452349 18.450000000000003 0.23187954628830137 0.78218832149677786 12.305000000000001 0.048025347131388389 17.086468818933366 10.42219084860381 558.27994899271482 11.091316186482578 0.59348579682447145 0.065175385821579751 16.440287581343924 0.13622867432574207 532.52445211598626 14.750000000000002 33.150000000000013 0.15164817349709223 0.2028239346180907 4.7750000000000012 0.31281009531983223 2.0350000000000006 752.46024496419329 297.64008315073767 335.24148465732657 45.500000000000007 0.96662532721996386
decision_type=2 2 2 2 2 2 2 2 2 2 2 2 2 2 2 2 2 2 2 2 2 2 2 2 2 2 2 2 2 2
left_child=1 13 7 4 5 -4 -6 8 -3 -10 11 -5 -12 14 15 19 17 -16 -18 -1 21 23 -23 -15 25 -22 -26 -17 -2 -30
right_child=28 2 3 10 6 -7 -8 -9 9 -11 12 -13 -14 20 16 27 18 -19 -20 -21 24 22 -24 -25 26 -27 -28 -29 29 -31
leaf_value=0.017280465327388191 0.0021789151916822504 -0.021857823857040951 -0.015680481372501279 -0.0028449479177836837 -0.0068738438433496481 0.012893392219946157 -0.031800437160231294 0.034966855178439324 0.0044776979922904149 -0.0040521096116754142 0.0054774124516182628 0.0047355610108405196 0.0002778341384131945 -0.044928926511884515 0.0010112709046036347 0.0082186882397350513 -0.0023784357461269735 -0.018052919936666922 -0.021904897809928516 -0.018840749225972456 0.013599314308168171 -0.00161976629434195 0.006340042946966171 -0.0075095116918990614 -0.0014557620184098669 -0.0021112407127048755 -0.0037509094942259034 0.065582070545495988 0.0067071972146680358 0.00056163733632837816
leaf_weight=13.250450581312181 10515.063641216606 18.496298853307962 28.122378885746002 2421.6232603602111 45.108470059931278 42.18679565563798 39.815093569457531 10.260195378214119 730.89339239895344 175.71604100987315 319.7554683573544 461.82673818618059 4116.5143982879817 9.1734380200505239 165.66972277313471 4.6390665844082815 46.124683881178498 49.807139791548252 104.48061770386994 17.72560478746891 87.814101830124855 998.52060399018228 454.38746143132448 150.79569841921329 3198.4225083217025 177.23735328763723 5760.5932041611522 6.8253910858184099 869.81173333153129 469.32285538315773
leaf_count=230 84480 231 344 28990 541 474 518 99 8467 2086 3686 5252 48569 190 2896 76 817 925 2055 318 1296 17454 7134 2677 54187 2542 104208 98 5407 2963
internal_value=-7.30483e-06 -0.00148756 -9.09969e-05 -0.000438864 -0.00949057 0.00146437 -0.0185603 0.00268898 0.00233099 0.00282448 -0.000246901 -0.00163082 0.000652607 -0.00253203 -0.00672964 0.00897163 -0.00854991 -0.00339539 -0.0159247 -0.00338938 -0.00237379 -0.000174278 0.000869612 -0.00965533 -0.00275839 0.00309382 -0.00293153 0.0423701 0.00244715 0.00455338
internal_weight=31510 19655.8 8410.32 7474.95 155.233 70.3092 84.9236 935.366 925.106 906.609 7319.72 2883.45 4436.27 11245.5 408.523 42.4405 366.082 215.477 150.605 30.9761 10836.9 1612.88 1452.91 159.969 9224.07 265.051 8959.02 11.4645 11854.2 1339.13
internal_count=389210 296360 99257 88374 1877 818 1059 10883 10784 10553 86497 34242 52255 197103 7415 722 6693 3821 2872 548 189688 27455 24588 2867 162233 3838 158395 174 92850 8370
is_linear=0
shrinkage=0.05


end of trees

feature_importances:
prior_fire_density_h3=209
elevation_m=199
fuel_shrub_fraction=147
fuel_grass_fraction=141
fuel_forest_fraction=135
wind_speed_kmh=110
slope_degrees=106
vpd_kpa=100
fuel_total_fraction=91
temperature_c=78
relative_humidity_pct=76
hcfm_pct=49
pi_m0_pct=29

parameters:
[boosting: gbdt]
[objective: binary]
[metric: binary_logloss]
[tree_learner: serial]
[device_type: cpu]
[data_sample_strategy: bagging]
[data: ]
[valid: ]
[num_iterations: 200]
[learning_rate: 0.05]
[num_leaves: 31]
[num_threads: 0]
[seed: 42]
[deterministic: 0]
[force_col_wise: 0]
[force_row_wise: 0]
[histogram_pool_size: -1]
[max_depth: 6]
[min_data_in_leaf: 50]
[min_sum_hessian_in_leaf: 0.001]
[bagging_fraction: 1]
[pos_bagging_fraction: 1]
[neg_bagging_fraction: 1]
[bagging_freq: 0]
[bagging_seed: 400]
[bagging_by_query: 0]
[feature_fraction: 0.85]
[feature_fraction_bynode: 1]
[feature_fraction_seed: 30056]
[extra_trees: 0]
[extra_seed: 12879]
[early_stopping_round: 0]
[early_stopping_min_delta: 0]
[first_metric_only: 0]
[max_delta_step: 0]
[lambda_l1: 0]
[lambda_l2: 0]
[linear_lambda: 0]
[min_gain_to_split: 0]
[drop_rate: 0.1]
[max_drop: 50]
[skip_drop: 0.5]
[xgboost_dart_mode: 0]
[uniform_drop: 0]
[drop_seed: 17869]
[top_rate: 0.2]
[other_rate: 0.1]
[min_data_per_group: 100]
[max_cat_threshold: 32]
[cat_l2: 10]
[cat_smooth: 10]
[max_cat_to_onehot: 4]
[top_k: 20]
[monotone_constraints: ]
[monotone_constraints_method: basic]
[monotone_penalty: 0]
[feature_contri: ]
[forcedsplits_filename: ]
[refit_decay_rate: 0.9]
[cegb_tradeoff: 1]
[cegb_penalty_split: 0]
[cegb_penalty_feature_lazy: ]
[cegb_penalty_feature_coupled: ]
[path_smooth: 0]
[interaction_constraints: ]
[verbosity: -1]
[saved_feature_importance_type: 0]
[use_quantized_grad: 0]
[num_grad_quant_bins: 4]
[quant_train_renew_leaf: 0]
[stochastic_rounding: 1]
[linear_tree: 0]
[max_bin: 255]
[max_bin_by_feature: ]
[min_data_in_bin: 3]
[bin_construct_sample_cnt: 200000]
[data_random_seed: 175]
[is_enable_sparse: 1]
[enable_bundle: 1]
[use_missing: 1]
[zero_as_missing: 0]
[feature_pre_filter: 1]
[pre_partition: 0]
[two_round: 0]
[header: 0]
[label_column: ]
[weight_column: ]
[group_column: ]
[ignore_column: ]
[categorical_feature: ]
[forcedbins_filename: ]
[precise_float_parser: 0]
[parser_config_file: ]
[objective_seed: 16083]
[num_class: 1]
[is_unbalance: 0]
[scale_pos_weight: 1]
[sigmoid: 1]
[boost_from_average: 1]
[reg_sqrt: 0]
[alpha: 0.9]
[fair_c: 1]
[poisson_max_delta_step: 0.7]
[tweedie_variance_power: 1.5]
[lambdarank_truncation_level: 30]
[lambdarank_norm: 1]
[label_gain: ]
[lambdarank_position_bias_regularization: 0]
[eval_at: ]
[multi_error_top_k: 1]
[auc_mu_weights: ]
[num_machines: 1]
[local_listen_port: 12400]
[time_out: 120]
[machine_list_filename: ]
[machines: ]
[gpu_platform_id: -1]
[gpu_device_id: -1]
[gpu_device_id_list: ]
[gpu_use_dp: 0]
[num_gpu: 1]

end of parameters

pandas_categorical:null
